watch_id,user_id,show_id,watch_date,watch_duration,rating_given
1,206,293,2024-10-24,26,3
2,331,250,2024-12-26,68,4
3,433,18,2025-06-19,104,5
4,165,317,2025-11-30,139,1
5,464,324,2025-10-24,158,5
6,464,253,2025-10-24,58,2
7,464,2,2025-10-25,149,5
8,464,308,2025-10-25,151,3
9,377,62,2025-07-13,157,2
10,178,108,2025-03-14,15,2
11,178,37,2025-03-14,111,4
12,309,89,2025-08-09,93,3
13,518,101,2025-07-10,116,3
14,544,139,2025-10-26,54,5
15,250,23,2025-11-29,162,2
16,530,318,2025-01-18,135,2
17,99,148,2025-07-04,83,3
18,446,160,2024-03-14,76,3
19,258,273,2025-08-11,125,3
20,399,22,2025-07-01,17,4
21,75,87,2025-05-29,126,2
22,32,303,2025-06-30,24,2
23,383,177,2024-05-24,80,3
24,383,321,2024-05-24,152,5
25,383,56,2024-05-24,102,3
26,383,279,2024-05-24,69,5
27,473,83,2024-03-15,132,5
28,366,99,2024-08-28,112,4
29,366,117,2024-08-28,110,5
30,366,223,2024-08-28,60,5
31,366,336,2024-08-28,163,3
32,492,116,2025-01-02,105,5
33,144,16,2025-10-03,73,5
34,415,347,2024-08-05,38,4
35,298,10,2025-06-06,148,5
36,298,76,2025-06-06,142,5
37,298,76,2025-06-06,115,1
38,298,69,2025-06-06,99,1
39,212,30,2025-02-01,35,2
40,534,157,2024-10-07,116,4
41,80,217,2025-01-20,53,1
42,143,133,2024-08-23,116,4
43,122,213,2024-12-04,152,5
44,23,36,2024-05-10,77,3
45,185,211,2025-02-19,127,4
46,483,105,2024-06-23,93,5
47,524,342,2025-12-03,119,2
48,17,23,2025-05-31,148,4
49,545,350,2024-04-30,64,5
50,442,64,2025-01-14,65,5
51,359,131,2025-12-14,80,3
52,419,297,2024-01-06,96,5
53,324,233,2025-10-29,105,5
54,324,118,2025-10-29,141,4
55,324,320,2025-10-29,51,4
56,408,112,2025-11-06,121,5
57,54,93,2025-10-13,42,2
58,270,259,2024-03-22,106,5
59,59,327,2024-06-28,146,4
60,238,8,2025-11-21,105,5
61,362,55,2025-02-19,106,5
62,357,139,2024-10-10,70,2
63,417,109,2025-07-26,102,5
64,257,224,2025-01-21,128,5
65,29,69,2024-09-21,110,4
66,362,276,2024-01-10,36,2
67,183,54,2024-12-28,27,3
68,205,198,2024-09-04,89,5
69,123,38,2025-11-23,149,3
70,282,103,2025-06-07,124,4
71,34,332,2025-02-07,158,1
72,216,122,2024-04-13,100,3
73,352,119,2024-08-03,127,3
74,135,122,2025-12-03,125,5
75,201,96,2025-04-29,48,4
76,201,302,2025-04-29,142,2
77,201,112,2025-04-29,102,4
78,201,139,2025-04-29,116,4
79,264,294,2025-02-25,153,3
80,179,349,2024-10-18,80,4
81,294,207,2024-05-28,143,2
82,74,208,2024-08-21,104,5
83,74,331,2024-08-21,48,5
84,74,123,2024-08-22,163,3
85,258,88,2025-12-18,130,4
86,27,93,2025-06-20,119,3
87,254,121,2025-03-29,115,5
88,334,331,2025-04-23,145,4
89,446,271,2025-10-16,43,3
90,423,78,2024-01-11,138,1
91,423,310,2024-01-11,125,4
92,423,24,2024-01-11,122,5
93,423,145,2024-01-11,152,4
94,423,153,2024-01-11,100,4
95,279,51,2025-06-28,84,5
96,464,328,2024-07-11,83,3
97,464,254,2024-07-11,81,3
98,464,160,2024-07-11,133,5
99,464,324,2024-07-11,88,2
100,464,19,2024-07-12,94,5
101,464,236,2024-07-12,161,3
102,454,32,2024-02-04,96,4
103,320,221,2024-06-11,151,2
104,370,196,2025-11-13,105,4
105,406,280,2024-01-10,117,4
106,255,304,2025-12-03,115,3
107,255,246,2025-12-03,99,3
108,255,295,2025-12-04,126,5
109,22,146,2025-01-01,107,3
110,502,141,2024-07-10,50,3
111,544,323,2024-09-26,72,5
112,544,269,2024-09-26,78,5
113,544,205,2024-09-26,133,5
114,544,188,2024-09-27,111,2
115,544,22,2024-09-26,23,2
116,33,236,2025-05-12,149,5
117,263,173,2025-09-12,80,2
118,263,268,2025-09-12,41,5
119,60,87,2024-09-29,48,2
120,237,157,2024-07-13,41,5
121,367,98,2025-12-20,113,5
122,547,223,2025-03-29,151,4
123,332,330,2025-07-30,127,2
124,407,189,2024-10-18,98,3
125,407,183,2024-10-18,141,4
126,159,145,2024-12-30,108,2
127,159,345,2024-12-30,162,3
128,159,220,2024-12-30,59,4
129,98,239,2024-11-03,64,2
130,445,5,2024-05-03,39,2
131,537,64,2025-08-01,163,5
132,537,287,2025-08-01,98,2
133,537,81,2025-08-01,130,3
134,537,265,2025-08-01,134,4
135,134,115,2025-05-07,164,4
136,249,252,2024-11-27,111,4
137,249,190,2024-11-27,54,5
138,249,97,2024-11-27,99,1
139,383,345,2024-04-25,67,2
140,383,279,2024-04-25,130,1
141,383,163,2024-04-25,136,5
142,495,36,2025-12-12,106,3
143,278,232,2024-01-09,107,5
144,278,154,2024-01-09,160,2
145,278,287,2024-01-09,95,4
146,278,20,2024-01-09,137,3
147,502,171,2024-06-09,134,3
148,64,137,2025-01-31,120,3
149,90,28,2025-06-17,53,3
150,135,317,2024-05-21,23,3
151,149,247,2025-08-01,93,3
152,150,226,2024-11-22,55,5
153,281,294,2024-04-19,142,4
154,281,162,2024-04-19,80,5
155,281,227,2024-04-19,161,5
156,281,191,2024-04-19,90,3
157,34,291,2024-01-16,19,2
158,450,161,2025-05-16,75,4
159,390,245,2025-02-07,30,3
160,406,41,2024-02-10,120,4
161,293,194,2025-03-08,44,4
162,463,303,2024-04-25,111,4
163,463,278,2024-04-25,95,5
164,463,160,2024-04-25,161,5
165,463,23,2024-04-25,127,5
166,88,14,2025-01-28,112,4
167,154,136,2024-05-28,127,3
168,186,3,2024-07-26,133,3
169,186,349,2024-07-26,154,4
170,420,294,2024-01-07,96,2
171,152,258,2024-02-07,112,5
172,152,196,2024-02-07,106,4
173,152,129,2024-02-07,38,5
174,96,13,2024-11-26,140,2
175,483,173,2024-10-08,77,2
176,483,178,2024-10-08,45,5
177,483,246,2024-10-09,147,5
178,483,175,2024-10-09,86,4
179,509,154,2025-10-09,94,1
180,25,233,2024-04-30,114,4
181,218,87,2025-12-07,111,4
182,218,152,2025-12-07,142,4
183,30,291,2024-07-17,66,1
184,140,160,2025-10-04,41,5
185,58,148,2024-11-02,115,2
186,153,112,2024-02-01,93,4
187,316,220,2024-11-18,127,5
188,310,49,2024-11-05,81,4
189,26,146,2025-05-27,34,4
190,147,209,2024-04-10,136,2
191,319,17,2025-12-04,154,5
192,24,144,2024-11-15,126,5
193,280,247,2024-10-07,139,2
194,327,57,2025-12-22,113,4
195,52,27,2025-11-22,160,4
196,52,274,2025-11-22,112,5
197,52,303,2025-11-22,63,5
198,135,306,2025-04-24,45,3
199,135,346,2025-04-24,116,4
200,135,291,2025-04-24,35,4
201,135,264,2025-04-24,129,5
202,290,282,2025-09-10,35,4
203,73,170,2025-06-29,90,5
204,394,258,2025-12-11,158,2
205,394,15,2025-12-12,51,5
206,394,269,2025-12-12,82,5
207,394,205,2025-12-12,157,5
208,389,37,2025-10-22,151,5
209,151,139,2025-04-08,110,3
210,312,138,2024-12-18,69,3
211,379,235,2024-02-24,16,2
212,404,173,2025-12-29,87,3
213,394,326,2025-03-03,79,3
214,148,292,2025-05-13,159,4
215,436,239,2025-04-10,124,3
216,511,240,2025-05-28,51,3
217,378,338,2025-12-08,64,3
218,378,140,2025-12-08,101,4
219,378,55,2025-12-08,144,3
220,55,277,2025-07-01,123,4
221,302,80,2025-12-12,144,1
222,302,186,2025-12-12,73,3
223,302,290,2025-12-12,32,2
224,288,98,2024-09-20,89,5
225,379,140,2024-09-24,80,5
226,158,341,2025-02-26,143,5
227,354,310,2024-04-28,138,3
228,354,205,2024-04-28,137,5
229,354,308,2024-04-28,137,5
230,43,206,2025-10-14,82,3
231,43,307,2025-10-14,100,5
232,43,169,2025-10-15,158,5
233,43,8,2025-10-15,78,1
234,101,150,2025-12-02,73,5
235,59,109,2025-11-03,23,3
236,190,187,2025-12-13,128,5
237,284,43,2025-12-09,39,4
238,62,128,2024-09-28,152,4
239,148,139,2025-03-17,74,2
240,257,24,2024-01-20,119,3
241,338,213,2025-08-11,163,5
242,72,280,2024-01-04,115,2
243,311,95,2025-10-09,63,5
244,208,236,2024-02-10,158,4
245,87,20,2025-03-24,30,3
246,65,314,2025-10-20,77,4
247,44,271,2024-08-04,29,4
248,38,36,2025-05-15,86,1
249,52,278,2024-04-09,21,1
250,226,321,2025-03-12,85,5
251,226,48,2025-03-12,65,3
252,47,56,2024-05-03,91,4
253,42,319,2025-09-19,92,5
254,42,214,2025-09-19,130,5
255,42,206,2025-09-20,100,5
256,42,36,2025-09-20,133,4
257,91,169,2024-12-22,21,3
258,520,23,2025-10-03,130,4
259,164,102,2024-02-14,148,5
260,465,132,2024-02-23,100,3
261,465,230,2024-02-23,156,5
262,465,109,2024-02-23,100,5
263,465,253,2024-02-23,130,3
264,56,28,2025-09-16,150,4
265,277,71,2024-05-10,129,4
266,176,324,2024-08-13,25,3
267,236,312,2025-05-15,124,5
268,236,228,2025-05-15,145,5
269,236,318,2025-05-15,75,1
270,236,334,2025-05-15,120,4
271,101,194,2024-09-03,97,2
272,303,108,2024-04-02,143,5
273,25,40,2025-04-19,55,4
274,2,327,2024-03-13,104,5
275,213,221,2024-03-23,38,4
276,114,305,2025-04-21,160,5
277,142,175,2024-04-26,28,3
278,231,179,2024-09-30,134,4
279,126,55,2025-06-28,44,2
280,401,73,2024-10-22,89,5
281,534,241,2024-01-24,114,2
282,22,297,2024-03-05,144,2
283,335,76,2025-11-12,25,4
284,233,218,2024-10-22,90,5
285,293,38,2024-06-28,126,3
286,189,171,2025-12-25,139,5
287,547,28,2024-01-26,110,3
288,520,117,2025-12-23,126,2
289,116,222,2024-02-11,98,4
290,95,180,2025-09-14,138,5
291,90,294,2025-02-07,57,4
292,152,84,2025-03-13,127,5
293,90,53,2025-03-30,124,5
294,425,335,2024-05-27,19,4
295,425,236,2024-05-27,151,5
296,425,247,2024-05-27,87,3
297,391,342,2025-05-17,164,2
298,28,347,2024-06-06,106,2
299,504,71,2025-10-22,19,3
300,371,347,2025-08-02,38,4
301,18,111,2024-06-15,104,4
302,365,178,2025-06-26,53,5
303,365,346,2025-06-26,58,5
304,365,195,2025-06-26,138,4
305,148,201,2024-10-15,21,2
306,148,130,2024-10-15,54,5
307,148,335,2024-10-16,159,4
308,148,340,2024-10-16,86,5
309,492,350,2025-12-08,36,1
310,312,317,2024-08-15,96,2
311,312,195,2024-08-15,19,1
312,312,288,2024-08-15,74,5
313,526,39,2025-04-25,82,5
314,211,75,2024-07-23,32,4
315,357,47,2025-05-27,71,4
316,197,133,2024-06-24,160,4
317,190,176,2024-04-19,99,4
318,322,186,2025-06-16,80,2
319,322,84,2025-06-16,109,5
320,322,120,2025-06-16,124,1
321,72,315,2025-05-02,120,4
322,88,121,2025-02-14,95,2
323,88,176,2025-02-14,124,5
324,88,185,2025-02-14,56,5
325,365,28,2025-09-09,85,3
326,510,15,2024-01-31,92,4
327,510,34,2024-01-31,82,5
328,510,221,2024-01-31,129,3
329,510,220,2024-01-31,113,5
330,19,273,2024-05-01,74,3
331,19,231,2024-05-01,25,3
332,19,273,2024-05-02,51,5
333,482,253,2024-06-09,106,3
334,29,9,2024-05-11,36,2
335,439,134,2024-12-31,109,4
336,68,203,2024-04-27,124,4
337,432,95,2025-12-13,111,4
338,501,326,2024-07-29,108,4
339,501,213,2024-07-29,65,2
340,501,101,2024-07-29,108,5
341,501,134,2024-07-30,20,4
342,98,280,2024-10-06,79,3
343,310,130,2024-11-03,149,4
344,185,340,2025-10-04,49,5
345,445,340,2025-10-03,165,5
346,308,57,2025-02-24,122,2
347,294,97,2024-09-19,109,4
348,447,10,2024-02-07,32,4
349,181,45,2024-02-13,78,5
350,417,226,2025-11-18,84,3
351,513,165,2025-06-18,110,2
352,400,123,2024-08-29,43,4
353,58,310,2025-01-18,105,5
354,149,287,2025-01-11,57,5
355,56,306,2024-09-02,157,2
356,243,71,2025-02-01,100,2
357,165,250,2025-10-08,80,4
358,504,66,2025-02-26,103,4
359,361,33,2025-07-14,150,4
360,140,91,2025-10-05,161,5
361,140,96,2025-10-05,122,4
362,328,230,2024-05-16,80,4
363,187,163,2025-01-21,99,5
364,474,288,2025-12-19,81,5
365,175,340,2024-04-30,85,3
366,209,48,2024-09-29,53,3
367,290,28,2024-07-12,103,3
368,462,74,2025-12-01,158,4
369,218,57,2025-12-26,76,3
370,241,236,2024-12-28,57,4
371,43,224,2024-09-23,81,3
372,544,313,2024-11-16,42,3
373,270,228,2024-09-27,63,5
374,451,167,2024-02-25,125,2
375,451,349,2024-02-25,160,3
376,469,186,2024-05-31,62,4
377,280,25,2025-11-10,26,1
378,79,84,2025-05-25,22,3
379,109,310,2024-03-24,104,4
380,6,226,2024-02-14,51,1
381,50,205,2024-02-26,92,2
382,409,81,2024-06-15,125,5
383,409,103,2024-06-15,117,3
384,502,136,2025-02-01,66,4
385,191,125,2025-03-12,157,5
386,508,22,2025-10-24,34,2
387,131,258,2024-11-03,75,4
388,523,255,2024-04-06,144,2
389,516,266,2025-11-08,123,4
390,516,344,2025-11-09,155,4
391,516,201,2025-11-09,26,1
392,516,350,2025-11-09,21,3
393,19,265,2024-01-14,165,4
394,19,240,2024-01-14,158,5
395,19,65,2024-01-14,94,1
396,17,81,2024-07-11,150,5
397,196,40,2024-05-31,159,4
398,196,20,2024-06-01,101,3
399,196,249,2024-06-01,83,5
400,196,281,2024-06-01,144,4
401,196,186,2024-06-01,132,4
402,196,319,2024-06-01,137,1
403,324,333,2025-10-25,37,4
404,447,270,2024-07-15,157,4
405,447,340,2024-07-16,61,5
406,447,313,2024-07-16,164,2
407,484,61,2024-06-14,92,3
408,504,14,2025-05-20,103,4
409,504,282,2025-05-20,17,4
410,504,23,2025-05-20,141,3
411,265,208,2024-12-29,158,4
412,107,83,2025-03-24,83,5
413,43,238,2024-06-20,160,4
414,519,336,2024-04-11,95,4
415,426,201,2024-01-07,80,2
416,425,248,2024-06-04,122,5
417,529,10,2025-01-05,19,1
418,323,17,2024-06-17,24,4
419,60,305,2025-12-31,165,3
420,353,148,2025-06-24,149,5
421,353,249,2025-06-24,108,2
422,353,273,2025-06-24,86,4
423,291,85,2025-06-07,139,4
424,248,14,2024-11-07,150,4
425,127,312,2025-04-04,66,5
426,127,328,2025-04-04,114,3
427,127,96,2025-04-04,164,3
428,336,293,2024-07-16,20,1
429,436,338,2025-05-02,136,5
430,271,213,2025-10-13,67,3
431,518,270,2025-04-13,128,4
432,518,243,2025-04-13,53,5
433,518,238,2025-04-13,136,3
434,518,166,2025-04-13,73,5
435,146,127,2025-03-07,164,3
436,126,87,2024-03-10,113,5
437,487,178,2025-09-12,57,4
438,334,249,2025-11-11,155,5
439,334,61,2025-11-11,73,4
440,334,317,2025-11-12,85,3
441,334,303,2025-11-12,51,4
442,488,77,2024-01-20,96,2
443,455,319,2025-09-13,36,4
444,455,228,2025-09-13,84,5
445,455,214,2025-09-13,81,3
446,455,193,2025-09-13,111,1
447,60,203,2024-04-11,85,2
448,246,290,2025-08-23,32,1
449,476,154,2024-03-08,32,3
450,104,245,2025-07-22,47,3
451,146,345,2024-06-21,70,4
452,297,220,2024-06-20,157,2
453,360,163,2024-08-05,81,4
454,126,174,2025-07-23,35,5
455,351,151,2025-12-25,146,3
456,137,319,2024-01-05,80,5
457,137,15,2024-01-05,155,4
458,137,273,2024-01-05,119,3
459,9,10,2024-07-16,160,4
460,9,177,2024-07-17,161,3
461,9,171,2024-07-17,160,3
462,215,323,2025-02-09,94,5
463,215,113,2025-02-09,165,2
464,215,339,2025-02-09,136,5
465,215,35,2025-02-09,148,3
466,465,212,2025-10-18,32,1
467,465,289,2025-10-18,75,5
468,465,206,2025-10-18,127,3
469,402,252,2024-03-24,27,2
470,319,6,2024-04-09,36,5
471,319,310,2024-04-09,68,2
472,319,165,2024-04-09,146,5
473,319,178,2024-04-09,80,5
474,35,316,2025-12-11,108,4
475,443,276,2024-02-27,122,2
476,443,4,2024-02-27,124,5
477,443,237,2024-02-27,65,1
478,443,164,2024-02-27,71,4
479,70,260,2024-07-17,149,4
480,249,155,2024-03-02,34,3
481,249,37,2024-03-02,147,4
482,378,329,2025-06-14,114,3
483,206,280,2024-07-25,129,4
484,340,47,2024-12-09,17,3
485,4,161,2025-12-10,112,5
486,385,166,2024-07-07,88,3
487,200,211,2025-01-03,103,5
488,348,336,2024-09-08,16,4
489,141,307,2024-04-23,117,5
490,540,73,2025-09-30,23,4
491,197,198,2025-12-12,148,4
492,549,208,2024-06-01,135,5
493,501,43,2024-03-24,152,5
494,384,221,2025-04-20,133,4
495,411,101,2025-08-20,40,3
496,436,153,2025-08-08,80,2
497,532,207,2025-08-20,125,4
498,510,182,2024-01-26,80,3
499,510,61,2024-01-26,99,2
500,510,14,2024-01-26,95,5
501,510,226,2024-01-26,69,3
502,510,34,2024-01-27,62,4
503,510,251,2024-01-26,114,5
504,414,219,2025-11-02,120,3
505,215,207,2025-06-12,94,2
506,428,74,2025-04-05,15,3
507,364,149,2025-03-11,72,3
508,364,74,2025-03-11,36,4
509,364,259,2025-03-12,120,1
510,364,146,2025-03-12,127,5
511,364,112,2025-03-12,92,1
512,364,289,2025-03-12,78,5
513,396,275,2024-08-26,71,3
514,421,321,2024-04-23,96,2
515,211,94,2025-12-27,161,5
516,283,350,2024-05-26,112,5
517,503,275,2025-08-12,161,5
518,401,263,2024-06-28,154,3
519,98,185,2024-02-14,107,3
520,69,247,2024-08-10,19,3
521,517,49,2025-04-06,151,5
522,473,202,2025-02-12,87,3
523,476,274,2024-03-10,105,5
524,175,328,2025-09-13,79,5
525,12,29,2024-06-06,97,4
526,49,314,2025-06-19,76,5
527,207,233,2025-01-18,36,5
528,65,212,2024-04-08,111,3
529,195,101,2025-07-08,92,1
530,324,180,2025-04-14,75,2
531,324,144,2025-04-14,83,5
532,324,330,2025-04-14,102,5
533,324,236,2025-04-14,64,5
534,341,43,2025-12-05,144,4
535,524,219,2024-08-26,100,5
536,250,130,2024-03-02,152,1
537,455,33,2024-12-02,41,5
538,296,271,2024-08-22,57,5
539,228,51,2024-11-25,94,2
540,145,133,2024-05-08,124,5
541,319,165,2024-07-21,127,5
542,207,112,2025-05-07,134,4
543,444,39,2025-05-08,34,3
544,157,125,2024-06-28,147,4
545,342,5,2024-07-19,162,4
546,342,292,2024-07-19,165,4
547,342,51,2024-07-19,22,3
548,167,226,2025-03-22,132,3
549,378,79,2025-10-28,116,5
550,29,331,2025-10-22,101,4
551,166,318,2025-10-21,94,5
552,166,233,2025-10-21,134,5
553,392,242,2025-02-25,165,3
554,408,250,2025-05-18,106,5
555,408,232,2025-05-18,95,4
556,515,113,2025-04-06,31,4
557,419,61,2025-10-01,85,3
558,351,3,2025-05-04,70,3
559,351,12,2025-05-05,70,2
560,533,269,2024-09-29,157,5
561,323,260,2025-01-04,82,1
562,412,227,2024-05-22,63,5
563,378,67,2025-12-03,67,3
564,369,276,2024-11-29,80,4
565,488,294,2025-12-17,136,5
566,517,247,2024-03-30,127,5
567,517,303,2024-03-30,91,5
568,517,22,2024-03-30,161,1
569,517,228,2024-03-31,105,2
570,517,277,2024-03-31,22,4
571,517,349,2024-03-31,36,4
572,67,288,2025-01-21,103,2
573,90,257,2025-08-29,110,5
574,90,3,2025-08-29,138,3
575,90,114,2025-08-29,66,5
576,130,312,2025-09-08,107,5
577,512,346,2024-05-30,17,3
578,317,332,2025-12-06,97,3
579,386,184,2024-06-05,92,5
580,386,225,2024-06-05,90,5
581,386,224,2024-06-05,114,5
582,401,194,2024-10-16,82,1
583,401,52,2024-10-16,34,3
584,401,78,2024-10-16,107,5
585,401,99,2024-10-17,116,5
586,105,126,2024-05-31,115,5
587,184,117,2024-04-30,101,1
588,247,251,2024-11-05,57,5
589,475,254,2025-10-27,84,2
590,501,311,2025-06-05,165,2
591,186,63,2025-10-22,138,3
592,21,278,2025-07-03,153,2
593,213,157,2024-04-30,110,2
594,132,61,2024-03-30,116,5
595,176,270,2025-11-04,57,4
596,144,142,2025-06-19,75,3
597,193,103,2024-05-17,79,4
598,193,181,2024-05-17,128,2
599,193,114,2024-05-17,138,3
600,193,185,2024-05-17,94,5
601,524,196,2025-03-05,147,2
602,277,70,2025-12-01,64,3
603,277,104,2025-12-01,118,5
604,228,302,2024-06-28,159,3
605,228,82,2024-06-28,76,3
606,399,143,2025-11-25,161,3
607,130,268,2025-08-04,58,3
608,469,221,2025-04-24,99,2
609,469,127,2025-04-24,69,1
610,469,161,2025-04-24,143,2
611,469,156,2025-04-25,71,5
612,469,155,2025-04-25,131,4
613,546,282,2025-02-19,124,5
614,354,121,2025-11-08,63,4
615,231,33,2025-01-10,91,4
616,116,109,2025-11-26,107,3
617,3,272,2024-08-10,17,4
618,500,47,2025-09-22,162,3
619,500,32,2025-09-23,80,4
620,158,167,2025-05-14,117,2
621,439,193,2025-07-03,87,2
622,445,103,2024-07-22,112,5
623,445,169,2024-07-22,155,5
624,445,349,2024-07-22,157,5
625,445,265,2024-07-22,164,5
626,399,1,2024-01-22,76,5
627,399,348,2024-01-22,131,3
628,498,165,2024-09-10,31,4
629,498,263,2024-09-10,83,5
630,498,129,2024-09-10,52,5
631,153,67,2024-05-15,72,4
632,94,64,2025-06-21,131,2
633,438,331,2024-11-07,101,3
634,49,173,2024-01-01,147,2
635,190,32,2025-05-18,140,5
636,134,102,2025-01-05,83,2
637,124,163,2024-07-16,162,4
638,124,149,2024-07-17,86,1
639,124,141,2024-07-17,69,5
640,124,171,2024-07-17,150,5
641,447,103,2025-06-20,142,2
642,447,128,2025-06-20,46,3
643,447,57,2025-06-20,135,2
644,400,339,2024-10-05,71,5
645,526,211,2025-12-25,85,1
646,47,103,2025-10-16,18,4
647,255,287,2024-04-28,160,5
648,271,272,2025-02-22,115,2
649,287,253,2024-01-17,150,5
650,212,335,2024-10-02,127,3
651,445,157,2025-05-05,27,3
652,185,336,2024-01-22,94,1
653,74,103,2025-04-10,15,3
654,387,29,2024-04-22,80,2
655,14,95,2024-01-10,95,2
656,455,33,2024-11-10,150,4
657,22,250,2024-04-15,98,1
658,438,193,2024-12-27,161,4
659,116,150,2024-04-22,112,1
660,87,224,2025-09-11,124,3
661,309,349,2024-10-20,103,5
662,79,124,2024-06-01,45,5
663,116,37,2024-10-12,37,3
664,435,161,2025-02-27,133,3
665,505,184,2025-01-28,116,1
666,18,260,2025-04-30,64,5
667,302,159,2025-07-18,22,4
668,147,83,2024-01-27,131,5
669,162,258,2024-05-24,24,4
670,162,78,2024-05-24,108,4
671,162,245,2024-05-24,71,3
672,160,244,2024-02-02,128,4
673,160,334,2024-02-02,124,5
674,160,65,2024-02-02,86,5
675,160,14,2024-02-02,165,5
676,80,259,2025-04-24,76,5
677,435,251,2024-04-21,100,3
678,110,345,2024-11-12,80,5
679,110,311,2024-11-12,76,3
680,110,24,2024-11-12,40,3
681,323,224,2024-12-30,47,2
682,154,312,2025-05-03,20,4
683,154,118,2025-05-03,88,5
684,154,334,2025-05-03,53,5
685,350,273,2025-01-03,148,3
686,350,175,2025-01-03,21,3
687,350,144,2025-01-04,66,5
688,90,77,2025-04-10,116,2
689,73,209,2025-04-16,22,4
690,500,78,2025-02-14,149,5
691,500,192,2025-02-14,103,5
692,500,17,2025-02-15,18,3
693,251,127,2025-07-28,121,4
694,229,271,2024-04-05,21,1
695,111,230,2025-03-19,46,3
696,488,148,2024-02-09,146,5
697,488,268,2024-02-09,130,3
698,488,16,2024-02-09,42,3
699,181,274,2024-10-07,97,5
700,181,41,2024-10-07,42,4
701,305,85,2024-12-23,158,4
702,11,175,2025-09-03,155,5
703,325,262,2024-05-31,70,5
704,325,301,2024-06-01,151,5
705,325,142,2024-06-01,41,5
706,171,291,2024-08-09,38,4
707,17,275,2024-11-10,115,5
708,437,263,2024-12-09,146,3
709,447,177,2025-11-06,69,2
710,90,233,2024-04-16,149,5
711,103,262,2025-05-30,128,4
712,118,209,2025-04-25,56,3
713,406,122,2024-08-17,65,5
714,406,24,2024-08-17,17,1
715,406,100,2024-08-17,67,5
716,326,205,2025-08-08,120,5
717,440,126,2025-02-03,160,4
718,440,295,2025-02-03,68,5
719,440,126,2025-02-03,81,1
720,440,295,2025-02-03,73,4
721,81,216,2024-01-26,98,3
722,549,75,2025-01-22,72,5
723,106,157,2024-04-19,116,5
724,106,83,2024-04-19,41,2
725,106,22,2024-04-19,118,4
726,462,269,2024-01-11,113,5
727,496,141,2025-09-06,147,1
728,24,118,2024-06-05,98,2
729,130,211,2025-05-08,46,4
730,410,208,2024-09-13,145,3
731,211,208,2025-05-14,83,4
732,440,13,2024-12-27,74,5
733,260,77,2024-10-27,93,4
734,75,44,2025-01-15,71,3
735,219,214,2024-11-25,97,2
736,285,281,2025-11-18,35,4
737,203,196,2025-05-20,91,3
738,393,24,2024-01-22,86,5
739,413,51,2025-06-24,123,5
740,413,216,2025-06-24,110,4
741,413,190,2025-06-24,46,5
742,413,47,2025-06-24,149,1
743,230,288,2024-05-22,94,3
744,230,328,2024-05-22,18,1
745,45,246,2024-03-17,159,3
746,45,245,2024-03-17,88,5
747,45,292,2024-03-17,85,3
748,247,341,2025-11-08,103,5
749,85,302,2024-09-05,155,3
750,395,297,2024-04-17,63,5
751,465,268,2025-05-31,54,4
752,410,83,2024-10-11,83,5
753,247,297,2024-07-10,85,5
754,247,196,2024-07-10,134,4
755,247,209,2024-07-10,76,5
756,433,333,2024-07-12,157,2
757,255,60,2024-02-24,98,5
758,415,183,2024-04-13,96,2
759,295,345,2024-10-21,164,3
760,245,307,2025-11-28,57,4
761,343,3,2024-03-19,130,3
762,343,104,2024-03-19,72,4
763,343,313,2024-03-19,91,4
764,97,197,2024-12-09,116,4
765,97,190,2024-12-10,136,4
766,97,348,2024-12-10,157,3
767,97,117,2024-12-10,57,5
768,366,70,2024-09-07,39,5
769,281,235,2025-04-05,145,2
770,283,288,2024-02-12,114,3
771,9,338,2025-12-02,155,3
772,499,214,2024-10-28,76,4
773,6,179,2025-11-07,134,5
774,159,128,2025-12-31,80,2
775,33,256,2024-12-29,82,5
776,310,103,2024-06-26,31,1
777,205,307,2024-03-28,125,1
778,540,218,2024-11-16,44,1
779,28,190,2025-03-07,135,4
780,301,312,2024-05-08,77,3
781,301,47,2024-05-08,107,3
782,301,42,2024-05-09,58,4
783,55,349,2025-06-12,156,5
784,159,293,2024-11-14,70,3
785,124,254,2024-04-16,85,2
786,496,254,2024-08-28,85,4
787,23,115,2025-11-04,107,5
788,505,233,2025-01-30,128,2
789,399,235,2024-02-04,162,2
790,399,112,2024-02-04,134,3
791,399,253,2024-02-05,153,1
792,348,87,2024-05-23,152,3
793,484,242,2024-07-03,121,2
794,31,349,2024-06-11,111,5
795,243,172,2025-01-28,165,2
796,243,168,2025-01-29,26,1
797,461,300,2025-10-14,95,5
798,445,83,2024-07-15,87,5
799,369,296,2025-08-04,137,4
800,213,103,2025-04-30,124,5
801,73,104,2024-05-10,112,1
802,297,301,2024-09-14,106,2
803,248,109,2025-09-17,103,5
804,34,52,2024-09-24,163,2
805,64,196,2024-03-15,80,4
806,491,270,2024-10-04,125,4
807,234,273,2024-01-27,72,4
808,234,236,2024-01-27,159,4
809,142,196,2025-09-22,99,2
810,142,196,2025-09-22,66,5
811,142,1,2025-09-23,77,2
812,130,145,2024-10-16,120,4
813,126,217,2024-03-19,29,3
814,310,270,2025-07-18,159,4
815,107,76,2025-12-23,29,2
816,107,23,2025-12-24,88,1
817,107,209,2025-12-24,22,1
818,107,180,2025-12-24,108,4
819,107,141,2025-12-24,133,1
820,107,139,2025-12-24,118,3
821,442,119,2025-11-07,147,5
822,345,226,2024-09-25,124,5
823,59,150,2025-07-20,49,2
824,532,134,2025-01-25,32,3
825,281,33,2025-07-09,104,5
826,281,248,2025-07-09,85,2
827,281,197,2025-07-09,129,1
828,281,11,2025-07-09,141,3
829,60,228,2024-03-22,103,5
830,283,97,2025-05-21,76,3
831,40,305,2025-06-02,161,5
832,264,59,2025-07-07,84,4
833,264,203,2025-07-07,157,4
834,264,318,2025-07-07,111,4
835,369,94,2025-02-21,117,1
836,154,230,2024-01-27,164,4
837,353,239,2025-01-22,20,4
838,230,297,2025-08-11,130,5
839,533,64,2024-10-02,116,3
840,323,281,2024-04-28,141,4
841,371,69,2025-09-11,23,4
842,251,186,2025-02-21,80,4
843,518,169,2025-08-12,128,1
844,124,301,2025-12-29,16,4
845,75,194,2025-02-01,107,2
846,75,160,2025-02-01,83,5
847,75,226,2025-02-02,127,5
848,75,298,2025-02-02,59,2
849,188,278,2025-08-26,153,2
850,329,144,2025-06-04,142,4
851,538,322,2025-03-12,17,4
852,216,108,2024-10-11,132,4
853,174,141,2024-09-22,140,5
854,173,336,2025-07-06,106,5
855,173,321,2025-07-06,128,3
856,113,202,2024-05-02,32,4
857,120,85,2024-03-21,128,5
858,526,298,2024-03-16,65,3
859,195,165,2025-11-07,98,5
860,272,28,2025-05-11,81,5
861,220,267,2025-05-17,118,5
862,220,242,2025-05-17,93,5
863,238,259,2025-11-15,131,2
864,225,212,2025-03-05,110,5
865,225,244,2025-03-06,131,5
866,225,294,2025-03-06,73,2
867,520,172,2025-02-22,120,4
868,436,160,2024-02-25,34,3
869,227,237,2024-06-19,72,5
870,22,329,2024-04-02,136,3
871,549,186,2024-06-09,117,3
872,221,297,2024-01-14,132,1
873,290,23,2024-08-23,56,4
874,277,262,2024-03-19,139,4
875,156,190,2025-02-04,135,5
876,156,139,2025-02-04,153,4
877,156,196,2025-02-04,122,4
878,156,332,2025-02-04,118,1
879,509,2,2025-01-16,43,4
880,112,75,2024-12-06,96,5
881,502,213,2024-03-26,142,5
882,61,117,2024-09-15,142,4
883,6,145,2024-08-02,131,4
884,84,10,2025-03-11,85,3
885,449,121,2024-04-26,46,2
886,429,208,2025-03-21,117,3
887,170,243,2025-06-19,130,4
888,339,277,2024-05-18,92,3
889,69,66,2024-01-06,82,2
890,480,134,2024-03-09,94,3
891,437,172,2024-11-09,154,1
892,157,48,2024-10-13,152,5
893,157,344,2024-10-13,164,5
894,485,105,2024-08-25,70,2
895,485,11,2024-08-25,126,2
896,485,87,2024-08-25,30,3
897,387,338,2025-12-24,147,5
898,171,124,2024-10-11,102,5
899,446,245,2024-07-01,163,4
900,196,99,2024-01-11,112,2
901,378,180,2025-05-29,75,5
902,260,277,2024-02-28,132,3
903,107,103,2025-09-19,85,2
904,107,46,2025-09-19,139,3
905,107,35,2025-09-19,69,5
906,174,326,2025-08-23,155,5
907,67,116,2025-05-28,147,3
908,518,217,2025-10-12,142,5
909,89,157,2025-04-19,110,3
910,21,13,2024-01-11,101,3
911,196,129,2024-11-13,110,4
912,193,153,2024-06-30,144,4
913,193,297,2024-06-30,58,4
914,193,266,2024-06-30,138,4
915,193,196,2024-06-30,157,4
916,213,142,2025-05-30,103,1
917,119,344,2025-10-08,118,5
918,35,121,2024-04-17,113,3
919,103,157,2025-01-01,148,4
920,446,237,2025-04-29,108,1
921,240,180,2025-06-03,73,3
922,171,111,2025-09-03,76,5
923,317,125,2024-05-24,95,5
924,309,75,2024-07-08,157,4
925,384,135,2024-12-18,130,5
926,384,170,2024-12-18,39,1
927,137,57,2024-10-16,164,5
928,28,232,2025-09-15,70,4
929,408,190,2024-05-21,119,5
930,436,30,2024-11-14,41,1
931,408,31,2025-04-21,66,5
932,165,289,2025-08-11,40,4
933,56,308,2025-10-11,130,3
934,56,268,2025-10-11,42,3
935,56,315,2025-10-11,113,5
936,56,172,2025-10-11,148,5
937,56,11,2025-10-11,85,5
938,472,291,2025-09-05,16,3
939,184,182,2025-03-03,115,5
940,545,74,2024-09-11,133,4
941,282,297,2025-04-14,79,2
942,40,341,2025-10-15,151,5
943,433,61,2024-07-07,22,4
944,268,238,2025-09-22,125,2
945,191,54,2025-11-18,70,4
946,20,287,2025-11-03,35,2
947,231,293,2024-08-14,52,4
948,231,328,2024-08-14,141,1
949,231,179,2024-08-14,129,5
950,511,291,2025-11-20,80,5
951,511,179,2025-11-20,137,4
952,511,160,2025-11-21,73,3
953,511,269,2025-11-21,123,5
954,24,96,2024-10-17,85,2
955,224,259,2024-04-23,97,2
956,286,223,2025-01-06,120,2
957,414,276,2025-04-05,112,4
958,177,281,2024-04-10,73,4
959,142,134,2024-03-23,130,5
960,380,62,2025-10-31,44,4
961,380,129,2025-10-31,27,1
962,380,2,2025-11-01,128,3
963,380,145,2025-11-01,129,4
964,114,43,2024-12-05,58,5
965,533,71,2025-01-29,85,5
966,547,84,2025-03-25,162,5
967,373,32,2025-10-06,63,4
968,115,145,2025-01-10,103,2
969,76,167,2025-12-27,126,3
970,462,327,2025-08-31,117,4
971,299,192,2025-08-04,158,2
972,299,283,2025-08-04,99,1
973,299,190,2025-08-04,103,4
974,299,297,2025-08-04,91,5
975,160,301,2025-05-28,91,5
976,494,152,2025-01-23,98,1
977,123,182,2024-12-31,165,5
978,537,83,2024-07-26,78,3
979,548,257,2025-07-04,102,5
980,188,261,2025-10-28,147,3
981,285,128,2024-03-06,144,4
982,285,33,2024-03-06,19,2
983,120,128,2025-05-02,142,1
984,441,164,2024-04-24,128,5
985,258,207,2025-09-07,106,5
986,307,225,2024-12-15,93,4
987,307,227,2024-12-15,92,2
988,307,225,2024-12-15,43,4
989,307,313,2024-12-15,83,5
990,219,21,2024-11-08,148,3
991,159,108,2024-07-15,111,5
992,486,146,2025-03-02,34,1
993,314,158,2024-12-28,15,4
994,414,20,2024-12-28,96,3
995,414,232,2024-12-28,118,3
996,414,169,2024-12-28,134,4
997,414,60,2024-12-28,162,4
998,414,131,2024-12-29,17,4
999,414,349,2024-12-28,147,4
1000,61,186,2024-12-16,165,2
1001,61,341,2024-12-16,24,2
1002,61,305,2024-12-16,111,4
1003,61,80,2024-12-17,107,3
1004,144,274,2025-12-29,26,2
1005,144,268,2025-12-29,160,3
1006,144,9,2025-12-29,122,4
1007,144,58,2025-12-30,135,2
1008,448,186,2025-05-31,78,5
1009,95,65,2024-04-25,54,5
1010,196,81,2025-03-17,93,5
1011,348,278,2025-12-10,119,1
1012,231,291,2024-06-03,128,5
1013,206,346,2025-08-11,88,1
1014,186,235,2025-09-08,110,5
1015,186,62,2025-09-08,104,3
1016,186,260,2025-09-08,126,1
1017,186,6,2025-09-08,69,4
1018,390,344,2025-02-12,92,3
1019,390,140,2025-02-12,96,2
1020,390,168,2025-02-12,35,4
1021,216,73,2025-06-03,70,4
1022,431,313,2024-04-12,153,2
1023,87,143,2025-02-03,111,1
1024,255,219,2024-05-11,96,5
1025,255,100,2024-05-11,90,4
1026,255,327,2024-05-11,66,5
1027,374,150,2024-04-22,103,5
1028,30,210,2024-12-05,122,1
1029,387,260,2025-06-21,123,5
1030,116,245,2025-04-20,66,3
1031,319,171,2024-09-20,82,4
1032,201,66,2024-05-26,148,2
1033,201,123,2024-05-26,112,5
1034,201,185,2024-05-26,35,4
1035,201,175,2024-05-26,17,4
1036,395,33,2024-07-21,25,3
1037,12,265,2025-05-10,44,5
1038,451,116,2025-11-02,132,4
1039,451,88,2025-11-02,63,4
1040,451,238,2025-11-02,139,2
1041,233,96,2024-04-23,127,4
1042,85,290,2025-05-31,157,2
1043,18,327,2024-12-28,38,3
1044,544,177,2024-04-12,63,5
1045,544,269,2024-04-12,32,1
1046,544,176,2024-04-12,136,5
1047,544,245,2024-04-12,108,1
1048,258,177,2025-11-15,18,3
1049,144,281,2024-09-05,101,5
1050,144,206,2024-09-05,22,4
1051,144,81,2024-09-06,156,3
1052,144,109,2024-09-06,83,5
1053,483,226,2025-03-24,79,5
1054,350,109,2024-02-11,144,1
1055,499,287,2024-08-18,30,3
1056,507,208,2025-03-18,105,5
1057,521,302,2024-12-31,98,4
1058,521,21,2024-12-31,46,4
1059,521,273,2024-12-31,155,2
1060,521,278,2024-12-31,21,3
1061,521,170,2024-12-31,160,5
1062,432,283,2024-02-10,136,1
1063,409,173,2025-10-05,150,5
1064,102,318,2025-02-26,157,4
1065,255,143,2024-11-28,28,2
1066,255,223,2024-11-29,114,4
1067,255,302,2024-11-29,115,4
1068,234,276,2024-11-09,151,3
1069,392,218,2025-12-25,90,5
1070,331,329,2025-08-18,49,3
1071,331,57,2025-08-18,161,4
1072,415,111,2024-05-29,164,5
1073,301,36,2024-03-25,155,5
1074,27,245,2025-12-12,24,1
1075,250,329,2025-09-18,27,3
1076,532,232,2025-10-04,42,4
1077,241,170,2024-12-31,86,2
1078,520,120,2025-07-02,159,3
1079,230,289,2025-08-11,91,1
1080,460,28,2024-02-28,78,5
1081,283,96,2024-01-29,127,3
1082,312,174,2024-05-27,115,4
1083,312,43,2024-05-27,122,3
1084,312,104,2024-05-28,26,4
1085,312,330,2024-05-28,112,2
1086,312,257,2024-05-28,39,4
1087,312,320,2024-05-28,26,1
1088,364,244,2024-09-15,152,5
1089,364,66,2024-09-16,147,2
1090,364,193,2024-09-16,70,5
1091,364,10,2024-09-16,73,5
1092,364,119,2024-09-16,92,3
1093,364,98,2024-09-16,114,2
1094,159,335,2025-08-10,47,3
1095,456,345,2025-07-04,157,1
1096,456,299,2025-07-04,147,3
1097,346,109,2025-11-05,113,3
1098,145,217,2025-05-17,45,5
1099,102,175,2024-04-03,120,5
1100,206,263,2024-05-18,80,4
1101,504,188,2025-05-10,77,4
1102,504,15,2025-05-10,62,5
1103,504,199,2025-05-11,73,1
1104,504,62,2025-05-11,18,4
1105,445,332,2025-06-20,21,3
1106,191,289,2025-12-30,148,1
1107,391,161,2025-12-06,68,3
1108,182,165,2025-01-15,124,5
1109,318,212,2025-10-31,105,5
1110,195,317,2025-05-14,127,2
1111,229,19,2024-04-28,91,5
1112,229,291,2024-04-28,40,3
1113,229,335,2024-04-28,85,4
1114,207,11,2025-07-22,84,3
1115,398,119,2025-12-11,126,4
1116,43,203,2025-05-30,89,4
1117,257,14,2024-12-24,107,3
1118,231,35,2024-07-18,101,4
1119,295,22,2024-05-26,72,4
1120,174,47,2024-11-25,118,1
1121,60,178,2025-08-03,79,1
1122,488,236,2025-10-22,30,4
1123,257,37,2025-10-13,116,2
1124,294,166,2024-06-27,108,1
1125,471,242,2025-07-08,41,5
1126,472,152,2025-03-30,162,4
1127,252,287,2024-07-14,50,5
1128,419,23,2024-11-10,108,5
1129,423,288,2024-12-11,16,4
1130,423,113,2024-12-11,58,4
1131,423,135,2024-12-11,27,2
1132,423,64,2024-12-11,132,3
1133,544,35,2025-11-23,18,2
1134,93,128,2024-12-31,38,5
1135,324,144,2025-05-01,25,4
1136,156,295,2024-05-01,105,5
1137,256,36,2025-11-10,45,4
1138,175,157,2025-08-23,46,5
1139,353,190,2024-03-28,89,2
1140,202,45,2024-11-24,133,1
1141,428,9,2025-01-08,91,2
1142,245,206,2024-09-26,57,4
1143,83,177,2024-02-02,72,2
1144,205,143,2025-01-24,116,5
1145,435,147,2024-12-16,80,5
1146,87,66,2024-11-22,117,1
1147,243,201,2024-03-18,19,2
1148,472,103,2024-12-04,20,2
1149,94,223,2024-08-03,130,5
1150,94,146,2024-08-03,130,3
1151,94,301,2024-08-03,93,4
1152,94,147,2024-08-03,139,4
1153,194,199,2025-12-20,25,3
1154,304,216,2025-06-02,70,5
1155,258,260,2024-06-14,149,5
1156,441,89,2025-04-01,38,5
1157,441,337,2025-04-01,163,5
1158,441,296,2025-04-01,133,3
1159,441,247,2025-04-01,145,3
1160,362,249,2025-04-17,44,2
1161,146,324,2025-01-29,150,1
1162,375,62,2024-06-25,130,1
1163,375,2,2024-06-25,108,5
1164,375,180,2024-06-25,147,3
1165,375,116,2024-06-25,18,3
1166,109,137,2025-12-23,66,3
1167,109,337,2025-12-24,113,5
1168,109,284,2025-12-24,86,4
1169,109,179,2025-12-24,86,4
1170,109,39,2025-12-24,123,2
1171,335,151,2024-11-16,59,3
1172,131,198,2025-10-09,46,4
1173,20,151,2024-04-07,129,4
1174,273,52,2024-07-16,151,1
1175,273,269,2024-07-16,104,5
1176,273,152,2024-07-16,27,4
1177,193,286,2024-05-03,134,3
1178,386,188,2024-01-12,152,5
1179,81,77,2024-05-31,110,2
1180,281,28,2025-09-13,22,1
1181,335,191,2025-01-12,125,3
1182,406,158,2025-09-19,135,2
1183,136,77,2024-03-10,81,5
1184,366,276,2025-02-26,123,5
1185,406,53,2025-07-15,31,2
1186,58,184,2025-07-25,98,5
1187,157,178,2024-05-20,135,5
1188,505,12,2025-07-17,132,1
1189,505,240,2025-07-17,25,3
1190,505,3,2025-07-17,149,3
1191,505,270,2025-07-17,95,5
1192,505,67,2025-07-17,40,2
1193,505,7,2025-07-17,153,5
1194,416,133,2024-04-25,62,4
1195,220,120,2024-11-06,68,3
1196,524,132,2024-08-09,162,3
1197,524,287,2024-08-09,132,3
1198,293,8,2025-11-14,76,5
1199,281,101,2025-01-25,124,5
1200,382,299,2025-10-31,103,2
1201,382,309,2025-10-31,151,4
1202,382,20,2025-10-31,45,3
1203,116,175,2025-04-11,158,3
1204,116,193,2025-04-11,133,4
1205,477,251,2024-01-14,106,5
1206,208,254,2024-01-25,153,1
1207,446,301,2025-12-20,116,2
1208,377,119,2025-04-28,88,3
1209,356,92,2025-08-17,156,5
1210,507,141,2025-02-21,115,5
1211,462,335,2024-06-17,113,4
1212,164,255,2025-08-10,123,4
1213,514,108,2025-06-16,160,5
1214,501,249,2025-01-17,165,4
1215,501,59,2025-01-17,128,3
1216,501,99,2025-01-18,134,5
1217,501,39,2025-01-18,30,4
1218,311,2,2025-07-08,96,3
1219,74,24,2024-05-01,113,4
1220,74,263,2024-05-01,131,5
1221,74,349,2024-05-01,114,1
1222,485,287,2025-07-05,157,4
1223,28,65,2025-05-14,161,5
1224,97,17,2024-12-11,160,4
1225,222,326,2024-04-07,134,4
1226,515,46,2024-10-08,159,3
1227,179,201,2024-10-27,89,5
1228,79,321,2025-05-12,92,5
1229,45,283,2024-08-16,126,5
1230,119,324,2024-05-15,160,4
1231,119,83,2024-05-15,105,4
1232,433,316,2024-09-26,23,1
1233,433,311,2024-09-26,127,5
1234,383,305,2025-11-03,88,3
1235,401,208,2025-06-06,108,5
1236,401,161,2025-06-06,97,3
1237,487,57,2024-08-07,135,3
1238,70,212,2024-03-15,98,5
1239,417,67,2024-02-13,117,4
1240,417,134,2024-02-13,45,4
1241,417,262,2024-02-14,55,1
1242,534,60,2024-03-17,88,5
1243,41,160,2025-02-06,53,3
1244,316,332,2025-04-26,157,4
1245,141,287,2024-04-03,150,3
1246,278,228,2025-08-31,94,2
1247,314,114,2024-12-09,148,5
1248,143,232,2025-12-05,111,3
1249,474,215,2024-06-26,146,5
1250,346,220,2025-10-25,142,4
1251,350,259,2024-09-15,102,5
1252,350,156,2024-09-15,47,4
1253,350,33,2024-09-15,132,4
1254,488,268,2024-11-16,18,1
1255,72,330,2025-07-15,96,1
1256,62,184,2025-10-01,143,5
1257,62,166,2025-10-01,72,3
1258,62,134,2025-10-01,67,4
1259,18,63,2024-04-03,29,2
1260,170,190,2024-08-13,146,5
1261,457,314,2024-04-12,119,5
1262,390,297,2024-07-29,133,3
1263,390,124,2024-07-30,88,5
1264,390,236,2024-07-30,28,2
1265,362,310,2024-09-11,142,3
1266,67,191,2024-01-23,162,4
1267,435,71,2024-12-22,98,5
1268,435,338,2024-12-22,74,5
1269,435,251,2024-12-22,90,2
1270,52,28,2025-06-21,93,3
1271,320,46,2024-03-09,164,3
1272,482,99,2024-06-20,78,4
1273,276,243,2024-07-02,138,5
1274,252,313,2024-11-29,77,4
1275,172,232,2024-05-15,44,3
1276,172,31,2024-05-15,151,4
1277,44,333,2024-05-19,50,4
1278,44,312,2024-05-19,37,5
1279,44,259,2024-05-19,122,3
1280,512,144,2024-07-30,122,2
1281,512,16,2024-07-30,72,3
1282,151,249,2025-08-27,99,5
1283,259,245,2025-04-22,76,2
1284,150,139,2024-04-13,153,5
1285,80,335,2024-12-29,115,2
1286,318,206,2024-06-18,97,5
1287,381,211,2024-12-08,136,4
1288,381,349,2024-12-09,17,2
1289,381,210,2024-12-09,89,5
1290,387,147,2025-03-26,105,4
1291,43,281,2024-05-16,24,3
1292,43,148,2024-05-16,25,4
1293,272,56,2024-03-08,84,1
1294,471,143,2024-12-16,164,3
1295,335,299,2025-11-14,72,4
1296,279,176,2025-06-05,34,3
1297,264,286,2025-07-22,89,5
1298,264,155,2025-07-22,121,4
1299,340,203,2024-06-15,42,4
1300,340,250,2024-06-16,36,5
1301,340,134,2024-06-16,46,5
1302,340,133,2024-06-16,100,3
1303,169,61,2025-08-30,15,2
1304,169,70,2025-08-31,66,5
1305,169,52,2025-08-31,74,2
1306,169,171,2025-08-31,159,2
1307,169,38,2025-08-31,36,2
1308,85,279,2025-09-21,67,5
1309,111,74,2025-09-22,103,3
1310,111,138,2025-09-22,98,3
1311,111,237,2025-09-22,130,5
1312,111,325,2025-09-22,160,5
1313,111,165,2025-09-22,34,4
1314,216,344,2024-06-01,83,5
1315,130,95,2024-03-16,131,4
1316,126,310,2025-11-15,90,4
1317,354,275,2024-09-15,65,3
1318,354,96,2024-09-15,160,4
1319,323,108,2025-08-03,132,4
1320,343,141,2024-05-23,93,4
1321,10,237,2025-12-29,134,3
1322,152,140,2025-11-05,148,3
1323,41,218,2025-08-28,72,2
1324,65,120,2025-03-03,145,2
1325,272,202,2025-10-29,137,3
1326,228,19,2025-02-10,49,5
1327,427,18,2025-10-17,28,3
1328,427,304,2025-10-17,39,4
1329,427,328,2025-10-17,157,4
1330,427,170,2025-10-18,82,2
1331,265,114,2024-10-26,116,2
1332,296,47,2025-07-09,30,1
1333,277,307,2024-04-26,155,4
1334,86,101,2024-04-04,61,1
1335,89,282,2024-06-15,131,5
1336,360,265,2025-03-18,149,5
1337,360,210,2025-03-18,165,2
1338,360,302,2025-03-18,39,3
1339,378,339,2024-02-12,155,5
1340,347,47,2024-11-18,84,4
1341,485,199,2024-12-14,124,2
1342,110,205,2025-11-11,122,5
1343,110,119,2025-11-11,164,2
1344,110,150,2025-11-11,81,5
1345,110,83,2025-11-11,103,4
1346,110,31,2025-11-11,144,5
1347,238,330,2025-07-17,49,3
1348,238,94,2025-07-17,63,5
1349,238,262,2025-07-17,104,5
1350,141,213,2024-01-05,139,2
1351,141,165,2024-01-05,93,5
1352,141,47,2024-01-05,45,3
1353,141,56,2024-01-05,58,4
1354,418,33,2024-10-06,155,4
1355,418,186,2024-10-06,145,2
1356,418,141,2024-10-06,85,5
1357,418,294,2024-10-06,84,4
1358,196,109,2025-08-13,161,1
1359,256,71,2024-03-14,153,1
1360,114,124,2024-01-15,152,5
1361,378,82,2025-02-24,151,3
1362,399,185,2025-11-12,70,4
1363,163,215,2025-04-14,92,4
1364,163,309,2025-04-14,145,4
1365,311,310,2025-04-05,131,2
1366,137,325,2025-10-22,22,2
1367,137,153,2025-10-23,154,4
1368,137,276,2025-10-23,83,3
1369,137,165,2025-10-23,50,5
1370,543,6,2025-10-04,64,4
1371,350,196,2024-07-10,104,4
1372,350,348,2024-07-10,82,4
1373,350,170,2024-07-10,113,4
1374,350,303,2024-07-10,125,5
1375,17,30,2024-04-15,138,5
1376,75,173,2025-03-27,102,1
1377,75,91,2025-03-27,127,5
1378,75,64,2025-03-27,102,5
1379,75,272,2025-03-27,17,3
1380,284,148,2025-11-04,112,1
1381,516,171,2025-08-12,127,4
1382,169,113,2025-10-04,164,1
1383,169,118,2025-10-04,128,2
1384,169,111,2025-10-04,162,3
1385,307,264,2025-12-05,117,1
1386,180,68,2025-03-06,83,2
1387,171,266,2025-06-16,142,3
1388,460,118,2025-09-17,72,3
1389,303,164,2025-07-02,23,4
1390,236,96,2025-06-30,138,5
1391,130,61,2024-02-21,81,3
1392,341,148,2024-07-01,29,4
1393,92,70,2025-10-01,44,3
1394,283,231,2024-12-11,59,1
1395,32,280,2025-10-14,43,5
1396,32,243,2025-10-14,62,5
1397,27,227,2024-12-27,107,3
1398,88,251,2024-05-31,106,4
1399,44,9,2025-04-25,70,5
1400,252,140,2025-10-13,121,4
1401,126,203,2024-06-01,116,3
1402,175,178,2025-01-19,96,3
1403,472,208,2024-01-18,85,5
1404,259,167,2024-05-07,140,5
1405,511,140,2024-07-17,104,2
1406,68,311,2025-02-13,163,3
1407,305,100,2024-09-05,137,4
1408,107,176,2024-03-25,55,4
1409,107,251,2024-03-26,17,2
1410,107,204,2024-03-26,139,3
1411,107,341,2024-03-26,130,4
1412,107,71,2024-03-26,143,5
1413,544,323,2024-08-19,105,3
1414,138,41,2024-03-04,96,5
1415,214,228,2024-12-29,120,5
1416,145,327,2024-04-02,85,4
1417,204,135,2024-04-03,98,1
1418,417,227,2024-03-19,35,5
1419,98,346,2025-05-27,15,4
1420,214,44,2024-01-31,146,3
1421,14,146,2025-01-21,146,2
1422,426,324,2025-09-27,77,2
1423,73,159,2025-06-22,131,4
1424,28,85,2025-02-21,147,3
1425,76,27,2024-10-08,59,5
1426,302,207,2024-02-13,120,4
1427,302,296,2024-02-13,82,1
1428,302,20,2024-02-14,94,5
1429,302,142,2024-02-14,147,2
1430,302,16,2024-02-14,128,1
1431,302,62,2024-02-14,64,2
1432,349,132,2025-03-16,42,5
1433,147,33,2025-06-21,140,1
1434,541,103,2024-07-17,99,5
1435,128,287,2025-01-14,117,5
1436,128,60,2025-01-15,143,3
1437,128,218,2025-01-15,91,4
1438,128,258,2025-01-15,41,5
1439,385,350,2025-11-03,163,5
1440,468,258,2024-05-28,142,2
1441,468,270,2024-05-28,149,5
1442,468,123,2024-05-29,93,4
1443,468,159,2024-05-29,64,5
1444,468,241,2024-05-29,149,5
1445,485,300,2025-04-13,34,3
1446,485,137,2025-04-14,111,3
1447,485,171,2025-04-14,136,2
1448,18,281,2024-10-18,88,5
1449,445,260,2025-07-16,125,5
1450,96,13,2025-01-26,15,3
1451,437,278,2024-05-29,63,2
1452,437,206,2024-05-29,100,3
1453,437,323,2024-05-29,75,4
1454,437,121,2024-05-29,15,1
1455,527,31,2025-02-04,39,3
1456,77,25,2025-09-18,39,3
1457,77,183,2025-09-18,147,2
1458,330,124,2024-06-30,88,2
1459,330,178,2024-06-30,133,4
1460,330,276,2024-06-30,127,5
1461,330,281,2024-06-30,87,4
1462,330,27,2024-07-01,61,5
1463,330,106,2024-07-01,90,4
1464,69,193,2024-09-26,94,1
1465,465,108,2024-05-15,121,2
1466,82,126,2024-07-28,98,5
1467,244,303,2025-11-16,39,2
1468,224,46,2025-11-14,52,3
1469,145,122,2024-10-28,30,3
1470,257,117,2025-02-11,133,5
1471,175,65,2024-03-17,145,4
1472,187,224,2024-09-24,65,5
1473,187,134,2024-09-24,99,5
1474,249,199,2025-06-11,99,4
1475,461,271,2024-01-24,121,5
1476,122,338,2025-02-16,65,1
1477,3,235,2025-11-05,81,5
1478,375,122,2025-07-06,163,2
1479,375,113,2025-07-07,23,2
1480,375,209,2025-07-07,75,4
1481,548,214,2024-10-01,72,5
1482,130,177,2024-02-08,154,5
1483,444,182,2025-12-09,147,2
1484,525,155,2024-10-17,63,5
1485,525,139,2024-10-17,92,3
1486,412,98,2025-05-04,43,2
1487,80,333,2024-03-06,149,4
1488,447,101,2024-06-06,17,4
1489,545,161,2025-06-20,104,5
1490,370,192,2025-02-03,73,5
1491,172,232,2025-07-08,137,4
1492,404,111,2024-12-27,143,5
1493,401,345,2024-08-15,36,2
1494,267,204,2024-12-01,113,2
1495,267,77,2024-12-01,29,3
1496,267,155,2024-12-01,38,2
1497,267,323,2024-12-01,120,2
1498,27,163,2025-05-16,111,4
1499,295,269,2024-08-17,47,5
1500,77,17,2024-04-25,160,4
1501,242,176,2024-02-08,107,4
1502,335,100,2024-07-26,67,4
1503,538,183,2025-04-03,59,5
1504,538,188,2025-04-03,20,1
1505,538,245,2025-04-03,85,5
1506,537,71,2024-03-02,135,4
1507,357,252,2024-05-20,111,4
1508,519,56,2025-04-05,113,4
1509,287,203,2024-12-13,148,2
1510,515,152,2024-05-01,70,5
1511,515,229,2024-05-01,145,5
1512,515,145,2024-05-01,84,5
1513,515,55,2024-05-01,113,3
1514,535,144,2025-07-22,48,4
1515,535,174,2025-07-22,133,5
1516,535,154,2025-07-22,151,5
1517,535,188,2025-07-22,165,1
1518,535,138,2025-07-23,117,3
1519,535,15,2025-07-23,92,3
1520,109,5,2024-03-05,81,2
1521,9,56,2025-06-16,129,4
1522,546,312,2025-04-27,37,4
1523,329,76,2025-01-06,74,3
1524,93,198,2025-11-16,76,3
1525,187,315,2024-05-03,161,5
1526,191,175,2024-01-30,28,4
1527,176,57,2025-03-13,140,3
1528,243,279,2024-11-28,49,1
1529,316,341,2024-05-05,29,2
1530,403,278,2025-08-07,46,3
1531,403,157,2025-08-07,144,4
1532,403,98,2025-08-07,77,3
1533,480,151,2025-05-24,141,5
1534,532,83,2024-06-01,40,5
1535,56,294,2024-02-15,44,4
1536,519,226,2025-03-24,117,5
1537,366,38,2025-10-14,108,3
1538,398,119,2025-08-09,28,4
1539,96,235,2025-10-20,108,1
1540,96,325,2025-10-20,95,5
1541,426,75,2024-03-25,24,3
1542,155,340,2024-04-28,154,2
1543,118,276,2025-11-20,93,1
1544,33,133,2024-12-17,94,4
1545,346,229,2024-01-14,89,5
1546,289,192,2024-04-02,87,5
1547,9,273,2024-11-30,145,3
1548,376,1,2024-12-24,60,3
1549,354,63,2025-08-20,22,1
1550,354,242,2025-08-21,116,4
1551,354,48,2025-08-21,31,4
1552,354,322,2025-08-21,131,5
1553,433,82,2024-06-14,149,2
1554,433,61,2024-06-15,145,1
1555,433,78,2024-06-15,153,5
1556,433,203,2024-06-15,25,4
1557,8,73,2025-12-28,121,5
1558,463,217,2024-11-11,92,5
1559,258,261,2024-04-18,75,3
1560,122,262,2024-02-09,127,2
1561,93,47,2025-03-09,116,4
1562,152,39,2024-04-20,122,4
1563,253,313,2024-08-22,137,5
1564,253,115,2024-08-22,84,5
1565,253,158,2024-08-22,138,5
1566,253,209,2024-08-23,146,3
1567,31,187,2025-07-28,27,3
1568,161,176,2025-03-26,20,3
1569,66,180,2024-05-21,82,3
1570,339,124,2024-01-26,129,2
1571,259,241,2025-11-01,51,5
1572,259,185,2025-11-01,101,3
1573,259,203,2025-11-01,102,4
1574,259,222,2025-11-02,67,4
1575,405,13,2025-06-25,126,5
1576,425,83,2024-10-26,106,5
1577,497,223,2024-09-29,164,3
1578,528,91,2025-09-01,71,2
1579,271,18,2025-03-17,139,5
1580,109,172,2024-06-11,49,5
1581,109,170,2024-06-11,148,3
1582,109,300,2024-06-11,84,2
1583,456,10,2025-07-04,19,4
1584,409,245,2024-11-07,37,4
1585,239,247,2025-03-26,73,2
1586,48,336,2025-11-13,80,2
1587,413,302,2025-11-15,32,4
1588,413,298,2025-11-15,24,3
1589,413,347,2025-11-15,104,1
1590,413,317,2025-11-15,81,5
1591,434,64,2024-02-15,156,5
1592,434,247,2024-02-16,118,4
1593,434,125,2024-02-16,66,3
1594,408,313,2025-09-11,139,3
1595,408,252,2025-09-11,135,3
1596,408,1,2025-09-12,83,4
1597,164,185,2024-12-30,70,4
1598,228,114,2025-06-29,40,4
1599,228,304,2025-06-29,143,1
1600,228,266,2025-06-29,79,3
1601,228,145,2025-06-29,146,3
1602,228,255,2025-06-30,122,2
1603,228,204,2025-06-30,36,3
1604,255,35,2024-11-24,105,5
1605,255,141,2024-11-24,124,3
1606,255,130,2024-11-24,73,5
1607,255,39,2024-11-24,45,5
1608,255,15,2024-11-24,159,2
1609,43,97,2024-01-03,126,2
1610,530,56,2024-04-17,118,5
1611,433,176,2025-07-05,126,2
1612,519,71,2024-11-15,18,1
1613,139,277,2025-11-26,118,4
1614,46,46,2024-03-13,49,5
1615,405,295,2024-11-17,144,2
1616,382,348,2025-01-23,108,5
1617,306,135,2025-08-17,105,5
1618,446,80,2025-02-24,109,2
1619,373,229,2025-07-04,98,3
1620,519,279,2024-01-30,121,5
1621,134,17,2024-07-07,112,4
1622,356,212,2024-02-24,22,1
1623,302,144,2025-03-14,110,4
1624,302,21,2025-03-15,160,5
1625,302,290,2025-03-15,49,5
1626,302,33,2025-03-15,49,1
1627,302,270,2025-03-15,133,5
1628,302,45,2025-03-15,115,4
1629,14,196,2024-10-06,91,3
1630,436,197,2024-04-23,131,4
1631,436,342,2024-04-23,138,2
1632,436,112,2024-04-23,47,3
1633,436,162,2024-04-23,102,4
1634,275,186,2025-03-15,164,3
1635,275,60,2025-03-15,94,3
1636,275,274,2025-03-15,54,5
1637,275,289,2025-03-16,61,5
1638,87,306,2025-02-11,91,4
1639,32,60,2025-07-22,161,1
1640,63,172,2024-03-09,94,1
1641,236,69,2025-07-12,34,1
1642,107,155,2025-02-09,124,4
1643,177,52,2024-09-17,138,5
1644,68,271,2025-09-26,157,5
1645,329,325,2025-09-02,138,5
1646,436,46,2025-06-24,35,3
1647,137,29,2025-11-28,163,5
1648,137,256,2025-11-28,104,2
1649,137,162,2025-11-28,136,3
1650,106,85,2025-10-23,28,4
1651,106,290,2025-10-24,143,4
1652,106,105,2025-10-24,84,1
1653,236,106,2024-01-03,84,1
1654,31,25,2025-10-08,107,3
1655,393,214,2024-10-22,101,5
1656,88,251,2024-02-18,56,2
1657,323,88,2025-08-25,163,5
1658,18,185,2025-02-17,165,4
1659,449,233,2024-12-05,57,4
1660,276,61,2025-10-24,98,5
1661,276,124,2025-10-25,121,4
1662,276,240,2025-04-25,94,4
1663,208,311,2024-05-24,119,4
1664,16,109,2025-07-06,157,5
1665,497,164,2024-03-15,128,5
1666,466,34,2024-08-30,63,5
1667,466,113,2024-08-30,80,4
1668,466,268,2024-08-30,79,5
1669,466,334,2024-08-30,22,3
1670,468,294,2025-11-18,21,3
1671,468,305,2025-11-18,147,3
1672,468,76,2025-11-18,90,2
1673,489,167,2025-08-24,104,5
1674,108,33,2024-12-20,134,2
1675,145,41,2025-05-23,98,5
1676,145,136,2025-05-23,44,1
1677,145,185,2025-05-23,26,2
1678,336,221,2024-10-13,67,4
1679,165,292,2025-04-08,139,5
1680,383,322,2024-03-01,84,4
1681,383,287,2024-03-01,66,1
1682,383,65,2024-03-01,80,4
1683,45,96,2024-08-20,129,1
1684,441,71,2025-11-27,153,1
1685,517,93,2025-12-29,129,4
1686,219,82,2025-02-26,41,5
1687,91,222,2025-06-11,97,5
1688,73,187,2024-02-16,157,1
1689,73,186,2024-02-16,65,5
1690,73,167,2024-02-16,67,3
1691,156,163,2024-03-02,124,4
1692,225,130,2024-09-14,92,3
1693,234,46,2025-10-07,127,4
1694,284,216,2025-02-06,120,3
1695,188,318,2024-01-10,75,3
1696,317,22,2025-11-13,134,5
1697,98,214,2025-12-04,58,4
1698,182,206,2025-02-19,58,3
1699,182,70,2025-02-19,126,5
1700,182,299,2025-02-20,77,1
1701,428,201,2025-12-17,26,4
1702,356,294,2025-11-01,106,1
1703,505,168,2025-12-22,115,5
1704,505,240,2025-12-22,99,5
1705,505,52,2025-12-22,33,4
1706,505,225,2025-12-23,96,5
1707,505,2,2025-12-22,74,5
1708,505,270,2025-12-23,106,2
1709,308,177,2024-04-06,49,4
1710,250,273,2025-12-03,122,5
1711,14,42,2025-02-11,161,2
1712,270,192,2024-09-04,97,5
1713,270,211,2024-09-05,117,5
1714,270,107,2024-09-05,90,4
1715,270,53,2024-09-05,71,2
1716,218,129,2024-11-16,138,2
1717,63,189,2025-11-08,19,1
1718,33,242,2025-10-20,139,4
1719,424,86,2024-09-05,126,2
1720,140,275,2024-01-07,51,4
1721,462,196,2024-03-30,75,3
1722,462,267,2024-03-30,26,3
1723,462,28,2024-03-30,136,1
1724,462,261,2024-03-30,146,2
1725,456,10,2024-06-14,159,5
1726,456,348,2024-06-14,78,4
1727,456,91,2024-06-14,132,3
1728,375,233,2025-03-20,112,4
1729,84,116,2024-11-16,118,3
1730,46,173,2024-12-13,118,4
1731,159,334,2025-08-18,109,5
1732,99,108,2024-05-21,140,3
1733,302,14,2024-08-22,105,3
1734,286,232,2024-05-14,95,5
1735,130,46,2024-01-14,59,3
1736,135,83,2025-05-24,94,1
1737,135,48,2025-05-24,112,4
1738,135,249,2025-05-24,77,4
1739,237,344,2025-03-26,98,2
1740,73,315,2025-10-29,62,2
1741,306,257,2025-09-14,28,1
1742,30,249,2025-07-08,80,5
1743,208,171,2025-03-05,117,5
1744,428,38,2025-02-06,120,5
1745,87,344,2025-02-07,65,3
1746,38,168,2025-03-17,98,4
1747,353,111,2025-09-11,87,4
1748,353,13,2025-09-11,31,1
1749,353,111,2025-09-12,36,5
1750,353,223,2025-09-12,82,5
1751,526,177,2024-02-10,122,1
1752,246,315,2025-12-29,95,4
1753,246,42,2024-10-15,98,2
1754,208,232,2024-02-05,133,4
1755,383,315,2025-04-23,128,4
1756,275,104,2025-10-12,130,5
1757,278,128,2025-08-31,80,3
1758,293,222,2025-07-02,113,3
1759,409,189,2024-11-26,84,5
1760,246,164,2024-05-19,119,1
1761,246,58,2024-05-19,56,3
1762,246,309,2024-05-19,123,5
1763,309,274,2024-11-12,154,4
1764,232,341,2024-01-19,137,5
1765,232,105,2024-01-19,117,3
1766,232,305,2024-01-19,96,4
1767,232,143,2024-01-19,42,4
1768,518,333,2024-09-22,94,5
1769,168,207,2025-11-23,24,2
1770,456,136,2024-05-15,70,2
1771,64,139,2024-02-17,73,5
1772,377,76,2025-06-15,26,4
1773,68,115,2024-11-23,147,2
1774,127,33,2025-02-11,118,3
1775,360,16,2025-06-14,143,3
1776,497,174,2024-12-18,57,5
1777,241,147,2024-06-03,147,3
1778,295,48,2025-04-30,81,4
1779,36,17,2024-04-03,147,3
1780,124,146,2024-07-23,82,4
1781,228,283,2025-07-27,150,4
1782,269,254,2024-09-21,88,3
1783,222,26,2024-06-05,147,2
1784,158,123,2025-11-17,115,2
1785,387,58,2025-09-24,151,5
1786,491,163,2024-09-07,157,5
1787,283,301,2024-01-07,64,2
1788,283,28,2024-01-08,19,2
1789,395,187,2025-11-07,162,2
1790,375,171,2024-11-17,79,5
1791,69,201,2025-03-14,72,4
1792,94,242,2024-08-04,131,5
1793,141,319,2025-03-21,154,2
1794,141,147,2025-03-21,161,4
1795,414,347,2025-04-09,124,4
1796,496,176,2025-09-08,44,5
1797,544,133,2025-07-11,143,5
1798,317,207,2025-09-09,135,3
1799,343,55,2024-05-07,64,4
1800,388,347,2024-10-16,70,1
1801,476,339,2024-11-12,109,5
1802,92,38,2024-07-25,17,1
1803,251,344,2025-12-16,104,4
1804,191,260,2025-03-27,118,2
1805,211,232,2025-08-30,137,3
1806,211,173,2025-08-31,80,5
1807,211,155,2025-08-31,68,4
1808,344,198,2024-12-23,63,3
1809,300,299,2024-11-10,120,4
1810,251,144,2024-09-05,104,5
1811,271,164,2025-11-04,86,4
1812,271,148,2025-11-04,138,5
1813,271,278,2025-11-04,21,1
1814,271,3,2025-11-04,43,2
1815,178,242,2024-02-14,160,5
1816,178,347,2024-02-15,86,1
1817,178,229,2024-02-15,108,4
1818,178,120,2024-02-15,73,2
1819,178,119,2024-02-15,84,3
1820,178,160,2024-02-15,115,3
1821,402,310,2025-08-19,125,5
1822,81,171,2025-09-16,103,5
1823,407,247,2024-03-27,96,2
1824,188,74,2025-02-21,27,2
1825,300,87,2025-02-20,161,4
1826,517,9,2025-11-04,153,2
1827,145,41,2024-10-14,56,2
1828,499,36,2024-10-19,110,2
1829,234,329,2025-01-10,42,4
1830,186,105,2024-12-10,15,1
1831,138,20,2024-08-08,122,4
1832,138,73,2024-08-08,65,4
1833,138,6,2024-08-08,24,3
1834,356,40,2024-11-18,96,2
1835,178,198,2025-07-23,161,5
1836,135,279,2024-10-30,66,5
1837,135,27,2024-10-31,90,3
1838,135,11,2024-10-31,126,5
1839,135,345,2024-10-31,139,4
1840,105,262,2025-05-02,146,5
1841,188,154,2024-02-21,43,3
1842,481,350,2024-12-13,52,5
1843,352,81,2024-10-15,101,5
1844,463,13,2024-03-19,128,5
1845,43,177,2024-12-20,79,2
1846,51,120,2025-05-11,83,4
1847,258,91,2024-07-01,92,1
1848,505,40,2024-09-12,107,3
1849,116,344,2025-01-20,94,5
1850,2,314,2024-07-19,16,2
1851,532,35,2025-09-05,117,4
1852,387,301,2025-12-01,157,4
1853,264,62,2024-07-05,53,5
1854,425,53,2025-04-08,51,3
1855,425,343,2025-04-09,80,2
1856,425,35,2025-04-09,162,5
1857,425,84,2025-04-09,122,3
1858,156,209,2024-11-19,89,5
1859,177,60,2024-10-30,149,4
1860,348,33,2024-04-19,138,5
1861,348,346,2024-04-19,152,2
1862,156,193,2024-03-19,60,4
1863,156,136,2024-03-19,133,5
1864,306,163,2024-04-16,109,5
1865,137,334,2024-02-13,43,5
1866,492,273,2024-11-17,121,5
1867,122,177,2024-08-10,125,5
1868,184,94,2024-01-18,138,3
1869,184,144,2024-01-18,135,5
1870,115,164,2025-04-02,148,2
1871,115,47,2025-04-02,159,3
1872,115,25,2025-04-02,125,4
1873,115,108,2025-04-02,70,4
1874,202,128,2025-07-06,111,5
1875,335,145,2024-10-03,115,4
1876,166,41,2025-09-22,138,3
1877,168,301,2025-03-22,28,4
1878,514,262,2025-01-29,47,2
1879,117,137,2025-02-16,83,1
1880,77,105,2025-11-10,135,3
1881,230,43,2024-07-10,160,5
1882,21,12,2025-05-08,61,4
1883,172,180,2025-06-19,54,2
1884,172,250,2025-06-19,134,5
1885,172,278,2025-06-19,138,5
1886,172,127,2025-06-19,92,5
1887,18,259,2024-06-03,91,4
1888,363,94,2024-04-06,142,5
1889,167,5,2024-08-16,108,5
1890,24,110,2025-10-04,108,1
1891,449,307,2025-02-09,133,3
1892,361,169,2025-08-07,134,5
1893,116,224,2024-09-05,144,4
1894,547,5,2024-10-26,154,5
1895,547,1,2024-10-26,22,3
1896,547,116,2024-10-26,128,1
1897,410,123,2025-09-08,102,2
1898,107,36,2025-08-09,155,5
1899,107,177,2025-08-09,103,5
1900,107,83,2025-08-09,100,1
1901,107,245,2025-08-10,71,1
1902,218,242,2025-02-03,115,4
1903,218,143,2025-02-03,126,5
1904,218,211,2025-02-04,76,4
1905,492,196,2024-01-20,74,1
1906,209,345,2025-12-05,102,2
1907,45,249,2024-10-07,25,2
1908,40,298,2024-05-09,110,5
1909,183,165,2024-07-04,56,5
1910,451,273,2024-09-21,157,5
1911,382,154,2025-09-07,70,4
1912,84,66,2024-10-21,146,2
1913,256,55,2025-11-05,130,2
1914,147,180,2025-04-19,163,3
1915,355,123,2025-12-30,91,5
1916,355,151,2024-04-13,80,2
1917,355,58,2024-04-13,18,3
1918,355,197,2024-04-14,104,4
1919,375,227,2024-12-31,61,3
1920,473,173,2024-11-03,132,4
1921,473,169,2024-11-03,123,2
1922,473,99,2024-11-04,48,5
1923,473,196,2024-11-04,130,3
1924,180,277,2025-07-24,71,2
1925,446,139,2025-12-01,111,5
1926,218,290,2024-08-19,142,4
1927,365,106,2025-05-04,131,4
1928,388,150,2025-08-29,120,1
1929,264,151,2025-10-06,143,3
1930,30,207,2024-04-24,72,4
1931,240,27,2025-12-01,154,4
1932,295,270,2024-10-28,149,5
1933,469,302,2025-07-28,143,2
1934,533,209,2024-04-23,163,4
1935,533,291,2024-04-23,79,5
1936,533,241,2024-04-23,127,5
1937,533,95,2024-04-23,108,5
1938,269,136,2024-04-11,25,2
1939,401,9,2024-04-17,113,5
1940,550,349,2025-08-14,105,5
1941,550,10,2025-08-14,62,5
1942,171,230,2025-03-31,124,5
1943,213,160,2025-01-17,72,4
1944,476,276,2024-01-13,22,1
1945,247,103,2024-03-22,130,2
1946,323,293,2024-09-06,138,5
1947,515,96,2024-02-13,129,3
1948,72,135,2025-12-14,20,2
1949,358,260,2025-09-05,18,4
1950,342,186,2025-03-16,81,5
1951,396,166,2024-09-02,21,3
1952,253,138,2025-11-26,132,3
1953,29,110,2025-07-11,101,3
1954,534,281,2024-09-19,83,5
1955,534,223,2024-09-19,36,4
1956,534,189,2024-09-19,17,4
1957,128,133,2025-07-27,132,4
1958,128,323,2025-07-27,151,3
1959,128,31,2025-07-27,29,3
1960,128,20,2025-07-27,75,2
1961,412,227,2025-11-06,32,4
1962,522,23,2024-10-03,112,3
1963,465,26,2024-05-06,66,3
1964,465,73,2024-05-07,119,5
1965,465,49,2024-05-07,96,3
1966,536,209,2025-06-03,47,3
1967,240,80,2024-10-17,71,4
1968,116,262,2024-12-23,86,2
1969,358,121,2024-06-19,20,3
1970,365,39,2024-05-17,158,4
1971,279,134,2024-06-12,79,1
1972,279,189,2024-06-12,24,2
1973,284,329,2025-04-21,119,5
1974,417,313,2024-06-30,26,1
1975,272,21,2025-12-11,18,1
1976,313,46,2025-03-17,139,4
1977,174,134,2024-02-05,41,5
1978,174,171,2024-02-05,139,4
1979,11,333,2025-05-02,142,5
1980,27,49,2024-08-09,90,2
1981,210,55,2025-01-24,88,3
1982,26,322,2024-09-16,65,1
1983,508,312,2025-07-14,122,1
1984,508,282,2025-07-14,33,3
1985,135,81,2024-05-27,145,3
1986,85,254,2025-11-11,26,3
1987,24,95,2024-07-06,86,4
1988,81,291,2025-09-09,114,5
1989,368,83,2024-12-25,84,3
1990,550,176,2024-04-03,163,4
1991,549,334,2024-09-18,97,4
1992,61,20,2025-05-27,43,5
1993,91,74,2025-05-17,75,1
1994,91,169,2025-05-17,163,5
1995,203,263,2024-08-23,75,4
1996,121,129,2025-06-24,71,3
1997,171,237,2025-05-18,63,3
1998,63,244,2025-06-15,84,3
1999,63,140,2025-06-15,51,5
2000,63,44,2025-06-16,16,3
2001,63,61,2025-06-16,164,3
2002,241,312,2024-07-25,75,2
2003,241,226,2024-07-26,80,5
2004,241,271,2024-07-26,103,2
2005,42,284,2025-08-26,61,5
2006,42,22,2025-08-26,80,2
2007,42,240,2025-08-26,134,2
2008,42,324,2025-08-26,72,3
2009,267,223,2025-11-11,122,4
2010,458,209,2024-10-17,82,2
2011,458,26,2024-10-17,139,5
2012,458,50,2024-10-18,98,4
2013,458,231,2024-10-17,24,4
2014,458,33,2024-10-18,78,4
2015,333,169,2025-04-23,98,2
2016,466,111,2024-03-30,83,4
2017,466,13,2024-03-30,150,5
2018,466,9,2024-03-30,120,2
2019,466,307,2024-03-30,77,3
2020,466,52,2024-03-30,101,4
2021,470,341,2024-06-28,78,4
2022,470,295,2024-06-28,138,5
2023,12,153,2025-03-15,75,5
2024,313,335,2024-05-27,73,1
2025,91,295,2025-01-09,34,3
2026,91,165,2025-01-10,123,2
2027,91,247,2025-01-10,110,4
2028,130,4,2025-11-15,123,5
2029,397,19,2025-02-13,126,5
2030,419,320,2025-03-28,57,3
2031,62,83,2025-01-05,134,4
2032,309,324,2024-05-08,109,3
2033,388,178,2024-04-23,53,5
2034,365,291,2024-09-19,106,3
2035,91,70,2025-09-19,101,1
2036,91,134,2025-09-20,156,4
2037,91,325,2025-09-20,78,4
2038,91,281,2025-09-20,121,4
2039,19,268,2024-04-13,165,3
2040,19,123,2024-04-13,22,2
2041,19,338,2024-04-13,100,4
2042,103,128,2025-10-19,159,1
2043,458,208,2025-09-10,28,2
2044,487,296,2024-09-03,129,5
2045,425,235,2025-10-07,76,3
2046,425,164,2025-10-08,151,4
2047,425,335,2025-10-08,55,2
2048,211,91,2024-12-14,91,4
2049,455,168,2024-01-04,99,2
2050,426,105,2025-07-19,58,4
2051,426,253,2025-07-19,85,4
2052,497,83,2024-08-20,26,3
2053,16,325,2025-07-16,153,3
2054,301,157,2024-05-18,22,3
2055,39,340,2025-01-28,130,1
2056,454,44,2024-12-31,116,5
2057,146,117,2024-04-28,131,5
2058,146,268,2024-04-28,67,5
2059,265,210,2024-06-09,138,5
2060,141,222,2024-10-26,124,4
2061,77,268,2024-11-19,130,5
2062,398,201,2025-02-17,81,2
2063,334,81,2024-10-09,144,5
2064,334,109,2024-10-10,140,2
2065,114,96,2025-04-04,142,3
2066,114,100,2025-04-05,151,1
2067,473,214,2025-01-27,68,5
2068,287,15,2025-04-18,128,3
2069,513,277,2025-01-05,63,3
2070,63,227,2025-05-13,43,2
2071,75,77,2025-05-30,142,3
2072,266,129,2025-02-07,108,5
2073,460,343,2024-09-13,88,4
2074,70,265,2025-12-24,87,4
2075,129,220,2025-06-25,155,5
2076,270,129,2025-06-19,117,5
2077,266,233,2025-12-04,111,4
2078,266,141,2025-12-04,94,5
2079,330,260,2025-05-27,79,4
2080,330,104,2025-05-28,31,1
2081,330,128,2025-05-28,86,4
2082,212,57,2024-06-28,117,5
2083,212,350,2024-06-28,21,3
2084,212,211,2024-06-28,139,4
2085,212,259,2024-06-28,74,4
2086,107,123,2024-01-09,93,4
2087,15,55,2024-07-07,73,5
2088,15,16,2024-07-07,80,4
2089,15,343,2024-07-08,113,5
2090,34,139,2024-07-22,105,4
2091,230,314,2025-03-27,50,1
2092,228,92,2024-11-28,140,3
2093,228,184,2024-11-28,86,4
2094,228,219,2024-11-28,81,3
2095,121,284,2024-08-15,125,5
2096,464,190,2024-06-24,52,4
2097,383,250,2025-06-01,116,4
2098,383,9,2025-06-01,71,3
2099,383,126,2025-06-02,93,4
2100,381,167,2024-11-02,74,4
2101,178,108,2024-07-16,75,3
2102,384,47,2024-12-05,29,4
2103,291,325,2025-11-30,141,2
2104,214,165,2024-09-08,52,4
2105,8,247,2024-01-28,86,5
2106,276,308,2024-04-02,146,4
2107,138,275,2025-05-23,105,3
2108,138,253,2025-05-23,104,3
2109,209,205,2024-12-16,99,2
2110,382,206,2025-02-14,155,4
2111,409,287,2024-04-15,99,1
2112,163,122,2025-06-29,160,1
2113,363,183,2024-12-05,87,2
2114,108,302,2025-11-13,151,1
2115,478,335,2024-05-09,81,4
2116,242,91,2024-09-17,70,2
2117,495,173,2025-10-11,91,4
2118,441,214,2025-01-01,136,4
2119,516,56,2025-01-02,125,5
2120,490,344,2024-01-19,109,5
2121,490,228,2024-01-19,144,2
2122,163,77,2024-12-24,154,5
2123,416,62,2024-11-03,26,4
2124,93,75,2024-06-22,92,3
2125,14,317,2025-11-01,122,4
2126,269,67,2024-12-16,106,5
2127,20,65,2025-09-21,117,5
2128,182,184,2025-04-19,59,1
2129,182,105,2025-04-19,74,2
2130,182,109,2025-04-19,123,5
2131,182,284,2025-04-19,106,3
2132,182,119,2025-04-19,111,3
2133,178,105,2024-04-02,84,3
2134,178,101,2024-04-03,71,3
2135,178,80,2024-04-03,125,2
2136,178,293,2024-04-03,105,5
2137,178,115,2024-04-03,130,5
2138,178,240,2024-04-03,63,1
2139,214,33,2025-09-10,124,5
2140,485,313,2024-04-12,148,3
2141,485,129,2024-04-12,33,3
2142,485,82,2024-04-13,133,3
2143,485,284,2024-04-13,95,4
2144,485,80,2024-04-13,71,3
2145,301,74,2025-01-13,75,2
2146,479,57,2025-06-12,70,4
2147,233,185,2024-12-11,162,3
2148,329,344,2025-09-09,138,1
2149,438,184,2025-10-25,136,3
2150,438,46,2025-10-25,80,4
2151,438,181,2025-10-26,123,3
2152,425,51,2024-08-27,158,1
2153,425,221,2024-08-27,74,5
2154,425,131,2024-08-28,143,5
2155,12,253,2024-11-11,100,4
2156,439,196,2024-08-21,97,1
2157,439,308,2024-08-21,121,4
2158,124,320,2024-07-06,105,4
2159,124,325,2024-07-06,134,4
2160,124,251,2024-07-07,75,4
2161,124,281,2024-07-07,91,5
2162,516,230,2025-02-13,155,3
2163,142,241,2025-12-12,63,2
2164,142,300,2025-12-12,96,1
2165,142,39,2025-12-13,51,5
2166,16,65,2025-08-17,67,3
2167,164,118,2025-07-29,44,2
2168,7,214,2024-11-11,161,5
2169,549,198,2025-11-11,151,4
2170,20,176,2025-08-02,148,4
2171,20,115,2025-08-02,147,4
2172,20,71,2025-08-03,135,4
2173,285,332,2024-09-08,19,3
2174,115,295,2025-05-29,156,2
2175,541,71,2024-02-23,61,5
2176,524,131,2024-07-23,24,3
2177,524,124,2024-07-24,73,4
2178,33,140,2024-03-08,123,4
2179,304,291,2025-06-23,88,3
2180,348,13,2024-07-07,124,5
2181,116,249,2025-01-29,141,1
2182,137,279,2024-05-02,41,3
2183,271,295,2024-08-11,102,4
2184,535,341,2024-01-07,57,2
2185,167,344,2025-01-17,24,4
2186,470,300,2024-01-10,60,1
2187,386,94,2025-04-04,87,4
2188,316,22,2024-08-15,126,5
2189,316,82,2024-08-15,101,4
2190,316,183,2024-08-16,47,3
2191,122,185,2025-04-07,122,3
2192,203,340,2024-08-24,48,4
2193,76,315,2024-11-13,165,1
2194,76,350,2024-11-14,91,5
2195,76,48,2024-11-14,120,2
2196,76,330,2024-11-14,92,3
2197,354,198,2025-08-27,140,3
2198,410,240,2025-04-20,15,2
2199,253,279,2024-06-25,67,2
2200,336,50,2025-06-24,73,1
2201,69,51,2024-02-20,153,5
2202,35,7,2025-07-31,143,4
2203,156,177,2025-07-10,111,5
2204,393,224,2025-11-14,56,1
2205,532,289,2024-12-10,83,5
2206,268,38,2025-09-27,38,2
2207,135,8,2024-03-28,122,2
2208,539,211,2024-12-07,34,2
2209,315,51,2024-05-03,154,4
2210,415,126,2025-05-23,114,2
2211,415,129,2025-05-24,112,5
2212,73,11,2025-06-12,93,5
2213,318,304,2025-04-04,73,4
2214,548,25,2024-05-11,41,2
2215,74,235,2025-10-06,100,5
2216,171,256,2025-08-30,17,3
2217,76,210,2024-12-28,82,3
2218,463,350,2025-09-26,120,1
2219,504,64,2024-01-03,15,4
2220,327,134,2024-04-30,60,3
2221,183,231,2024-01-25,62,5
2222,183,268,2024-01-25,50,4
2223,183,272,2024-01-25,57,2
2224,183,50,2024-01-25,147,5
2225,93,348,2025-01-26,61,3
2226,428,35,2024-07-13,18,4
2227,428,264,2024-07-13,147,3
2228,44,22,2024-02-12,67,5
2229,289,28,2024-03-21,82,2
2230,283,135,2025-07-28,85,2
2231,413,154,2025-12-01,58,1
2232,413,122,2025-12-01,107,4
2233,413,46,2025-12-01,156,5
2234,202,174,2024-10-23,101,4
2235,202,213,2024-10-24,122,2
2236,418,104,2024-11-30,119,2
2237,548,274,2024-05-12,119,3
2238,50,161,2025-02-06,38,1
2239,50,286,2025-02-06,151,4
2240,50,294,2025-02-06,71,4
2241,45,178,2024-06-17,87,1
2242,269,304,2025-12-06,159,3
2243,237,288,2025-08-11,129,4
2244,505,103,2024-09-20,165,4
2245,289,9,2024-12-03,161,4
2246,399,215,2024-12-24,121,1
2247,172,269,2025-12-03,159,4
2248,13,34,2025-02-22,73,4
2249,304,244,2025-10-17,115,5
2250,65,169,2025-01-08,126,3
2251,93,227,2024-04-06,117,2
2252,262,314,2024-08-02,160,4
2253,271,151,2025-01-09,44,4
2254,327,338,2024-05-06,120,4
2255,308,318,2025-02-18,94,5
2256,507,1,2025-11-17,76,5
2257,249,226,2025-12-11,101,5
2258,103,349,2024-06-16,88,5
2259,491,176,2025-11-29,93,5
2260,137,175,2025-02-08,91,4
2261,137,126,2025-02-09,113,3
2262,137,165,2025-02-09,143,2
2263,137,10,2025-02-09,94,3
2264,180,220,2024-10-27,145,3
2265,10,13,2025-05-09,59,4
2266,399,269,2024-11-27,98,2
2267,399,244,2024-11-28,101,3
2268,399,252,2024-11-28,89,5
2269,505,325,2024-07-27,40,2
2270,306,119,2024-01-29,74,4
2271,321,61,2025-05-30,55,4
2272,305,284,2024-05-15,38,4
2273,439,284,2024-05-21,75,2
2274,415,244,2025-06-04,31,4
2275,73,342,2025-04-03,97,5
2276,497,39,2025-07-08,160,3
2277,36,285,2025-09-27,154,3
2278,427,154,2025-03-22,118,2
2279,104,83,2025-07-15,141,5
2280,234,284,2024-01-05,90,2
2281,198,336,2025-06-27,25,3
2282,473,322,2025-12-13,86,1
2283,539,149,2025-10-26,119,4
2284,394,135,2024-07-23,143,4
2285,278,274,2025-11-26,119,3
2286,248,279,2025-09-27,139,2
2287,145,233,2025-01-28,110,5
2288,519,221,2024-10-11,111,5
2289,368,298,2024-12-26,76,4
2290,458,92,2025-06-27,115,3
2291,458,157,2025-06-27,108,3
2292,458,344,2025-06-27,107,1
2293,458,130,2025-06-27,138,5
2294,458,184,2025-06-28,130,5
2295,458,124,2025-06-27,41,3
2296,306,182,2024-10-01,75,5
2297,341,141,2025-07-07,104,3
2298,13,319,2025-03-19,67,5
2299,499,173,2024-12-10,104,4
2300,499,36,2024-12-10,118,5
2301,499,270,2024-12-10,133,5
2302,229,298,2024-12-10,148,3
2303,151,338,2024-02-15,23,2
2304,288,97,2024-01-18,142,4
2305,471,179,2025-06-29,109,2
2306,436,338,2025-12-04,147,3
2307,533,56,2025-12-14,98,3
2308,440,122,2025-01-04,131,3
2309,440,47,2025-01-05,27,4
2310,440,116,2025-01-05,154,5
2311,440,75,2025-01-05,137,5
2312,93,286,2025-05-27,67,2
2313,320,28,2025-07-15,162,3
2314,486,162,2025-05-29,143,1
2315,486,246,2025-05-29,35,5
2316,486,300,2025-05-29,140,2
2317,486,308,2025-05-29,103,2
2318,456,15,2024-11-17,49,4
2319,41,57,2024-08-03,77,4
2320,310,329,2025-09-15,140,4
2321,421,265,2024-01-24,145,4
2322,112,61,2025-10-08,49,1
2323,536,255,2025-11-02,132,1
2324,412,209,2025-09-02,131,5
2325,148,298,2025-09-13,128,5
2326,249,138,2024-02-15,136,5
2327,231,1,2024-07-14,100,5
2328,175,201,2025-11-04,110,4
2329,34,177,2025-10-21,29,3
2330,287,88,2024-11-14,109,5
2331,53,104,2025-12-19,69,2
2332,411,135,2025-03-30,49,4
2333,39,46,2025-03-24,29,4
2334,310,188,2025-10-04,130,4
2335,301,43,2025-03-09,87,3
2336,301,349,2025-03-09,85,4
2337,511,31,2024-06-13,141,5
2338,214,225,2024-05-19,99,3
2339,308,210,2025-01-16,144,4
2340,308,331,2025-01-16,34,2
2341,308,131,2025-01-16,92,5
2342,308,178,2025-01-16,106,5
2343,499,24,2025-09-16,90,5
2344,79,306,2024-04-06,21,2
2345,308,46,2025-11-14,141,3
2346,499,258,2024-10-21,86,3
2347,296,309,2024-09-04,151,2
2348,31,72,2025-10-23,41,2
2349,471,22,2025-01-21,110,5
2350,471,208,2025-01-21,17,1
2351,471,28,2025-01-21,98,2
2352,471,30,2025-01-22,28,4
2353,434,6,2025-03-07,127,4
2354,336,71,2024-11-07,91,3
2355,359,28,2025-02-08,67,1
2356,359,134,2025-02-08,39,3
2357,359,171,2025-02-09,39,5
2358,343,176,2024-06-10,66,2
2359,47,207,2024-01-03,96,4
2360,47,82,2024-01-03,157,2
2361,47,220,2024-01-03,138,3
2362,47,347,2024-01-03,99,2
2363,47,122,2024-01-03,159,1
2364,494,71,2024-07-21,44,4
2365,478,5,2024-11-20,111,3
2366,452,11,2025-03-21,117,4
2367,62,128,2025-07-02,81,5
2368,62,196,2025-07-03,91,5
2369,62,10,2025-07-03,19,2
2370,62,287,2025-07-03,137,3
2371,309,1,2024-02-24,67,4
2372,309,51,2024-02-24,26,4
2373,309,265,2024-02-24,94,2
2374,515,291,2024-12-09,23,2
2375,98,21,2024-01-28,110,5
2376,98,2,2024-01-28,40,4
2377,256,34,2025-06-15,110,3
2378,134,9,2024-06-29,62,4
2379,48,32,2024-09-19,92,4
2380,48,47,2024-09-19,101,5
2381,261,229,2025-11-26,108,5
2382,261,308,2025-11-26,26,2
2383,261,212,2025-11-26,165,2
2384,261,216,2025-11-26,128,3
2385,261,343,2025-11-27,32,4
2386,261,272,2025-11-27,130,5
2387,365,106,2024-04-04,112,4
2388,68,285,2025-02-03,149,5
2389,427,134,2024-09-29,144,3
2390,164,114,2025-03-28,99,2
2391,418,127,2025-08-13,60,5
2392,418,258,2025-08-13,113,4
2393,418,245,2025-08-14,123,5
2394,418,247,2025-08-14,104,3
2395,294,26,2024-12-02,40,5
2396,151,318,2025-04-26,154,2
2397,99,290,2024-08-17,129,2
2398,251,85,2025-04-30,15,4
2399,251,263,2025-04-30,140,5
2400,20,128,2024-05-23,85,5
2401,408,180,2024-10-31,144,5
2402,169,62,2024-12-18,87,4
2403,308,61,2025-08-09,152,2
2404,308,215,2025-08-09,149,2
2405,308,25,2025-08-09,140,2
2406,337,31,2024-04-23,143,1
2407,411,75,2024-09-09,104,5
2408,221,59,2025-05-08,142,4
2409,272,30,2024-03-13,49,2
2410,272,127,2024-03-13,145,5
2411,86,121,2024-02-18,24,2
2412,428,29,2024-05-01,54,4
2413,253,237,2024-05-04,89,5
2414,215,278,2024-03-17,145,2
2415,392,61,2025-05-07,96,5
2416,392,32,2025-05-07,72,5
2417,392,218,2025-05-07,25,4
2418,534,74,2025-11-01,150,3
2419,140,148,2025-12-14,135,2
2420,390,271,2025-03-14,17,4
2421,512,84,2024-04-23,89,1
2422,291,62,2024-03-18,146,3
2423,190,53,2025-02-20,153,4
2424,320,264,2024-01-03,60,4
2425,283,334,2025-01-02,53,3
2426,60,249,2025-08-28,134,3
2427,60,54,2025-08-28,81,4
2428,400,80,2025-10-31,45,1
2429,44,282,2024-10-08,123,5
2430,44,279,2024-10-08,83,5
2431,44,182,2024-10-08,139,4
2432,44,309,2024-10-08,87,4
2433,8,31,2024-06-21,57,3
2434,235,186,2024-05-31,130,3
2435,160,65,2025-01-01,140,3
2436,119,20,2024-04-14,64,3
2437,327,140,2025-03-29,70,4
2438,448,30,2025-10-16,48,3
2439,131,21,2024-01-18,161,5
2440,249,290,2025-09-19,56,2
2441,481,111,2025-04-10,80,3
2442,229,317,2024-12-18,99,4
2443,229,21,2024-12-19,98,5
2444,229,314,2024-12-19,30,4
2445,229,278,2024-12-19,112,4
2446,353,149,2025-01-16,143,5
2447,1,318,2025-03-16,139,4
2448,387,154,2025-02-01,38,4
2449,387,276,2025-02-01,123,2
2450,229,306,2024-11-02,94,4
2451,409,209,2024-06-13,26,2
2452,10,153,2025-11-22,135,1
2453,33,201,2025-04-10,120,4
2454,336,9,2024-11-18,133,3
2455,388,219,2024-06-17,88,5
2456,388,168,2024-06-17,98,5
2457,388,149,2024-06-18,48,4
2458,48,286,2025-09-11,81,4
2459,48,84,2025-09-12,87,5
2460,48,27,2025-09-12,92,5
2461,48,134,2025-09-12,121,4
2462,215,171,2024-01-06,97,1
2463,237,217,2025-05-27,75,4
2464,50,159,2025-10-20,80,4
2465,50,16,2025-10-20,152,4
2466,50,117,2025-10-20,39,5
2467,50,195,2025-10-20,164,4
2468,317,309,2025-08-16,97,2
2469,317,205,2025-08-16,129,5
2470,317,19,2025-08-16,107,4
2471,295,294,2025-03-30,37,3
2472,107,234,2025-05-25,154,4
2473,429,195,2025-08-12,140,2
2474,429,341,2025-08-12,86,3
2475,429,176,2025-08-12,157,5
2476,25,34,2025-05-04,132,2
2477,365,327,2024-03-14,135,2
2478,226,294,2024-03-26,75,1
2479,251,97,2024-12-10,159,2
2480,147,76,2024-12-18,49,5
2481,106,51,2025-11-30,28,4
2482,143,217,2024-10-08,120,3
2483,143,159,2024-10-08,19,4
2484,500,134,2024-10-13,38,5
2485,322,270,2025-04-25,90,3
2486,295,48,2024-05-03,122,4
2487,429,196,2024-04-22,127,5
2488,429,116,2024-04-22,62,3
2489,429,124,2024-04-22,31,4
2490,429,48,2024-04-22,84,3
2491,429,268,2024-04-23,88,4
2492,300,146,2025-04-17,87,2
2493,533,134,2025-11-02,87,2
2494,464,321,2024-05-27,77,5
2495,277,124,2025-02-08,122,3
2496,144,55,2025-06-16,67,3
2497,51,111,2025-11-23,64,5
2498,209,158,2024-08-05,135,3
2499,416,3,2025-10-15,156,3
2500,293,232,2025-09-05,142,5
2501,54,70,2024-05-29,97,4
2502,54,4,2024-05-29,112,2
2503,113,101,2025-06-27,135,3
2504,37,19,2024-03-03,135,4
2505,37,336,2024-03-03,151,5
2506,37,181,2024-03-03,128,3
2507,518,155,2025-10-01,106,2
2508,518,336,2025-10-01,74,2
2509,39,338,2025-04-18,160,1
2510,106,263,2025-02-02,143,4
2511,106,308,2025-02-02,161,3
2512,106,56,2025-02-03,75,5
2513,106,160,2025-02-03,94,2
2514,69,241,2025-03-08,100,5
2515,522,83,2024-06-12,59,4
2516,45,305,2025-07-06,96,1
2517,45,169,2025-07-06,135,2
2518,45,336,2025-07-06,119,4
2519,228,46,2025-10-15,136,4
2520,228,32,2025-10-15,139,4
2521,228,316,2025-10-15,142,5
2522,129,329,2024-01-09,91,5
2523,487,186,2024-04-28,158,3
2524,517,45,2025-09-09,88,5
2525,286,41,2024-10-29,131,5
2526,458,347,2025-12-29,160,4
2527,458,176,2025-12-29,41,3
2528,458,204,2025-12-30,100,3
2529,458,20,2025-12-30,116,1
2530,289,101,2025-11-21,95,5
2531,187,294,2025-08-16,72,4
2532,187,315,2025-08-16,84,4
2533,118,117,2024-02-08,134,1
2534,118,156,2024-02-08,155,3
2535,118,90,2024-02-08,141,5
2536,209,27,2024-10-22,106,4
2537,484,332,2024-09-15,55,2
2538,291,75,2024-09-02,46,3
2539,418,151,2024-05-29,52,5
2540,511,117,2024-02-10,155,1
2541,312,271,2024-01-18,96,5
2542,508,99,2025-02-14,123,5
2543,223,46,2024-07-24,76,3
2544,241,190,2025-06-17,17,2
2545,241,162,2025-06-17,105,2
2546,241,177,2025-06-17,157,2
2547,236,288,2025-12-24,123,4
2548,236,9,2025-12-24,20,1
2549,236,298,2025-12-24,143,3
2550,470,171,2024-09-19,79,5
2551,91,79,2025-11-28,42,3
2552,91,300,2025-11-28,87,2
2553,91,91,2025-11-28,155,4
2554,91,281,2025-11-28,56,1
2555,91,176,2025-11-29,131,5
2556,101,338,2025-05-05,28,1
2557,242,272,2025-06-22,65,5
2558,471,212,2024-06-25,158,4
2559,200,151,2025-02-10,152,3
2560,1,48,2024-09-04,131,4
2561,156,163,2025-09-09,141,4
2562,545,32,2024-03-15,39,2
2563,545,130,2024-03-15,87,4
2564,361,15,2024-12-25,109,4
2565,41,40,2025-01-04,160,5
2566,41,209,2025-01-04,46,4
2567,41,33,2025-01-04,72,5
2568,41,2,2025-01-04,89,4
2569,14,278,2025-02-04,40,5
2570,14,37,2025-02-04,94,4
2571,14,21,2025-02-04,119,3
2572,14,324,2025-02-04,95,1
2573,140,78,2024-06-25,143,4
2574,245,160,2025-10-12,59,2
2575,284,333,2025-11-10,118,4
2576,505,90,2024-11-07,118,5
2577,550,115,2025-03-04,32,2
2578,304,252,2024-08-22,123,5
2579,222,76,2025-02-05,66,4
2580,374,292,2024-01-05,50,3
2581,258,166,2025-03-16,65,3
2582,62,209,2024-02-02,71,2
2583,202,125,2025-09-09,164,4
2584,146,235,2025-08-27,157,1
2585,30,192,2024-12-09,151,1
2586,30,25,2024-12-09,141,1
2587,215,153,2024-03-07,156,5
2588,230,83,2025-09-27,154,4
2589,30,218,2024-06-19,140,4
2590,390,327,2025-11-14,137,3
2591,359,298,2024-12-16,67,5
2592,83,144,2024-11-27,35,5
2593,226,74,2025-12-16,83,2
2594,205,76,2024-09-13,110,4
2595,384,113,2024-06-19,135,2
2596,122,177,2025-03-28,143,3
2597,442,146,2024-08-28,112,1
2598,338,262,2025-08-27,82,5
2599,221,61,2025-06-27,89,2
2600,221,145,2025-06-27,75,5
2601,221,98,2025-06-27,83,3
2602,221,238,2025-06-27,118,4
2603,66,172,2024-10-26,48,5
2604,66,190,2024-10-26,148,4
2605,66,15,2024-10-26,153,4
2606,496,97,2025-11-25,156,5
2607,130,108,2024-12-13,124,2
2608,86,81,2025-05-30,140,2
2609,78,310,2025-03-29,37,2
2610,527,216,2025-05-14,149,5
2611,83,11,2024-07-20,26,1
2612,387,49,2025-06-17,109,5
2613,57,18,2024-11-19,76,2
2614,211,51,2025-12-02,88,3
2615,435,336,2024-04-08,127,1
2616,50,59,2024-09-06,89,1
2617,241,98,2025-07-14,62,1
2618,79,231,2025-11-19,123,5
2619,244,220,2025-11-23,146,1
2620,523,33,2024-11-09,86,2
2621,103,161,2025-04-30,73,5
2622,546,10,2024-11-24,84,5
2623,83,166,2025-10-20,88,4
2624,353,70,2024-04-27,163,5
2625,120,263,2025-11-22,121,2
2626,412,25,2025-01-25,96,4
2627,201,116,2025-05-04,157,3
2628,296,239,2024-03-11,96,3
2629,1,189,2024-03-14,83,2
2630,1,64,2024-03-15,138,5
2631,1,136,2024-03-15,102,4
2632,387,277,2025-08-01,118,4
2633,237,184,2025-07-08,158,5
2634,237,158,2025-07-08,24,3
2635,237,91,2025-07-08,131,5
2636,393,143,2024-08-16,157,3
2637,97,213,2024-06-23,72,2
2638,97,332,2024-06-23,40,5
2639,97,277,2024-06-23,137,3
2640,534,254,2025-08-13,110,3
2641,139,201,2024-04-23,164,1
2642,139,83,2024-04-23,15,3
2643,505,128,2025-02-20,146,2
2644,505,313,2025-02-20,92,4
2645,505,83,2025-02-20,147,4
2646,505,271,2025-02-20,143,5
2647,505,283,2025-02-21,152,4
2648,55,181,2024-06-19,79,2
2649,506,309,2025-11-30,85,5
2650,248,304,2025-06-23,158,4
2651,248,146,2025-06-23,115,5
2652,248,304,2025-06-23,113,5
2653,248,336,2025-06-24,146,5
2654,127,251,2024-08-11,126,4
2655,127,350,2024-08-11,111,4
2656,127,202,2024-08-11,123,5
2657,127,23,2024-08-11,93,3
2658,127,49,2024-08-11,120,3
2659,268,80,2024-04-10,110,2
2660,54,224,2024-01-09,17,4
2661,439,149,2024-11-09,105,5
2662,33,277,2025-09-17,27,2
2663,96,118,2025-06-04,124,2
2664,490,188,2024-05-03,93,3
2665,176,343,2024-10-03,29,4
2666,63,89,2024-09-08,21,4
2667,103,305,2024-11-13,24,4
2668,32,268,2024-10-13,109,2
2669,360,252,2024-04-03,113,4
2670,281,287,2024-04-15,78,5
2671,281,151,2024-04-15,23,2
2672,281,13,2024-04-15,77,4
2673,281,239,2024-04-16,79,1
2674,281,191,2024-04-16,93,5
2675,180,263,2024-09-04,124,4
2676,180,158,2024-09-05,138,2
2677,257,184,2025-10-02,23,2
2678,257,105,2025-10-02,124,5
2679,525,338,2024-07-14,100,3
2680,484,202,2025-06-23,125,4
2681,371,116,2024-06-28,23,3
2682,352,242,2024-07-28,69,3
2683,352,338,2024-07-28,117,3
2684,352,264,2024-07-29,71,2
2685,352,350,2024-07-29,33,2
2686,352,47,2024-07-29,40,3
2687,265,164,2025-07-16,105,2
2688,521,306,2024-10-08,136,5
2689,441,83,2025-07-05,152,1
2690,444,2,2025-09-28,137,3
2691,444,314,2025-09-29,131,4
2692,444,341,2025-09-29,113,2
2693,518,127,2024-01-21,162,5
2694,210,233,2024-07-31,72,4
2695,285,311,2024-01-18,46,4
2696,47,293,2024-07-01,112,5
2697,47,36,2024-07-01,77,5
2698,47,64,2024-07-02,160,5
2699,47,77,2024-07-02,108,4
2700,47,178,2024-07-02,30,2
2701,295,89,2025-02-20,72,5
2702,87,224,2024-05-24,54,5
2703,87,186,2024-05-25,38,3
2704,502,318,2025-06-20,123,3
2705,199,68,2024-08-08,121,4
2706,387,93,2024-09-07,126,5
2707,91,109,2024-02-18,105,5
2708,473,48,2025-03-14,120,4
2709,321,319,2025-06-05,54,3
2710,294,169,2024-10-19,65,3
2711,29,247,2024-09-02,103,5
2712,24,229,2025-05-06,95,3
2713,78,18,2025-04-27,74,3
2714,48,341,2024-02-04,165,3
2715,270,268,2025-06-21,93,5
2716,134,345,2025-03-16,17,2
2717,30,137,2025-08-07,155,4
2718,432,15,2025-12-06,157,5
2719,432,296,2025-12-06,32,3
2720,432,226,2025-12-07,124,5
2721,432,304,2025-12-07,132,5
2722,288,273,2025-08-20,60,4
2723,382,258,2025-01-12,152,3
2724,283,226,2025-12-19,93,4
2725,293,170,2024-11-19,92,5
2726,69,271,2024-12-29,109,3
2727,462,296,2025-08-27,103,4
2728,310,127,2024-01-03,165,5
2729,171,242,2024-08-19,165,5
2730,417,70,2025-05-23,19,3
2731,193,331,2025-06-10,49,5
2732,193,240,2025-06-10,85,4
2733,193,237,2025-06-11,149,2
2734,193,225,2025-06-11,65,5
2735,193,163,2025-06-11,136,4
2736,114,59,2024-12-19,138,5
2737,94,22,2024-02-12,119,1
2738,131,348,2024-06-26,129,5
2739,248,95,2024-02-23,94,3
2740,90,160,2025-02-15,116,3
2741,56,211,2024-02-09,138,1
2742,103,94,2025-09-23,35,4
2743,443,329,2024-11-08,53,4
2744,145,233,2025-09-20,149,5
2745,106,45,2025-12-12,159,5
2746,106,56,2025-12-12,164,2
2747,106,262,2025-12-13,86,3
2748,86,56,2025-05-26,68,4
2749,391,311,2024-02-01,20,4
2750,12,217,2024-08-23,86,3
2751,467,340,2024-06-10,50,4
2752,467,111,2024-06-10,50,4
2753,126,30,2024-12-24,135,5
2754,24,30,2024-05-30,92,4
2755,187,264,2025-03-04,121,5
2756,350,204,2024-09-20,125,4
2757,350,133,2024-09-20,119,3
2758,350,233,2024-09-20,135,3
2759,544,177,2025-01-25,19,2
2760,54,286,2024-05-11,66,5
2761,199,122,2024-01-10,20,3
2762,16,321,2024-01-18,136,4
2763,331,190,2025-07-27,85,3
2764,49,161,2024-08-26,81,5
2765,419,159,2025-10-16,120,4
2766,262,226,2025-06-13,112,4
2767,153,328,2024-06-19,90,4
2768,169,118,2024-04-23,135,4
2769,438,182,2024-11-01,148,5
2770,286,341,2025-07-18,143,3
2771,151,152,2025-10-13,160,2
2772,151,155,2025-10-13,105,4
2773,151,206,2025-10-13,19,4
2774,299,72,2024-06-09,22,4
2775,505,43,2024-10-01,152,2
2776,115,24,2025-03-27,51,5
2777,360,279,2024-07-07,20,4
2778,336,117,2025-10-29,139,4
2779,221,153,2025-05-06,76,5
2780,221,323,2025-05-06,96,1
2781,221,8,2025-05-06,36,5
2782,221,145,2025-05-07,48,4
2783,498,16,2024-11-30,89,5
2784,498,263,2024-11-30,62,5
2785,498,111,2024-11-30,150,3
2786,212,34,2024-11-02,114,4
2787,158,343,2025-01-08,35,3
2788,223,223,2025-11-20,90,4
2789,427,221,2025-09-13,120,1
2790,23,158,2024-12-17,82,3
2791,67,326,2025-01-18,82,5
2792,170,157,2025-11-19,63,2
2793,345,260,2025-05-02,52,5
2794,493,142,2024-11-06,29,4
2795,493,277,2024-11-06,113,5
2796,493,98,2024-11-06,70,4
2797,273,198,2024-02-25,37,1
2798,475,234,2024-02-22,128,5
2799,295,343,2024-09-26,138,4
2800,178,120,2025-05-27,163,5
2801,317,291,2024-12-02,88,4
2802,317,171,2024-12-02,156,4
2803,317,217,2024-12-02,34,3
2804,317,138,2024-12-02,121,1
2805,544,112,2025-10-17,164,5
2806,310,259,2024-11-03,126,5
2807,99,170,2025-05-19,114,3
2808,349,179,2025-06-14,17,1
2809,27,216,2025-02-01,154,5
2810,108,295,2024-02-06,132,4
2811,183,117,2024-11-16,38,4
2812,243,165,2025-08-22,65,4
2813,246,262,2025-11-20,128,2
2814,547,260,2024-10-03,94,4
2815,77,108,2024-02-18,148,2
2816,415,267,2024-08-18,19,4
2817,275,299,2024-01-23,76,5
2818,234,313,2025-10-05,73,4
2819,351,347,2025-11-16,103,3
2820,70,23,2025-06-02,58,1
2821,201,273,2024-09-27,52,3
2822,151,151,2025-09-25,55,3
2823,387,199,2025-12-17,79,2
2824,100,209,2025-11-12,72,5
2825,148,139,2025-10-25,42,4
2826,148,149,2025-10-25,46,5
2827,148,103,2025-10-25,79,3
2828,148,130,2025-10-25,77,5
2829,114,99,2024-06-22,120,5
2830,480,146,2024-02-17,139,3
2831,477,310,2025-09-10,55,4
2832,97,259,2024-02-12,108,2
2833,400,121,2024-08-15,56,2
2834,411,294,2025-03-15,111,5
2835,237,279,2024-01-21,142,3
2836,499,91,2024-08-22,43,5
2837,127,328,2025-01-17,129,5
2838,474,348,2024-04-30,120,5
2839,350,258,2024-01-04,16,3
2840,523,162,2024-10-09,38,3
2841,516,209,2024-07-15,35,5
2842,492,293,2024-09-16,73,5
2843,84,130,2024-03-31,117,4
2844,494,350,2024-01-13,133,1
2845,498,300,2024-07-15,143,3
2846,133,135,2025-12-16,99,5
2847,329,241,2025-04-03,40,4
2848,447,95,2024-01-10,68,5
2849,466,219,2024-08-26,98,1
2850,431,319,2025-04-07,36,2
2851,1,301,2025-06-30,97,5
2852,1,92,2025-06-30,113,5
2853,1,14,2025-06-30,144,5
2854,1,164,2025-06-30,66,4
2855,1,63,2025-06-30,143,2
2856,315,196,2025-01-05,135,4
2857,467,206,2025-01-31,16,4
2858,11,321,2024-09-21,125,2
2859,187,28,2025-10-27,140,4
2860,454,29,2025-04-12,142,4
2861,417,341,2024-08-16,43,2
2862,88,267,2024-09-01,74,4
2863,88,272,2024-09-01,95,1
2864,88,145,2024-09-01,28,3
2865,236,9,2025-01-23,39,4
2866,265,96,2025-11-27,138,5
2867,331,151,2025-09-05,76,1
2868,392,271,2024-09-28,131,4
2869,349,216,2024-04-29,48,5
2870,332,76,2025-03-30,73,3
2871,435,193,2025-10-14,162,4
2872,134,61,2024-09-12,35,4
2873,425,320,2025-08-13,48,3
2874,79,233,2024-06-10,84,4
2875,402,123,2024-04-27,70,4
2876,20,229,2025-12-19,89,5
2877,151,146,2025-12-21,104,2
2878,283,55,2025-09-26,32,1
2879,135,40,2024-11-23,143,4
2880,283,52,2024-02-22,113,3
2881,194,37,2025-08-09,141,2
2882,548,167,2024-01-11,146,1
2883,138,177,2025-11-10,82,4
2884,138,175,2025-11-10,131,5
2885,138,78,2025-11-10,86,1
2886,138,97,2025-11-11,115,1
2887,233,183,2025-08-01,95,5
2888,349,331,2025-08-30,35,5
2889,80,126,2024-08-04,44,4
2890,471,312,2024-04-23,122,3
2891,134,87,2024-03-22,130,5
2892,242,131,2025-10-23,31,1
2893,314,155,2024-12-16,118,2
2894,113,346,2025-02-19,90,3
2895,49,10,2024-08-19,107,4
2896,429,196,2024-02-21,99,4
2897,131,103,2024-06-20,146,3
2898,34,70,2025-09-05,68,5
2899,61,59,2025-11-26,128,3
2900,187,95,2024-03-08,71,4
2901,68,269,2024-05-08,32,1
2902,314,230,2025-08-12,123,5
2903,493,2,2024-03-25,125,4
2904,168,14,2025-04-21,147,4
2905,39,218,2025-10-13,152,3
2906,150,199,2025-05-15,76,5
2907,291,294,2024-09-11,165,2
2908,444,104,2024-10-01,145,1
2909,328,179,2025-11-18,141,3
2910,343,16,2024-09-11,105,4
2911,214,93,2025-03-09,31,1
2912,214,240,2025-03-09,128,3
2913,248,14,2024-02-15,86,3
2914,30,335,2024-04-01,145,5
2915,274,225,2025-12-16,109,2
2916,161,221,2025-01-16,46,5
2917,78,332,2024-09-12,158,3
2918,261,333,2025-09-23,37,4
2919,125,290,2025-02-05,105,4
2920,18,57,2025-03-16,138,5
2921,443,275,2024-05-14,35,1
2922,158,250,2025-07-29,79,2
2923,158,332,2025-07-29,134,1
2924,158,30,2025-07-29,106,4
2925,158,32,2025-07-30,97,4
2926,498,12,2025-06-21,40,5
2927,396,213,2025-07-22,115,1
2928,362,253,2025-09-02,63,4
2929,165,81,2024-06-29,70,5
2930,115,209,2024-10-24,106,1
2931,529,251,2025-12-30,136,5
2932,381,110,2024-12-20,31,3
2933,381,30,2024-12-20,137,4
2934,381,100,2024-12-20,36,5
2935,104,294,2024-12-28,121,3
2936,104,65,2024-12-28,150,5
2937,104,93,2024-12-28,87,4
2938,355,280,2024-08-07,16,4
2939,102,40,2025-12-05,117,3
2940,493,46,2024-01-13,67,3
2941,329,155,2024-12-16,155,3
2942,329,336,2024-12-16,133,2
2943,470,47,2025-06-06,95,5
2944,289,61,2024-08-13,90,4
2945,232,311,2025-05-18,41,3
2946,278,130,2025-01-31,147,5
2947,161,205,2024-06-07,86,3
2948,133,340,2024-10-20,21,2
2949,81,227,2025-06-15,134,5
2950,13,86,2025-02-26,144,2
2951,540,344,2024-10-09,94,4
2952,335,211,2025-02-04,71,3
2953,266,176,2024-06-01,101,5
2954,241,60,2024-11-03,22,4
2955,33,86,2025-01-24,85,4
2956,255,65,2025-01-27,165,2
2957,105,191,2025-09-22,88,5
2958,498,30,2025-07-19,105,2
2959,72,160,2024-04-23,160,3
2960,323,14,2025-03-31,70,4
2961,282,340,2025-01-30,72,3
2962,269,74,2024-12-28,44,3
2963,484,69,2024-02-25,43,3
2964,538,162,2025-09-10,54,3
2965,191,135,2025-02-18,124,5
2966,462,205,2025-12-20,74,2
2967,547,21,2025-10-21,120,1
2968,296,348,2025-03-27,39,5
2969,296,255,2025-03-27,135,3
2970,296,2,2025-03-27,121,5
2971,26,218,2025-04-11,63,5
2972,493,36,2024-11-13,84,5
2973,76,30,2025-08-10,91,5
2974,275,284,2024-03-29,99,2
2975,532,119,2025-08-01,142,5
2976,492,137,2024-01-28,77,3
2977,185,86,2025-02-17,152,5
2978,242,76,2024-08-09,161,5
2979,242,147,2024-08-09,50,4
2980,242,236,2024-08-09,154,2
2981,158,27,2025-11-05,100,3
2982,206,136,2025-05-08,141,3
2983,490,72,2024-11-23,73,4
2984,193,314,2024-09-26,107,5
2985,336,80,2024-01-06,159,5
2986,102,37,2025-02-08,147,5
2987,57,6,2025-09-28,84,3
2988,57,258,2025-03-10,103,5
2989,57,296,2025-03-10,80,1
2990,57,134,2025-03-10,164,4
2991,144,41,2024-11-06,160,5
2992,415,202,2024-07-20,156,5
2993,478,240,2024-09-07,78,3
2994,130,136,2025-06-27,48,5
2995,408,130,2024-03-05,84,5
2996,408,161,2024-03-05,110,5
2997,408,22,2024-03-05,42,3
2998,250,154,2025-08-14,113,2
2999,547,21,2025-10-12,147,3
3000,267,123,2025-10-01,148,2
3001,264,298,2025-12-01,139,2
3002,116,69,2024-04-28,102,1
3003,533,199,2025-05-26,156,3
3004,533,304,2025-05-27,59,5
3005,533,140,2025-05-27,18,1
3006,533,23,2025-05-27,161,5
3007,400,286,2025-04-24,40,5
3008,222,8,2024-11-27,114,5
3009,502,99,2024-08-20,46,4
3010,324,61,2024-05-29,156,3
3011,324,312,2024-05-29,137,4
3012,324,135,2024-05-29,125,1
3013,324,241,2024-05-29,90,3
3014,32,145,2025-07-10,47,5
3015,171,337,2025-10-14,25,4
3016,41,308,2025-11-30,115,5
3017,298,10,2024-06-01,72,4
3018,142,40,2025-11-20,125,5
3019,215,321,2024-11-30,81,5
3020,20,144,2024-03-23,102,5
3021,20,116,2024-03-23,71,3
3022,20,209,2024-03-23,111,1
3023,542,117,2025-12-23,32,2
3024,468,50,2025-08-11,16,3
3025,468,233,2025-08-11,85,4
3026,468,284,2025-08-11,141,2
3027,468,10,2025-08-11,70,3
3028,286,249,2024-03-06,70,1
3029,295,272,2024-12-05,108,2
3030,423,119,2024-01-04,72,5
3031,418,304,2025-12-23,90,5
3032,382,305,2024-09-07,134,5
3033,198,166,2025-10-25,77,5
3034,314,315,2025-02-18,75,5
3035,90,114,2024-06-11,127,5
3036,90,54,2024-06-11,80,5
3037,90,278,2024-06-11,16,2
3038,368,131,2025-06-30,42,1
3039,317,134,2024-05-14,36,5
3040,303,246,2025-01-08,126,3
3041,508,274,2024-03-31,29,1
3042,313,202,2025-04-23,58,2
3043,399,279,2024-12-31,114,3
3044,399,56,2025-01-01,27,1
3045,399,256,2025-01-01,135,3
3046,399,57,2025-01-01,151,4
3047,529,213,2024-08-20,83,4
3048,253,111,2025-08-08,112,3
3049,50,210,2024-08-13,58,4
3050,150,328,2025-10-20,64,3
3051,479,24,2024-09-05,100,3
3052,292,209,2025-09-18,57,3
3053,318,282,2024-02-14,23,3
3054,352,311,2024-10-31,73,5
3055,352,64,2024-11-01,135,3
3056,352,95,2024-11-01,142,5
3057,352,350,2024-11-01,42,4
3058,322,324,2025-11-19,131,4
3059,224,133,2025-11-24,56,3
3060,478,169,2025-02-01,152,3
3061,504,62,2024-08-11,134,3
3062,14,95,2024-07-12,36,5
3063,45,76,2024-08-17,66,2
3064,201,254,2024-11-17,158,2
3065,201,74,2024-11-17,132,2
3066,201,237,2024-11-18,101,5
3067,201,216,2024-11-18,75,5
3068,153,110,2024-04-26,116,4
3069,153,259,2024-04-26,21,2
3070,153,187,2024-04-27,151,3
3071,15,21,2024-11-28,89,5
3072,243,215,2025-10-09,115,3
3073,5,37,2024-11-27,112,4
3074,512,159,2025-07-05,122,4
3075,197,292,2025-09-07,92,5
3076,251,16,2025-01-21,26,1
3077,455,287,2024-12-11,129,1
3078,69,133,2025-11-25,31,2
3079,34,31,2025-09-05,79,4
3080,199,283,2025-12-03,146,3
3081,387,224,2025-09-16,80,3
3082,428,154,2025-07-26,165,3
3083,428,52,2025-07-26,141,3
3084,549,97,2024-06-19,136,5
3085,27,215,2024-06-20,123,4
3086,332,250,2025-05-17,72,3
3087,332,153,2025-05-17,150,2
3088,332,207,2025-05-17,97,2
3089,477,202,2025-04-25,159,3
3090,280,18,2025-05-05,148,3
3091,465,41,2024-06-05,135,5
3092,151,135,2025-12-04,73,1
3093,201,259,2025-03-10,95,2
3094,201,306,2025-03-10,130,5
3095,201,243,2025-03-10,129,4
3096,201,72,2025-03-10,103,2
3097,370,9,2025-01-17,80,5
3098,268,109,2025-06-18,135,4
3099,410,218,2024-04-15,77,4
3100,293,254,2024-08-18,159,3
3101,293,136,2024-08-18,111,5
3102,94,289,2024-02-22,73,3
3103,94,42,2024-02-22,106,4
3104,94,162,2024-02-23,92,1
3105,13,347,2024-06-25,156,3
3106,342,274,2025-09-05,91,4
3107,393,46,2025-11-27,106,2
3108,217,62,2024-02-10,148,4
3109,455,253,2025-02-08,68,4
3110,352,189,2024-11-04,136,4
3111,352,258,2024-11-04,77,3
3112,352,201,2024-11-04,106,3
3113,365,278,2024-09-28,93,3
3114,250,15,2025-03-27,59,3
3115,73,290,2024-09-13,163,3
3116,228,128,2025-08-13,44,5
3117,228,82,2025-08-13,49,1
3118,228,81,2025-08-13,123,2
3119,355,201,2025-05-22,90,5
3120,530,60,2025-05-10,33,3
3121,262,24,2025-07-06,101,5
3122,107,61,2024-09-15,128,1
3123,345,282,2024-10-04,127,5
3124,439,155,2025-05-30,36,2
3125,338,5,2025-04-07,23,4
3126,219,317,2024-01-04,78,5
3127,214,206,2024-09-12,33,4
3128,491,13,2025-03-08,121,2
3129,136,250,2024-09-02,136,1
3130,324,190,2024-05-14,97,5
3131,324,56,2024-05-14,56,3
3132,504,301,2025-10-12,94,5
3133,504,59,2025-10-12,96,3
3134,504,163,2025-10-12,132,4
3135,49,225,2025-03-02,135,3
3136,411,94,2024-12-28,73,3
3137,535,328,2024-03-18,75,5
3138,535,287,2024-03-18,161,4
3139,535,98,2024-03-18,90,5
3140,535,127,2024-03-18,36,1
3141,249,329,2025-11-21,20,4
3142,249,112,2025-11-21,16,2
3143,443,254,2025-06-19,45,4
3144,140,340,2025-07-08,73,5
3145,154,61,2025-04-04,93,5
3146,154,120,2025-04-04,114,5
3147,154,182,2025-04-04,101,4
3148,436,274,2025-10-27,74,1
3149,339,128,2025-06-27,64,4
3150,130,222,2024-12-18,102,1
3151,157,168,2024-12-11,58,3
3152,461,281,2025-04-14,49,5
3153,71,188,2025-08-20,44,2
3154,401,183,2024-12-17,103,5
3155,442,60,2024-08-21,139,4
3156,361,298,2025-12-07,156,4
3157,321,38,2025-08-30,151,4
3158,331,134,2024-03-28,158,2
3159,517,216,2025-01-19,76,3
3160,78,142,2024-01-18,95,2
3161,78,111,2024-01-18,132,3
3162,78,19,2024-01-18,38,3
3163,78,240,2024-01-18,144,5
3164,303,158,2025-05-21,16,4
3165,332,272,2024-09-02,108,4
3166,294,121,2025-07-26,164,5
3167,376,126,2024-03-04,40,5
3168,99,268,2025-09-16,107,3
3169,62,197,2024-02-11,135,5
3170,145,170,2024-02-28,81,5
3171,292,115,2024-10-19,107,5
3172,23,36,2024-04-02,154,3
3173,490,277,2025-08-19,20,1
3174,243,329,2024-11-28,84,3
3175,310,232,2024-08-26,97,4
3176,443,54,2025-04-17,86,2
3177,120,133,2024-06-18,98,1
3178,297,52,2024-11-08,137,5
3179,389,282,2024-11-05,143,5
3180,37,226,2024-07-15,82,2
3181,37,219,2024-07-15,55,4
3182,56,2,2025-12-29,158,4
3183,95,16,2025-06-02,96,5
3184,24,171,2024-09-11,133,2
3185,532,333,2025-02-04,160,1
3186,471,73,2024-03-18,95,5
3187,516,195,2024-04-05,73,5
3188,389,245,2024-07-29,146,4
3189,413,103,2025-02-10,158,4
3190,30,9,2025-11-28,78,2
3191,50,16,2024-07-05,36,5
3192,503,121,2025-12-13,146,3
3193,505,160,2025-07-08,110,5
3194,505,174,2025-07-08,143,5
3195,505,142,2025-07-08,91,4
3196,505,132,2025-07-08,96,4
3197,505,191,2025-07-09,151,3
3198,247,141,2024-02-03,109,4
3199,281,213,2025-12-29,74,4
3200,109,44,2024-06-21,108,1
3201,106,303,2024-09-16,161,3
3202,106,43,2024-09-16,118,2
3203,106,26,2024-09-16,118,2
3204,106,85,2024-09-16,16,4
3205,106,208,2024-09-16,31,2
3206,408,322,2025-06-02,46,2
3207,274,180,2024-07-22,105,5
3208,363,8,2025-03-10,146,5
3209,141,258,2024-06-02,58,2
3210,102,159,2025-03-31,77,5
3211,333,258,2025-10-08,161,3
3212,88,115,2025-01-04,65,3
3213,20,341,2025-06-24,17,1
3214,431,224,2025-05-13,109,5
3215,364,65,2025-03-14,45,5
3216,364,217,2025-03-14,130,4
3217,364,10,2025-03-14,165,5
3218,364,55,2025-03-15,28,1
3219,364,193,2025-03-15,110,4
3220,364,72,2025-03-15,97,4
3221,167,315,2025-06-10,81,4
3222,477,188,2024-04-15,127,4
3223,77,222,2024-09-02,159,5
3224,296,231,2025-12-23,67,5
3225,207,277,2025-05-09,121,5
3226,128,191,2024-02-19,161,2
3227,85,13,2025-07-27,129,5
3228,535,44,2024-01-03,108,5
3229,264,227,2025-12-30,143,2
3230,311,313,2024-11-05,139,4
3231,345,326,2024-07-08,50,3
3232,508,31,2024-02-27,101,3
3233,98,304,2025-10-27,143,5
3234,62,117,2025-11-12,162,5
3235,221,259,2025-01-04,48,2
3236,112,347,2024-01-02,62,4
3237,22,140,2024-09-08,163,2
3238,446,279,2025-08-16,60,1
3239,528,263,2025-05-31,139,4
3240,420,211,2025-02-23,66,2
3241,325,185,2025-03-13,47,3
3242,106,30,2025-05-25,86,5
3243,63,134,2024-07-02,165,2
3244,262,36,2025-01-15,67,3
3245,41,151,2024-08-20,104,4
3246,491,213,2024-05-08,145,5
3247,64,281,2025-01-01,27,1
3248,445,171,2024-09-21,136,3
3249,144,224,2024-08-12,83,1
3250,235,344,2025-12-16,96,3
3251,35,69,2025-04-01,58,2
3252,527,65,2024-10-14,132,5
3253,13,268,2024-08-12,58,2
3254,432,295,2025-01-29,160,2
3255,310,328,2025-12-08,149,5
3256,446,282,2024-11-26,147,4
3257,543,173,2024-07-28,17,1
3258,468,317,2025-11-24,91,2
3259,523,61,2025-08-18,73,1
3260,12,36,2025-03-20,98,5
3261,507,328,2024-04-05,141,4
3262,92,94,2024-01-01,39,3
3263,106,292,2024-09-04,102,4
3264,106,215,2024-09-04,142,2
3265,106,84,2024-09-05,154,3
3266,106,347,2024-09-05,97,1
3267,106,75,2024-09-05,164,5
3268,106,142,2024-09-05,98,5
3269,172,123,2025-02-03,28,2
3270,518,196,2025-07-31,82,3
3271,35,296,2024-11-05,28,4
3272,158,311,2024-11-07,155,2
3273,366,233,2025-10-07,148,5
3274,203,293,2025-02-28,151,5
3275,111,288,2025-05-17,31,4
3276,111,195,2025-05-17,140,4
3277,111,199,2025-05-17,143,1
3278,111,288,2025-05-17,20,3
3279,111,222,2025-05-18,81,4
3280,515,216,2025-03-31,121,3
3281,220,97,2025-02-08,143,5
3282,400,94,2025-09-14,37,2
3283,416,216,2024-06-30,100,3
3284,66,281,2024-02-16,124,1
3285,66,58,2024-02-16,103,4
3286,66,91,2024-02-16,20,3
3287,66,72,2024-02-16,100,5
3288,415,55,2024-12-25,151,1
3289,310,96,2025-09-08,161,5
3290,310,66,2025-09-08,110,3
3291,310,9,2025-09-08,131,3
3292,310,66,2025-09-08,19,2
3293,302,11,2024-04-06,56,5
3294,303,182,2025-08-15,74,4
3295,345,292,2025-11-18,134,2
3296,345,60,2025-11-18,71,5
3297,152,243,2024-07-27,159,1
3298,433,99,2024-08-13,90,5
3299,433,167,2024-08-13,97,4
3300,433,320,2024-08-13,141,4
3301,433,274,2024-08-13,119,4
3302,70,76,2024-07-04,99,5
3303,398,45,2025-01-14,140,4
3304,65,295,2024-05-04,156,4
3305,227,321,2024-07-05,52,5
3306,139,291,2024-08-14,141,5
3307,139,88,2024-08-14,144,5
3308,111,260,2025-07-14,88,5
3309,223,5,2025-02-18,122,5
3310,223,317,2025-02-18,133,5
3311,263,141,2024-08-29,115,1
3312,263,258,2024-08-29,62,3
3313,263,36,2024-08-29,59,5
3314,263,191,2024-08-29,98,5
3315,357,185,2024-02-11,155,4
3316,17,308,2025-01-02,110,4
3317,547,260,2025-02-19,120,5
3318,293,188,2025-06-21,136,3
3319,15,239,2025-01-31,119,2
3320,15,149,2025-01-31,94,2
3321,15,206,2025-01-31,50,4
3322,15,324,2025-01-31,153,1
3323,406,291,2024-06-10,78,5
3324,510,62,2024-05-31,165,4
3325,35,15,2025-06-19,116,5
3326,35,231,2025-06-19,116,5
3327,35,224,2025-06-19,27,2
3328,528,313,2025-02-27,154,3
3329,154,318,2025-12-29,52,3
3330,154,120,2025-12-29,105,5
3331,154,15,2025-12-29,66,5
3332,154,319,2025-12-29,158,5
3333,202,97,2025-10-12,17,3
3334,99,319,2025-03-13,58,5
3335,530,311,2025-10-30,109,1
3336,530,340,2025-10-30,63,5
3337,223,285,2025-04-29,41,2
3338,308,349,2025-06-29,110,3
3339,191,139,2024-07-26,93,4
3340,191,64,2024-07-26,99,4
3341,191,138,2024-07-26,103,4
3342,485,319,2025-12-26,159,5
3343,458,173,2024-02-26,50,4
3344,458,240,2024-02-27,23,3
3345,458,36,2024-02-27,60,5
3346,458,202,2024-02-27,85,1
3347,397,350,2024-12-30,37,3
3348,397,330,2024-12-30,146,5
3349,397,21,2024-12-30,116,2
3350,397,185,2024-12-30,127,1
3351,397,269,2024-12-30,73,5
3352,211,348,2024-11-05,161,4
3353,365,270,2025-02-27,45,4
3354,55,93,2024-05-13,97,4
3355,225,101,2025-05-17,91,1
3356,330,192,2025-03-25,61,5
3357,330,338,2025-03-25,50,4
3358,330,204,2025-03-25,70,4
3359,227,192,2025-02-24,161,2
3360,159,345,2025-12-04,47,4
3361,159,56,2025-12-04,103,4
3362,137,190,2024-08-08,56,3
3363,442,193,2025-11-09,104,4
3364,238,227,2024-09-15,144,4
3365,238,23,2024-09-15,125,4
3366,158,165,2024-07-04,81,3
3367,20,63,2025-12-28,163,4
3368,359,56,2025-07-19,133,3
3369,203,135,2024-08-01,92,3
3370,473,68,2025-05-19,42,2
3371,317,231,2025-09-01,16,4
3372,317,225,2025-09-01,132,5
3373,317,269,2025-09-01,132,5
3374,118,162,2024-01-29,109,4
3375,1,53,2024-07-22,144,4
3376,1,301,2024-07-22,120,2
3377,1,304,2024-07-23,31,3
3378,1,26,2024-07-23,66,5
3379,92,26,2025-05-07,143,4
3380,237,91,2024-07-04,63,3
3381,186,256,2024-08-17,90,5
3382,372,268,2025-04-25,43,3
3383,161,291,2025-05-15,149,2
3384,478,267,2024-07-29,52,2
3385,349,327,2025-07-19,130,3
3386,356,194,2025-05-05,122,3
3387,509,289,2024-07-24,114,4
3388,509,172,2024-07-24,126,3
3389,509,167,2024-07-24,103,5
3390,81,153,2025-10-05,74,3
3391,133,24,2025-01-08,156,5
3392,537,90,2024-11-18,126,5
3393,358,162,2024-02-03,163,4
3394,413,191,2024-07-10,48,1
3395,284,52,2024-01-30,20,3
3396,396,21,2025-12-24,24,3
3397,529,101,2025-06-29,40,4
3398,438,173,2025-02-07,23,4
3399,202,168,2025-08-07,60,5
3400,291,98,2024-03-12,75,4
3401,547,338,2024-12-01,129,4
3402,547,67,2024-12-01,100,5
3403,547,70,2024-12-01,111,4
3404,547,82,2024-12-01,48,4
3405,350,209,2025-11-15,137,4
3406,350,131,2025-11-15,151,5
3407,350,72,2025-11-15,93,3
3408,350,66,2025-11-15,84,2
3409,350,80,2025-11-15,145,4
3410,305,146,2024-04-14,43,1
3411,518,30,2024-01-12,40,5
3412,373,312,2025-03-13,138,5
3413,373,338,2025-03-13,95,5
3414,373,338,2025-03-13,44,3
3415,337,197,2025-12-07,93,4
3416,11,135,2025-04-07,30,4
3417,85,336,2025-06-15,32,4
3418,324,17,2024-01-25,117,2
3419,351,108,2025-09-26,56,1
3420,134,7,2025-09-04,25,4
3421,367,134,2025-02-13,152,3
3422,362,345,2024-03-02,88,5
3423,366,111,2025-07-25,138,2
3424,40,33,2025-12-10,85,5
3425,34,194,2024-02-27,136,4
3426,498,160,2024-07-28,100,3
3427,108,291,2024-03-27,23,3
3428,282,155,2025-08-23,116,2
3429,479,36,2025-06-24,135,1
3430,434,325,2025-09-27,156,5
3431,16,318,2024-10-28,62,1
3432,140,134,2024-10-22,126,5
3433,423,323,2024-12-26,77,3
3434,138,124,2024-12-03,133,2
3435,185,218,2025-12-26,62,4
3436,255,188,2024-02-09,116,4
3437,292,88,2024-11-13,95,3
3438,350,258,2025-05-15,73,5
3439,462,93,2024-01-22,24,3
3440,495,91,2024-03-05,105,2
3441,51,211,2025-01-08,113,5
3442,51,196,2025-01-08,85,4
3443,51,326,2025-01-08,154,4
3444,425,341,2024-12-30,134,2
3445,425,188,2024-12-30,81,4
3446,425,131,2024-12-30,90,2
3447,425,261,2024-12-30,120,4
3448,48,49,2024-09-05,136,5
3449,359,241,2024-01-26,81,2
3450,210,177,2024-06-14,156,5
3451,223,198,2025-05-26,127,3
3452,65,218,2025-09-21,122,5
3453,443,154,2024-10-06,81,3
3454,191,50,2025-02-18,34,2
3455,31,126,2025-10-25,125,4
3456,453,317,2025-10-28,108,3
3457,173,197,2025-06-23,28,4
3458,343,127,2024-11-30,148,3
3459,157,158,2025-08-20,145,4
3460,429,77,2024-03-06,88,2
3461,140,33,2025-07-27,99,4
3462,277,146,2025-11-22,136,5
3463,277,64,2025-11-22,65,3
3464,277,193,2025-11-22,35,5
3465,461,290,2025-10-29,70,1
3466,362,298,2024-05-14,147,3
3467,425,337,2024-02-07,102,5
3468,182,139,2024-06-03,82,5
3469,182,165,2024-06-03,143,2
3470,182,171,2024-06-03,16,3
3471,182,182,2024-06-03,110,5
3472,182,14,2024-06-03,103,5
3473,191,200,2025-12-27,132,5
3474,49,10,2024-05-11,165,5
3475,80,78,2025-05-17,104,4
3476,303,237,2025-02-20,72,5
3477,360,142,2025-03-15,47,4
3478,46,296,2024-01-07,98,1
3479,79,245,2024-05-23,95,5
3480,79,124,2024-05-23,24,1
3481,252,123,2025-03-30,114,2
3482,252,137,2025-03-30,122,5
3483,348,151,2025-03-04,128,5
3484,56,160,2025-04-29,115,5
3485,448,209,2024-02-12,26,1
3486,536,64,2025-04-09,27,3
3487,536,194,2025-04-09,150,5
3488,536,94,2025-04-09,110,5
3489,429,32,2025-03-28,74,3
3490,429,192,2025-03-28,137,5
3491,429,326,2025-03-28,143,1
3492,36,36,2025-10-30,76,4
3493,195,128,2025-01-08,110,3
3494,378,24,2024-07-17,33,1
3495,270,88,2025-04-04,165,3
3496,63,184,2024-12-15,150,4
3497,63,15,2024-12-15,139,4
3498,542,88,2025-09-11,30,4
3499,542,79,2025-09-11,19,4
3500,542,232,2025-09-12,20,4
3501,194,176,2025-10-28,73,4
3502,264,279,2024-02-14,115,5
3503,343,176,2025-01-12,143,3
3504,185,296,2025-04-25,144,5
3505,164,57,2024-05-11,135,5
3506,21,57,2024-01-28,143,1
3507,69,74,2024-02-20,155,3
3508,25,289,2025-11-15,105,3
3509,476,31,2025-06-02,152,3
3510,476,249,2025-06-02,132,4
3511,476,350,2025-06-02,142,5
3512,172,104,2024-12-28,68,4
3513,471,333,2025-06-27,129,5
3514,538,271,2025-04-29,132,5
3515,269,240,2024-10-15,54,5
3516,342,273,2024-11-10,130,5
3517,182,343,2024-03-23,143,2
3518,391,258,2024-04-24,117,3
3519,39,173,2024-03-19,120,4
3520,528,207,2025-05-03,91,2
3521,284,86,2025-05-17,121,4
3522,202,53,2025-01-12,144,3
3523,452,24,2025-06-06,153,2
3524,450,264,2025-10-21,162,4
3525,81,144,2024-07-27,110,3
3526,254,349,2025-12-13,145,2
3527,471,115,2025-09-25,117,4
3528,361,83,2024-07-09,128,5
3529,534,208,2024-11-28,52,5
3530,280,9,2024-04-18,132,5
3531,486,28,2024-07-16,15,1
3532,538,91,2025-06-01,63,4
3533,252,221,2024-11-24,82,2
3534,512,75,2024-11-02,41,3
3535,512,291,2024-11-03,108,4
3536,343,129,2024-10-17,36,5
3537,399,257,2025-12-13,80,5
3538,253,52,2024-08-22,54,5
3539,266,324,2024-02-20,48,5
3540,79,48,2025-01-01,164,2
3541,79,316,2025-01-01,151,2
3542,79,19,2025-01-01,147,4
3543,79,266,2025-01-01,112,3
3544,197,248,2024-07-20,113,5
3545,69,66,2025-03-17,130,4
3546,61,61,2024-06-30,84,5
3547,106,91,2025-08-19,80,3
3548,526,101,2025-12-11,91,4
3549,158,286,2024-06-15,149,5
3550,158,332,2024-06-15,134,4
3551,534,328,2025-01-07,146,2
3552,395,292,2025-11-15,59,3
3553,127,20,2024-07-14,94,2
3554,323,343,2024-08-10,30,2
3555,257,321,2024-01-13,92,5
3556,489,78,2025-10-06,102,3
3557,550,144,2024-02-10,163,3
3558,549,320,2025-12-24,139,5
3559,512,234,2024-05-17,68,5
3560,21,43,2024-08-11,146,3
3561,505,114,2025-04-18,78,4
3562,545,196,2024-07-31,160,3
3563,327,169,2024-08-12,94,5
3564,171,29,2025-04-15,99,4
3565,468,336,2025-06-17,157,4
3566,192,261,2025-10-28,70,5
3567,4,222,2025-01-18,143,4
3568,410,281,2024-12-20,30,3
3569,12,202,2025-08-15,115,3
3570,176,336,2025-01-14,60,1
3571,336,62,2024-12-25,84,5
3572,102,120,2025-05-24,42,3
3573,102,321,2025-05-24,112,5
3574,102,333,2025-05-24,88,2
3575,268,36,2025-05-13,156,1
3576,268,241,2025-05-14,80,4
3577,268,346,2025-05-14,56,3
3578,268,171,2025-05-14,58,4
3579,328,199,2024-05-02,101,5
3580,510,133,2024-03-30,21,4
3581,548,207,2024-06-14,31,2
3582,27,144,2024-04-07,60,2
3583,27,49,2024-04-07,89,3
3584,27,25,2024-04-07,75,2
3585,27,252,2024-04-07,140,4
3586,457,84,2025-10-09,131,4
3587,12,229,2024-05-11,97,5
3588,315,49,2024-04-16,120,1
3589,13,243,2024-04-23,44,4
3590,137,260,2024-05-30,59,4
3591,137,146,2024-05-30,19,4
3592,137,350,2024-05-30,52,3
3593,137,318,2024-05-30,46,4
3594,137,119,2024-05-31,134,4
3595,137,37,2024-05-31,138,2
3596,229,104,2024-06-13,84,4
3597,327,75,2025-05-28,128,5
3598,229,291,2025-05-25,151,5
3599,229,264,2025-05-26,112,5
3600,229,88,2025-05-26,55,2
3601,401,189,2024-02-03,100,4
3602,459,64,2024-11-19,123,5
3603,459,33,2024-11-19,151,2
3604,459,312,2024-11-19,93,2
3605,459,166,2024-11-19,162,2
3606,225,12,2024-09-30,48,3
3607,424,111,2025-12-16,74,5
3608,467,225,2025-11-26,19,4
3609,178,163,2025-12-05,105,2
3610,178,317,2025-12-06,122,3
3611,178,202,2025-12-06,125,2
3612,300,156,2025-05-24,84,5
3613,121,223,2025-04-22,59,3
3614,301,256,2024-01-30,137,4
3615,495,58,2025-11-26,29,3
3616,104,278,2025-03-28,72,3
3617,541,211,2024-07-15,80,5
3618,541,273,2024-07-15,135,4
3619,541,240,2024-07-15,130,2
3620,541,198,2024-07-15,32,2
3621,159,237,2025-01-25,110,2
3622,159,57,2024-03-15,73,5
3623,29,181,2025-05-15,74,4
3624,132,300,2024-09-28,30,3
3625,132,67,2024-09-28,87,3
3626,132,44,2024-09-28,157,3
3627,132,311,2024-09-28,104,3
3628,132,195,2024-09-28,112,3
3629,450,238,2024-11-20,104,5
3630,319,268,2024-07-06,114,4
3631,212,221,2025-10-05,73,5
3632,508,295,2025-05-24,97,4
3633,302,122,2024-10-14,32,3
3634,271,42,2024-09-08,119,4
3635,524,261,2025-02-03,66,3
3636,474,215,2025-07-29,16,3
3637,144,122,2024-01-25,61,1
3638,144,45,2024-01-26,143,5
3639,144,120,2024-01-26,62,3
3640,144,117,2024-01-26,38,5
3641,144,83,2024-01-26,95,1
3642,404,313,2024-08-10,59,5
3643,305,218,2025-10-11,89,3
3644,249,71,2025-05-26,34,3
3645,363,23,2024-12-28,94,5
3646,505,184,2025-11-05,58,3
3647,25,96,2025-09-06,129,2
3648,278,176,2025-11-13,82,2
3649,387,74,2024-03-22,23,3
3650,166,246,2024-10-25,60,5
3651,166,330,2024-10-25,131,5
3652,166,294,2024-10-25,103,3
3653,166,282,2024-10-26,44,3
3654,137,56,2024-08-09,37,2
3655,13,153,2025-05-16,55,3
3656,13,227,2025-05-17,51,3
3657,392,240,2024-12-17,101,2
3658,27,162,2024-01-05,142,5
3659,53,313,2024-08-02,86,4
3660,198,160,2024-10-08,64,3
3661,465,16,2025-01-17,130,3
3662,29,109,2025-10-05,105,2
3663,252,12,2025-10-20,79,5
3664,529,324,2024-12-25,91,3
3665,539,57,2025-03-20,91,5
3666,287,284,2024-01-25,136,5
3667,287,224,2024-01-25,70,4
3668,100,276,2024-10-30,156,2
3669,100,221,2024-10-31,21,3
3670,100,332,2024-10-31,98,5
3671,277,143,2024-11-27,83,3
3672,396,215,2024-07-17,161,4
3673,387,271,2024-02-04,41,3
3674,369,304,2025-04-02,152,5
3675,448,155,2024-06-03,153,3
3676,325,141,2025-04-29,84,2
3677,273,104,2025-11-17,71,2
3678,3,314,2025-10-05,144,3
3679,3,96,2025-10-05,98,5
3680,3,77,2025-10-05,36,4
3681,3,240,2025-10-05,26,4
3682,3,198,2025-10-05,113,4
3683,3,242,2025-10-06,117,3
3684,313,163,2025-02-01,70,5
3685,342,30,2025-07-04,16,2
3686,276,103,2025-10-14,125,5
3687,276,308,2025-10-14,126,5
3688,29,180,2024-02-14,105,5
3689,254,175,2024-02-02,154,4
3690,317,27,2024-10-17,118,3
3691,470,289,2024-03-22,70,5
3692,262,105,2025-05-28,61,4
3693,69,60,2025-05-15,163,4
3694,513,339,2025-03-04,90,2
3695,225,309,2025-08-22,159,5
3696,217,334,2024-05-21,37,4
3697,495,106,2024-04-23,123,4
3698,495,278,2024-04-24,40,3
3699,495,100,2024-04-24,132,5
3700,495,308,2024-04-24,38,4
3701,495,106,2024-04-24,45,5
3702,48,342,2025-11-18,111,5
3703,48,100,2025-11-18,149,4
3704,48,76,2025-11-19,132,5
3705,48,144,2025-11-19,91,1
3706,79,286,2025-07-21,138,4
3707,238,280,2025-03-18,125,3
3708,39,22,2024-03-30,142,5
3709,245,279,2024-01-21,155,1
3710,363,95,2025-06-28,107,4
3711,403,202,2024-10-10,136,3
3712,403,274,2024-10-10,27,4
3713,403,39,2024-10-10,114,5
3714,435,241,2025-03-18,37,3
3715,448,81,2024-03-10,39,5
3716,126,288,2025-08-20,124,5
3717,314,248,2025-03-07,138,3
3718,442,209,2025-01-05,142,3
3719,50,42,2024-05-14,54,3
3720,50,192,2024-05-15,71,3
3721,50,218,2024-05-15,86,1
3722,375,166,2025-08-08,25,4
3723,278,151,2024-07-06,150,5
3724,218,102,2024-12-27,86,3
3725,94,338,2025-10-20,156,3
3726,94,117,2025-10-21,108,3
3727,355,269,2025-01-12,101,5
3728,355,344,2025-01-12,51,4
3729,355,78,2025-01-12,108,5
3730,208,329,2024-01-13,112,5
3731,208,74,2024-01-14,45,5
3732,208,252,2024-01-14,126,4
3733,208,209,2024-01-14,98,4
3734,318,157,2024-04-19,124,1
3735,253,125,2025-08-13,87,5
3736,355,154,2024-04-10,76,4
3737,355,303,2024-04-10,112,4
3738,355,314,2024-04-10,160,4
3739,355,78,2024-04-10,17,2
3740,115,137,2024-04-22,116,3
3741,90,292,2024-07-04,92,1
3742,401,8,2025-11-20,102,3
3743,258,121,2025-02-05,66,5
3744,96,117,2024-06-09,43,4
3745,513,323,2024-06-09,43,5
3746,328,169,2024-04-18,28,1
3747,45,48,2024-03-02,124,5
3748,488,233,2024-12-04,140,5
3749,474,142,2024-09-04,106,4
3750,363,215,2025-11-17,19,1
3751,421,148,2024-12-06,63,2
3752,528,179,2025-05-26,38,5
3753,419,178,2025-02-25,29,2
3754,459,180,2024-06-06,87,1
3755,164,237,2024-05-10,145,5
3756,203,36,2024-05-13,88,5
3757,315,154,2024-07-08,92,4
3758,147,144,2024-07-24,27,3
3759,147,240,2024-07-24,156,5
3760,147,175,2024-07-24,50,2
3761,147,252,2024-07-25,145,5
3762,203,291,2025-07-12,133,2
3763,25,212,2025-06-01,109,5
3764,25,345,2025-06-01,58,5
3765,25,101,2025-06-01,90,5
3766,365,160,2024-01-17,91,4
3767,189,81,2025-08-02,90,3
3768,312,296,2025-07-07,92,1
3769,247,30,2024-09-14,108,4
3770,396,305,2025-01-22,62,4
3771,396,280,2025-01-22,25,2
3772,257,268,2024-09-17,124,5
3773,332,14,2024-03-29,139,3
3774,241,244,2025-07-11,32,3
3775,70,287,2025-10-22,148,3
3776,3,63,2024-06-12,26,1
3777,3,104,2024-06-12,89,3
3778,3,64,2024-06-12,55,4
3779,3,51,2024-06-12,52,4
3780,82,298,2024-02-16,84,3
3781,357,132,2024-09-07,143,3
3782,15,70,2025-12-07,113,5
3783,15,113,2025-12-07,109,3
3784,264,22,2025-06-06,133,3
3785,119,81,2024-02-29,17,4
3786,119,161,2024-03-01,61,4
3787,119,115,2024-03-01,142,3
3788,119,142,2024-03-01,155,5
3789,26,15,2025-09-06,157,5
3790,359,295,2025-04-06,90,2
3791,115,118,2025-07-31,46,5
3792,115,61,2025-07-31,84,2
3793,115,345,2025-07-31,62,4
3794,139,102,2024-01-08,102,5
3795,443,339,2024-01-17,157,5
3796,347,19,2024-10-16,79,1
3797,347,209,2024-10-16,15,3
3798,347,112,2024-10-16,132,4
3799,239,302,2025-05-31,141,5
3800,233,186,2025-10-28,135,3
3801,336,300,2024-01-08,146,5
3802,249,283,2024-05-20,100,2
3803,370,128,2024-03-05,73,2
3804,370,12,2024-03-05,108,1
3805,323,51,2025-04-25,76,3
3806,323,119,2025-04-25,43,4
3807,323,271,2025-04-25,55,3
3808,323,279,2025-04-26,77,4
3809,26,326,2024-10-31,77,5
3810,103,265,2024-10-07,79,4
3811,347,76,2024-01-30,124,3
3812,347,213,2024-01-30,63,5
3813,347,76,2024-01-30,70,3
3814,347,137,2024-01-30,90,2
3815,347,228,2024-01-30,89,2
3816,347,129,2024-01-30,142,3
3817,242,56,2025-05-29,94,2
3818,348,172,2025-12-01,54,3
3819,516,155,2025-03-09,33,3
3820,273,176,2024-09-11,86,5
3821,273,241,2024-09-11,154,4
3822,273,97,2024-09-11,98,5
3823,320,267,2025-02-03,104,4
3824,120,128,2024-05-16,36,3
3825,426,147,2024-06-24,106,2
3826,373,215,2025-10-30,79,2
3827,348,152,2025-08-12,91,4
3828,83,190,2025-06-28,84,5
3829,77,304,2024-04-23,92,5
3830,397,199,2024-06-26,149,4
3831,397,268,2024-06-26,85,2
3832,397,11,2024-06-26,85,2
3833,397,295,2024-06-26,29,3
3834,397,257,2024-06-26,30,1
3835,397,282,2024-06-27,103,2
3836,202,87,2024-01-27,62,4
3837,394,212,2024-02-18,164,5
3838,399,345,2025-01-21,88,5
3839,399,297,2025-01-21,159,3
3840,396,124,2025-03-10,71,1
3841,169,153,2024-07-14,131,3
3842,169,177,2024-07-14,135,5
3843,169,91,2024-07-14,140,4
3844,169,211,2024-07-14,129,4
3845,390,126,2025-10-13,56,1
3846,87,310,2024-10-03,25,2
3847,547,270,2024-03-10,35,5
3848,280,302,2024-11-27,47,3
3849,236,118,2025-05-25,72,4
3850,236,32,2025-05-26,97,4
3851,236,149,2025-05-26,105,5
3852,236,9,2024-08-30,115,5
3853,420,62,2025-03-11,129,5
3854,403,41,2024-11-30,86,4
3855,403,253,2024-11-30,33,4
3856,403,76,2024-11-30,144,3
3857,403,287,2024-11-30,121,4
3858,403,183,2024-11-30,128,5
3859,403,95,2024-11-30,61,4
3860,372,172,2024-11-26,66,5
3861,159,226,2024-06-23,41,2
3862,53,264,2024-11-28,26,4
3863,53,304,2024-11-28,35,5
3864,53,294,2024-11-28,156,5
3865,55,4,2024-08-17,81,4
3866,85,228,2024-10-16,29,4
3867,349,234,2025-11-22,123,2
3868,349,252,2025-11-23,104,2
3869,363,262,2025-02-11,146,4
3870,508,179,2024-05-27,27,4
3871,520,318,2025-12-29,101,3
3872,520,324,2025-12-29,134,4
3873,299,233,2024-09-12,156,1
3874,299,67,2024-09-12,140,4
3875,299,192,2024-09-13,144,3
3876,299,262,2024-09-13,65,4
3877,299,250,2024-09-13,44,4
3878,366,325,2024-12-04,159,3
3879,367,239,2024-04-23,110,4
3880,241,147,2025-07-04,20,2
3881,72,16,2025-11-01,118,3
3882,443,66,2024-01-15,85,5
3883,443,323,2024-01-15,83,5
3884,443,136,2024-01-16,101,3
3885,262,214,2025-04-09,111,5
3886,173,268,2025-11-13,128,4
3887,115,61,2025-07-13,161,4
3888,308,234,2025-01-01,165,5
3889,283,322,2025-02-07,144,1
3890,265,286,2024-06-22,48,4
3891,265,224,2024-06-22,71,5
3892,265,310,2024-06-22,157,4
3893,47,177,2025-01-19,42,4
3894,47,331,2025-01-19,62,1
3895,47,6,2025-01-20,34,4
3896,47,343,2025-01-20,151,4
3897,47,298,2025-01-20,83,4
3898,227,61,2024-01-13,37,4
3899,182,276,2024-07-02,134,4
3900,93,265,2025-11-27,19,1
3901,480,196,2025-01-08,144,5
3902,480,257,2025-01-08,165,2
3903,480,1,2025-01-09,117,3
3904,424,62,2024-08-12,117,5
3905,424,179,2024-08-12,78,4
3906,84,190,2025-10-18,59,5
3907,498,138,2025-06-22,122,5
3908,88,52,2024-08-17,119,4
3909,188,165,2024-12-21,23,3
3910,416,23,2024-01-11,143,5
3911,436,216,2025-11-29,15,3
3912,154,347,2024-01-13,115,4
3913,383,279,2024-06-19,68,5
3914,37,48,2025-04-25,26,4
3915,37,195,2025-04-25,111,2
3916,37,324,2025-04-25,20,1
3917,37,76,2025-04-25,68,5
3918,4,262,2025-03-15,141,4
3919,66,125,2024-04-06,16,3
3920,215,190,2025-03-10,79,5
3921,163,102,2024-11-30,76,5
3922,285,217,2024-02-01,155,5
3923,206,308,2024-09-13,123,2
3924,101,170,2024-12-16,134,2
3925,64,244,2024-03-09,149,2
3926,74,112,2024-06-12,161,2
3927,124,15,2025-03-28,80,4
3928,124,196,2025-03-29,135,5
3929,124,37,2025-03-29,63,4
3930,124,199,2025-03-29,142,3
3931,124,301,2025-03-29,141,5
3932,124,144,2025-03-29,165,5
3933,328,145,2025-02-23,125,4
3934,349,92,2024-02-04,126,4
3935,349,133,2024-02-04,164,5
3936,349,330,2024-02-04,94,4
3937,349,72,2024-02-04,20,2
3938,471,29,2024-04-18,138,1
3939,471,37,2024-04-18,73,5
3940,471,173,2024-04-19,21,4
3941,162,288,2025-09-24,72,1
3942,162,186,2025-09-24,98,5
3943,162,262,2025-09-25,151,2
3944,162,2,2025-09-25,111,4
3945,294,223,2024-07-17,127,3
3946,250,152,2025-09-03,50,3
3947,250,170,2025-09-03,115,4
3948,250,328,2025-09-03,90,3
3949,97,28,2024-06-29,133,4
3950,97,315,2024-06-29,136,1
3951,97,39,2024-06-30,85,5
3952,97,307,2024-06-30,75,1
3953,57,230,2024-02-05,160,3
3954,317,158,2024-10-16,55,5
3955,283,13,2025-08-11,83,3
3956,283,94,2025-08-11,49,5
3957,180,258,2024-03-10,115,3
3958,15,203,2024-06-19,149,4
3959,38,317,2024-08-21,129,4
3960,441,158,2025-01-31,79,5
3961,441,189,2025-01-31,142,3
3962,441,241,2025-01-31,106,2
3963,441,67,2025-01-31,135,3
3964,245,315,2025-08-05,71,3
3965,392,345,2024-06-19,140,3
3966,228,151,2024-03-20,40,5
3967,228,258,2024-03-21,65,5
3968,228,103,2024-03-21,99,2
3969,160,14,2025-03-30,93,3
3970,14,347,2024-01-14,152,3
3971,484,286,2024-06-28,121,3
3972,425,199,2025-01-07,92,4
3973,308,226,2024-10-31,147,4
3974,50,282,2025-01-09,125,3
3975,256,212,2025-07-10,133,5
3976,378,138,2025-06-28,78,5
3977,378,252,2025-06-28,92,5
3978,378,252,2025-06-28,150,3
3979,353,328,2025-12-05,108,5
3980,369,335,2025-04-07,61,4
3981,369,78,2025-04-07,139,1
3982,369,121,2025-04-07,62,5
3983,149,236,2025-01-21,158,4
3984,387,123,2025-04-18,28,4
3985,26,347,2025-07-23,63,4
3986,190,174,2024-04-08,143,5
3987,93,64,2025-12-30,159,1
3988,402,325,2024-09-03,117,3
3989,169,120,2024-03-28,73,3
3990,169,155,2024-03-28,94,2
3991,169,4,2024-03-28,52,5
3992,169,273,2024-03-28,124,5
3993,516,238,2025-03-23,92,5
3994,418,173,2024-11-17,76,3
3995,537,126,2025-07-05,126,3
3996,297,265,2025-11-11,140,3
3997,43,79,2025-02-07,121,2
3998,43,186,2025-02-07,46,3
3999,83,154,2025-03-19,17,1
4000,98,253,2024-04-10,88,4
4001,98,160,2024-04-10,70,4
4002,98,253,2024-04-10,143,4
4003,98,32,2024-04-11,109,3
4004,82,17,2025-02-28,15,2
4005,82,272,2025-02-28,148,5
4006,82,83,2025-02-28,39,5
4007,82,225,2025-02-28,73,4
4008,504,162,2024-10-21,19,1
4009,58,322,2025-11-30,114,2
4010,261,77,2024-03-10,73,3
4011,261,7,2024-03-10,165,1
4012,436,162,2024-04-06,85,4
4013,83,324,2025-08-11,140,5
4014,300,246,2025-08-15,155,5
4015,74,216,2025-10-31,126,5
4016,4,29,2025-03-03,77,4
4017,4,96,2025-03-03,53,2
4018,303,219,2024-09-09,146,4
4019,156,214,2024-09-02,58,4
4020,494,185,2024-12-29,50,5
4021,538,59,2024-01-27,153,3
4022,538,30,2024-01-27,72,3
4023,59,342,2024-10-05,22,3
4024,217,320,2024-06-23,130,4
4025,238,167,2025-12-09,73,3
4026,263,135,2025-06-24,132,4
4027,491,25,2024-10-11,120,4
4028,60,156,2025-04-26,94,4
4029,216,215,2024-06-06,144,2
4030,374,90,2024-05-20,38,1
4031,374,281,2024-05-20,141,5
4032,223,223,2025-02-13,152,4
4033,223,165,2025-02-14,104,3
4034,528,217,2025-09-19,87,5
4035,407,305,2025-07-04,100,3
4036,407,70,2025-07-04,147,3
4037,407,261,2025-07-04,132,3
4038,407,300,2025-07-05,105,4
4039,41,229,2025-03-03,39,5
4040,345,38,2025-04-06,157,3
4041,352,341,2025-02-15,84,5
4042,509,343,2024-11-17,161,5
4043,107,15,2025-06-02,143,4
4044,397,219,2024-07-04,103,4
4045,397,156,2024-07-04,127,5
4046,397,50,2024-07-04,131,5
4047,397,22,2024-07-04,68,5
4048,397,40,2024-07-05,141,3
4049,397,270,2024-07-05,25,1
4050,66,83,2025-02-18,156,5
4051,343,206,2024-07-16,123,3
4052,543,313,2025-08-02,149,5
4053,262,24,2024-04-07,32,1
4054,456,73,2024-02-16,109,5
4055,42,270,2025-09-13,163,4
4056,339,208,2024-11-08,60,3
4057,153,294,2025-01-18,122,2
4058,330,331,2025-01-10,30,4
4059,496,296,2024-03-02,152,3
4060,57,151,2025-12-10,70,5
4061,110,345,2025-12-18,77,1
4062,124,171,2025-02-22,70,4
4063,124,343,2025-02-22,160,3
4064,124,209,2025-02-23,111,1
4065,303,350,2025-12-14,107,3
4066,104,112,2025-02-20,17,2
4067,357,137,2024-03-14,135,2
4068,432,313,2025-05-09,129,5
4069,525,135,2025-11-29,35,5
4070,525,14,2025-11-29,40,5
4071,525,16,2025-11-29,130,3
4072,139,263,2025-11-19,121,5
4073,294,208,2024-11-28,153,2
4074,422,116,2024-10-11,62,4
4075,76,19,2025-11-12,48,1
4076,341,300,2024-07-10,153,4
4077,304,23,2025-01-16,164,4
4078,375,243,2024-01-09,138,4
4079,274,284,2024-05-09,110,3
4080,155,253,2024-09-09,155,4
4081,375,147,2025-04-02,31,2
4082,375,336,2025-04-02,95,3
4083,375,224,2025-04-02,155,1
4084,375,212,2025-04-03,95,5
4085,427,152,2025-02-10,66,5
4086,344,202,2024-05-24,43,1
4087,523,53,2024-04-19,79,4
4088,523,33,2024-04-19,53,5
4089,258,276,2024-11-05,146,3
4090,15,5,2024-01-19,47,1
4091,124,201,2024-08-09,164,1
4092,124,42,2024-08-09,160,3
4093,124,298,2024-08-09,52,1
4094,124,23,2024-08-10,78,2
4095,425,214,2024-05-20,127,4
4096,265,242,2024-04-27,94,4
4097,163,228,2025-09-28,92,2
4098,163,97,2025-09-28,80,3
4099,163,212,2025-09-28,157,4
4100,123,334,2025-02-04,72,2
4101,354,276,2024-11-06,120,3
4102,41,78,2024-05-27,98,1
4103,152,116,2025-07-19,97,5
4104,373,276,2025-01-06,71,5
4105,517,180,2024-11-15,32,4
4106,517,220,2024-11-15,142,4
4107,517,344,2024-11-15,148,4
4108,517,99,2024-11-15,146,4
4109,146,165,2025-03-22,45,4
4110,261,131,2025-09-19,165,5
4111,261,96,2025-09-19,81,5
4112,261,291,2025-09-19,142,3
4113,261,16,2025-09-19,57,4
4114,294,63,2024-08-16,33,4
4115,75,298,2024-07-09,124,5
4116,75,58,2024-07-09,151,3
4117,264,59,2025-10-23,77,3
4118,236,259,2024-09-09,56,4
4119,481,186,2025-09-27,97,4
4120,133,157,2025-01-03,116,4
4121,133,56,2025-01-04,136,4
4122,353,49,2024-04-12,94,4
4123,406,229,2025-07-01,16,3
4124,293,350,2025-12-05,130,2
4125,393,34,2024-09-07,89,5
4126,325,272,2024-03-24,107,4
4127,456,258,2025-06-21,28,2
4128,81,199,2025-08-10,160,5
4129,118,224,2024-12-09,149,3
4130,219,101,2025-08-07,52,4
4131,362,22,2025-07-30,150,5
4132,139,32,2025-10-22,134,4
4133,139,46,2025-10-22,80,3
4134,139,152,2025-10-22,144,5
4135,139,158,2025-10-22,82,3
4136,15,179,2024-01-09,93,3
4137,179,332,2025-11-20,42,2
4138,132,91,2024-07-22,165,3
4139,185,95,2024-09-19,44,2
4140,459,341,2025-05-24,39,5
4141,343,55,2025-05-08,152,4
4142,95,157,2025-04-26,122,2
4143,37,233,2025-02-07,68,5
4144,486,53,2024-04-02,38,4
4145,513,130,2024-09-07,69,5
4146,381,210,2025-01-06,96,3
4147,11,333,2025-07-27,98,5
4148,305,43,2025-01-30,81,3
4149,210,107,2025-11-17,43,2
4150,306,182,2025-08-17,40,5
4151,411,253,2024-01-17,85,5
4152,56,321,2024-02-27,152,2
4153,56,290,2024-02-28,164,5
4154,56,299,2024-02-28,158,3
4155,253,126,2025-01-08,35,3
4156,402,270,2025-04-25,74,4
4157,187,330,2025-09-11,160,3
4158,490,63,2024-05-10,40,3
4159,490,172,2024-05-10,78,3
4160,490,283,2024-05-10,116,4
4161,490,74,2024-05-10,78,4
4162,177,260,2025-10-23,80,4
4163,374,240,2025-09-06,59,4
4164,503,50,2025-03-23,161,1
4165,229,83,2024-05-27,94,4
4166,420,71,2025-02-24,116,3
4167,420,28,2025-02-24,83,5
4168,420,91,2025-02-24,61,3
4169,420,11,2025-02-25,110,4
4170,318,247,2024-12-25,110,4
4171,112,202,2025-07-23,80,4
4172,112,248,2025-07-23,124,4
4173,112,211,2025-07-24,30,4
4174,112,209,2025-07-24,143,4
4175,235,252,2025-05-06,47,1
4176,77,319,2024-07-04,110,2
4177,169,202,2024-01-09,123,1
4178,169,284,2024-01-09,104,4
4179,169,314,2024-01-09,41,4
4180,169,223,2024-01-10,141,2
4181,169,349,2024-01-10,125,4
4182,452,127,2025-06-23,58,5
4183,371,241,2024-09-07,31,4
4184,400,172,2024-09-05,105,3
4185,400,75,2024-09-05,105,4
4186,400,106,2024-09-06,65,5
4187,84,342,2025-07-30,98,2
4188,192,342,2024-02-11,114,5
4189,449,296,2024-11-25,98,3
4190,190,102,2024-05-08,77,4
4191,417,238,2024-07-26,35,5
4192,21,265,2024-06-09,132,4
4193,334,320,2025-05-31,124,3
4194,481,236,2025-08-17,133,5
4195,511,42,2024-12-09,105,5
4196,48,16,2025-02-13,126,3
4197,187,270,2024-05-31,119,3
4198,341,319,2025-11-17,126,3
4199,453,278,2025-10-14,50,4
4200,36,332,2025-11-18,59,4
4201,3,118,2024-12-12,117,1
4202,465,49,2024-01-25,127,1
4203,132,7,2025-07-14,45,5
4204,534,271,2024-08-17,106,5
4205,175,24,2024-08-16,59,3
4206,37,141,2025-06-27,28,4
4207,436,130,2025-06-12,113,5
4208,48,134,2025-01-15,65,3
4209,103,111,2024-11-22,33,1
4210,337,199,2025-06-29,127,3
4211,351,117,2024-10-25,89,3
4212,117,210,2024-03-28,34,2
4213,117,135,2024-03-28,85,4
4214,117,72,2024-03-28,116,5
4215,117,39,2024-03-28,72,3
4216,117,272,2024-03-29,75,5
4217,320,28,2024-11-04,72,4
4218,39,174,2025-01-28,153,2
4219,519,102,2025-11-25,107,4
4220,169,120,2025-06-06,107,5
4221,169,202,2025-06-06,148,5
4222,169,265,2025-06-06,147,1
4223,169,29,2025-06-06,145,5
4224,169,26,2025-06-06,162,4
4225,428,339,2024-06-18,126,2
4226,515,342,2024-08-03,40,5
4227,547,215,2024-04-15,156,3
4228,99,281,2024-04-13,38,4
4229,115,308,2024-12-23,127,4
4230,166,210,2025-08-21,109,4
4231,373,120,2025-10-08,113,5
4232,373,284,2025-10-08,26,3
4233,373,15,2025-10-09,64,2
4234,90,322,2024-12-06,125,3
4235,354,292,2025-05-27,163,5
4236,264,275,2025-08-10,146,4
4237,264,96,2025-08-10,140,4
4238,264,269,2025-08-10,62,3
4239,264,310,2025-08-10,160,4
4240,289,185,2024-05-03,42,5
4241,195,239,2024-10-16,88,5
4242,441,91,2024-03-31,114,2
4243,10,306,2024-12-26,45,4
4244,377,306,2025-07-08,92,3
4245,450,127,2024-03-14,93,5
4246,217,40,2024-04-17,89,5
4247,129,269,2025-03-15,65,4
4248,127,211,2025-01-29,143,3
4249,199,213,2024-07-25,68,5
4250,413,184,2024-09-23,126,5
4251,215,118,2024-02-02,127,4
4252,350,295,2024-07-31,57,5
4253,350,323,2024-07-31,121,3
4254,350,108,2024-07-31,138,1
4255,123,260,2024-08-15,57,5
4256,496,61,2024-04-06,80,1
4257,387,273,2024-01-13,120,1
4258,145,346,2025-10-30,151,4
4259,149,195,2024-12-10,42,5
4260,102,34,2024-09-07,107,1
4261,331,259,2025-09-20,137,2
4262,490,238,2024-07-07,28,3
4263,96,300,2025-07-24,95,2
4264,465,97,2024-07-21,36,5
4265,465,259,2024-07-21,75,4
4266,465,211,2024-07-21,111,5
4267,460,312,2025-07-01,112,5
4268,157,187,2024-07-31,111,3
4269,115,144,2025-11-17,38,3
4270,88,209,2025-02-15,130,5
4271,178,198,2025-03-14,38,5
4272,375,264,2024-10-13,164,4
4273,476,300,2025-09-23,150,5
4274,233,161,2025-08-24,38,5
4275,431,9,2024-04-28,58,3
4276,214,309,2024-01-08,142,1
4277,398,104,2024-05-13,82,2
4278,160,254,2024-01-08,144,3
4279,477,168,2024-09-13,116,1
4280,76,322,2025-12-27,126,4
4281,239,232,2024-06-10,125,3
4282,187,227,2024-09-02,45,5
4283,56,85,2025-03-09,127,4
4284,295,132,2025-08-16,86,5
4285,295,319,2025-08-16,64,2
4286,295,44,2025-08-16,136,5
4287,537,285,2024-04-28,83,3
4288,117,194,2024-06-15,116,5
4289,117,209,2024-06-15,156,5
4290,117,345,2024-06-15,161,3
4291,117,345,2024-06-15,121,4
4292,117,95,2024-06-16,115,4
4293,6,39,2024-01-08,81,2
4294,397,68,2024-04-26,81,5
4295,397,313,2024-04-26,90,1
4296,397,89,2024-04-26,115,5
4297,433,203,2024-02-01,64,4
4298,59,72,2025-03-24,28,2
4299,177,320,2025-11-07,57,4
4300,447,282,2025-06-24,107,2
4301,76,297,2025-03-08,53,5
4302,101,293,2024-12-12,88,2
4303,508,69,2024-09-20,63,4
4304,323,318,2024-11-27,153,2
4305,323,193,2024-11-27,165,5
4306,248,335,2025-12-01,131,4
4307,329,338,2025-01-19,32,1
4308,331,213,2024-10-11,159,3
4309,481,263,2025-09-09,24,4
4310,372,46,2024-03-19,65,3
4311,486,308,2024-04-28,164,5
4312,486,6,2024-04-28,154,5
4313,486,179,2024-04-28,24,3
4314,486,308,2024-04-29,120,4
4315,407,59,2025-09-12,104,1
4316,391,296,2025-05-14,120,3
4317,207,152,2024-06-02,140,1
4318,207,85,2024-06-02,80,1
4319,400,118,2024-05-20,63,4
4320,127,183,2025-12-17,153,5
4321,194,141,2024-11-19,21,4
4322,317,269,2024-01-13,31,1
4323,521,201,2025-09-23,112,3
4324,3,317,2025-01-02,107,5
4325,187,270,2025-04-16,124,5
4326,74,43,2024-03-28,76,2
4327,74,130,2024-03-28,58,1
4328,267,188,2025-08-13,83,1
4329,143,11,2024-05-09,101,3
4330,330,222,2025-04-30,83,3
4331,13,108,2024-12-27,84,4
4332,191,279,2025-10-27,78,4
4333,238,149,2025-07-10,66,3
4334,238,274,2025-07-10,153,4
4335,238,69,2025-07-10,98,5
4336,457,336,2025-08-11,73,4
4337,457,25,2025-08-11,99,5
4338,457,270,2025-08-11,96,5
4339,104,40,2025-06-07,99,4
4340,330,156,2025-07-01,113,4
4341,330,162,2025-07-01,117,4
4342,330,151,2025-07-01,30,2
4343,330,25,2025-07-01,157,5
4344,63,159,2025-11-09,78,3
4345,96,10,2025-08-27,96,5
4346,195,43,2024-02-28,97,4
4347,217,3,2025-07-05,38,4
4348,217,50,2025-07-05,93,5
4349,460,143,2024-11-01,88,4
4350,329,6,2024-12-02,98,4
4351,329,245,2024-12-02,86,1
4352,329,121,2024-12-02,61,1
4353,354,230,2025-11-08,49,2
4354,425,293,2024-09-26,62,5
4355,82,33,2025-04-02,151,2
4356,87,206,2025-01-13,92,2
4357,404,2,2024-11-19,102,4
4358,81,58,2024-02-04,72,4
4359,261,6,2025-03-19,107,1
4360,300,236,2024-09-17,33,4
4361,549,211,2024-12-25,147,2
4362,289,15,2024-05-17,159,4
4363,340,273,2024-04-24,154,2
4364,340,72,2024-04-24,147,1
4365,340,151,2024-04-24,79,5
4366,340,295,2024-04-24,131,5
4367,496,63,2025-11-08,99,5
4368,161,116,2024-05-04,118,2
4369,523,84,2024-10-26,56,4
4370,185,157,2024-11-11,19,4
4371,248,208,2025-10-09,161,3
4372,161,335,2025-04-13,34,4
4373,314,219,2025-08-11,121,3
4374,314,258,2025-08-11,107,3
4375,516,249,2024-01-19,131,4
4376,261,145,2024-07-29,37,2
4377,103,303,2025-04-10,126,4
4378,469,164,2025-02-13,116,3
4379,260,285,2025-11-04,71,4
4380,260,219,2025-11-04,143,2
4381,260,252,2025-11-04,65,5
4382,260,250,2025-11-04,108,5
4383,457,324,2025-05-07,44,5
4384,57,211,2024-01-19,74,5
4385,57,195,2024-01-19,35,2
4386,57,171,2024-01-19,28,3
4387,274,234,2025-07-16,130,4
4388,420,201,2025-12-07,36,5
4389,420,192,2025-12-07,163,2
4390,420,317,2025-12-07,45,4
4391,420,323,2025-12-08,77,5
4392,420,122,2025-12-08,25,4
4393,437,279,2024-01-24,151,1
4394,476,215,2024-11-09,75,2
4395,494,310,2025-02-11,44,5
4396,263,39,2024-04-18,94,5
4397,263,151,2024-04-18,58,4
4398,263,294,2024-04-18,82,4
4399,76,290,2025-09-19,131,5
4400,22,222,2024-07-20,72,1
4401,492,123,2024-07-01,54,2
4402,4,73,2025-11-19,92,4
4403,4,153,2025-11-19,83,4
4404,4,88,2025-11-19,115,4
4405,99,154,2025-10-31,62,5
4406,377,257,2025-01-29,143,5
4407,298,318,2025-07-25,106,5
4408,543,134,2025-01-29,150,5
4409,55,74,2024-01-10,44,4
4410,77,147,2025-01-01,149,4
4411,285,138,2025-11-01,88,2
4412,473,187,2025-05-14,104,5
4413,82,349,2025-06-23,138,4
4414,86,108,2025-03-29,149,5
4415,86,40,2025-03-30,21,4
4416,498,20,2025-11-12,71,4
4417,105,79,2024-05-17,93,2
4418,449,260,2024-04-12,144,3
4419,215,228,2025-11-08,120,2
4420,231,17,2024-04-03,78,5
4421,473,179,2024-07-14,66,3
4422,239,170,2025-12-23,151,5
4423,239,346,2025-12-23,107,4
4424,424,153,2025-07-18,41,1
4425,537,56,2024-10-03,80,5
4426,278,213,2025-07-09,141,5
4427,32,199,2024-02-03,78,5
4428,336,97,2025-10-04,94,4
4429,281,33,2025-05-21,134,5
4430,341,143,2024-11-20,121,5
4431,59,302,2024-09-26,21,4
4432,164,163,2025-05-25,21,3
4433,378,246,2024-01-22,132,1
4434,175,343,2025-07-15,163,2
4435,307,176,2024-05-20,16,3
4436,63,154,2024-02-14,154,2
4437,182,197,2025-09-24,142,5
4438,120,65,2024-01-06,75,4
4439,80,81,2024-08-13,53,5
4440,479,301,2024-04-17,35,1
4441,507,91,2024-03-23,15,1
4442,460,179,2025-07-20,83,4
4443,439,96,2025-05-08,162,3
4444,182,117,2025-08-23,127,5
4445,373,185,2024-07-19,137,5
4446,105,180,2024-02-16,129,5
4447,401,85,2025-06-30,66,2
4448,545,49,2024-04-08,154,1
4449,72,306,2025-10-26,128,2
4450,381,83,2025-09-25,126,5
4451,79,324,2025-02-27,120,5
4452,198,256,2024-02-25,88,5
4453,152,35,2024-10-09,72,3
4454,475,169,2025-10-27,22,4
4455,53,221,2025-03-23,30,4
4456,237,230,2024-01-06,123,1
4457,547,206,2025-10-05,58,3
4458,382,294,2024-01-06,110,5
4459,249,339,2024-01-16,128,4
4460,249,62,2024-01-16,76,3
4461,249,58,2024-01-16,54,4
4462,336,247,2024-12-02,49,3
4463,497,230,2025-01-26,90,4
4464,230,151,2025-01-14,77,2
4465,338,305,2025-04-24,114,1
4466,371,180,2025-12-09,115,5
4467,371,59,2025-12-09,161,5
4468,371,202,2025-12-09,32,4
4469,371,201,2025-12-09,97,3
4470,158,305,2025-12-17,52,2
4471,232,81,2025-09-18,96,4
4472,385,30,2025-01-10,108,5
4473,127,203,2025-09-16,19,3
4474,127,253,2025-09-16,94,2
4475,127,263,2025-09-16,94,2
4476,127,203,2025-09-17,65,3
4477,431,223,2024-04-30,39,5
4478,111,162,2025-08-15,63,1
4479,204,155,2024-08-03,100,2
4480,204,8,2024-08-03,73,4
4481,158,161,2024-09-21,42,5
4482,440,76,2025-04-23,90,4
4483,489,290,2025-09-12,132,3
4484,60,283,2025-06-22,73,2
4485,174,238,2025-05-26,120,2
4486,4,312,2025-11-07,58,3
4487,70,265,2025-07-11,58,5
4488,65,296,2024-06-12,91,4
4489,273,22,2025-05-30,87,3
4490,293,133,2025-09-16,77,4
4491,293,5,2025-09-17,114,5
4492,293,338,2025-09-17,75,5
4493,293,185,2025-09-17,30,1
4494,427,316,2024-11-21,119,2
4495,103,226,2025-11-17,77,3
4496,488,319,2024-11-06,159,3
4497,537,165,2025-10-19,123,3
4498,539,246,2024-01-24,151,2
4499,451,73,2024-03-20,113,4
4500,141,147,2025-08-31,139,3
4501,232,310,2024-02-09,74,3
4502,15,202,2025-03-27,84,2
4503,460,194,2025-01-30,110,5
4504,352,241,2024-12-17,128,3
4505,183,281,2024-02-26,75,4
4506,25,293,2024-04-16,50,4
4507,25,148,2024-04-16,95,5
4508,25,294,2024-04-16,89,4
4509,259,284,2025-05-28,116,4
4510,510,61,2025-07-26,144,3
4511,510,64,2025-07-26,152,4
4512,510,15,2025-07-26,41,5
4513,400,49,2024-02-07,20,1
4514,109,150,2025-11-12,74,2
4515,486,285,2024-10-02,153,5
4516,5,311,2024-05-13,44,5
4517,203,171,2024-06-10,40,3
4518,203,274,2024-06-10,156,5
4519,68,122,2025-05-21,115,1
4520,23,141,2024-06-29,143,3
4521,424,130,2025-03-17,132,3
4522,270,242,2024-01-16,140,4
4523,270,242,2024-01-16,141,4
4524,270,330,2024-01-16,103,5
4525,353,66,2024-06-16,32,4
4526,21,218,2024-09-09,152,4
4527,233,288,2024-05-28,46,5
4528,290,340,2024-02-25,151,4
4529,281,32,2025-06-06,41,2
4530,77,129,2025-08-09,144,4
4531,77,197,2025-08-10,134,2
4532,77,179,2025-08-10,76,5
4533,77,40,2025-08-10,79,1
4534,373,327,2024-03-31,103,3
4535,360,251,2024-12-24,103,3
4536,479,133,2025-06-10,30,2
4537,300,7,2025-04-05,158,5
4538,127,249,2024-03-16,82,5
4539,127,199,2024-03-16,133,5
4540,127,133,2024-03-16,128,2
4541,127,20,2024-03-16,117,5
4542,21,124,2024-05-13,102,5
4543,208,146,2025-04-08,102,4
4544,208,323,2025-04-08,62,5
4545,208,348,2025-04-08,133,5
4546,167,263,2025-10-29,39,4
4547,112,326,2024-11-03,156,3
4548,520,279,2025-04-08,16,1
4549,361,94,2025-08-14,49,5
4550,361,31,2025-08-14,164,2
4551,361,55,2025-08-14,99,1
4552,361,295,2025-08-14,36,5
4553,66,240,2025-03-09,84,5
4554,21,315,2024-06-24,37,5
4555,535,47,2025-04-20,111,3
4556,55,24,2025-03-07,46,5
4557,393,178,2024-08-01,58,3
4558,510,310,2024-07-10,79,4
4559,510,153,2024-07-10,49,4
4560,510,35,2024-07-10,147,1
4561,510,301,2024-07-10,153,4
4562,510,73,2024-07-10,118,3
4563,510,193,2024-07-11,63,5
4564,394,257,2025-11-16,68,2
4565,394,51,2025-11-16,99,5
4566,394,234,2025-11-16,77,3
4567,394,247,2025-11-16,152,5
4568,394,331,2025-11-16,138,2
4569,134,82,2025-05-03,41,4
4570,80,8,2025-02-16,76,5
4571,241,176,2024-01-02,128,2
4572,312,101,2025-10-19,152,4
4573,309,35,2024-12-11,61,3
4574,309,225,2024-12-11,63,5
4575,121,21,2025-05-11,112,3
4576,474,285,2024-01-13,146,1
4577,503,17,2024-03-12,153,4
4578,361,252,2025-05-05,147,1
4579,444,245,2024-12-05,55,5
4580,481,214,2025-03-17,142,5
4581,397,50,2024-10-04,135,3
4582,526,346,2025-05-16,134,3
4583,222,149,2025-09-28,92,4
4584,260,38,2024-07-10,78,5
4585,264,99,2024-12-06,28,3
4586,156,139,2024-03-30,78,3
4587,549,249,2025-07-01,56,5
4588,122,108,2025-03-06,28,4
4589,383,64,2024-08-29,68,4
4590,374,20,2024-03-17,126,3
4591,374,225,2024-03-17,77,5
4592,374,271,2024-03-17,147,5
4593,374,28,2024-03-17,81,5
4594,75,149,2025-12-03,149,3
4595,437,15,2024-02-21,33,1
4596,83,31,2025-10-16,129,5
4597,285,42,2024-01-03,36,4
4598,353,280,2024-10-13,145,5
4599,331,33,2024-06-29,78,5
4600,533,269,2024-04-04,89,5
4601,312,337,2024-09-27,134,5
4602,186,265,2024-03-18,149,5
4603,149,339,2025-05-12,25,3
4604,177,130,2025-11-05,138,5
4605,94,95,2024-04-30,105,5
4606,94,119,2024-04-30,28,4
4607,94,100,2024-04-30,30,1
4608,210,109,2024-01-15,91,5
4609,154,97,2024-08-13,142,4
4610,495,349,2024-11-29,38,1
4611,431,29,2025-12-08,136,3
4612,300,243,2025-07-08,126,5
4613,300,308,2025-07-08,63,3
4614,300,323,2025-07-08,97,4
4615,300,243,2025-07-08,156,2
4616,148,171,2025-12-24,80,2
4617,139,150,2025-04-05,106,5
4618,455,325,2024-12-11,97,5
4619,92,224,2025-03-26,139,5
4620,78,69,2025-12-22,39,4
4621,339,236,2025-01-07,36,2
4622,336,343,2024-06-07,105,5
4623,263,11,2024-05-14,156,5
4624,386,234,2025-03-18,119,5
4625,386,338,2025-03-18,88,2
4626,386,342,2025-03-18,39,1
4627,386,349,2025-03-18,133,5
4628,109,205,2025-10-28,153,5
4629,181,78,2024-02-05,140,4
4630,2,51,2025-07-15,15,3
4631,290,104,2024-06-27,47,1
4632,342,82,2025-11-09,46,1
4633,116,200,2024-06-26,69,2
4634,230,42,2024-03-15,135,4
4635,247,253,2025-04-25,103,1
4636,247,305,2025-04-26,19,4
4637,247,320,2025-04-26,146,1
4638,247,184,2025-04-26,119,2
4639,452,148,2024-01-08,132,4
4640,459,111,2024-01-18,48,4
4641,95,20,2025-06-29,103,1
4642,353,88,2024-06-20,98,2
4643,353,60,2024-06-20,93,5
4644,353,244,2024-06-21,89,3
4645,19,61,2024-02-02,70,1
4646,19,71,2024-02-02,80,4
4647,19,276,2024-02-02,46,2
4648,19,36,2024-02-02,38,2
4649,19,337,2024-02-02,164,5
4650,19,260,2024-02-02,96,4
4651,115,57,2025-12-28,143,3
4652,123,224,2024-02-06,154,2
4653,406,213,2024-02-26,95,2
4654,430,279,2024-09-01,136,5
4655,371,228,2024-07-24,159,1
4656,306,27,2025-11-29,136,3
4657,306,135,2025-11-29,72,3
4658,262,226,2025-01-14,39,5
4659,295,272,2024-03-01,87,3
4660,3,336,2024-04-17,132,5
4661,3,234,2024-04-17,62,4
4662,3,340,2024-04-17,72,3
4663,3,265,2024-04-17,88,5
4664,3,182,2024-04-17,95,3
4665,442,6,2025-07-04,31,3
4666,498,69,2024-08-20,107,2
4667,498,81,2024-08-21,62,4
4668,449,243,2024-12-11,71,5
4669,53,92,2025-09-24,110,4
4670,53,103,2025-09-24,87,3
4671,53,306,2025-09-24,148,1
4672,53,77,2025-09-24,152,4
4673,271,266,2025-11-11,126,3
4674,504,201,2024-01-14,27,4
4675,504,71,2024-01-14,123,3
4676,504,10,2024-01-14,108,5
4677,504,254,2025-11-26,140,3
4678,169,265,2025-09-20,83,1
4679,168,34,2025-03-09,118,2
4680,285,217,2025-05-06,76,4
4681,362,311,2024-03-20,115,2
4682,362,121,2024-03-20,71,3
4683,362,224,2024-03-20,31,2
4684,362,105,2024-03-20,88,1
4685,191,21,2025-11-19,22,3
4686,542,49,2024-07-09,27,1
4687,542,184,2024-07-09,155,4
4688,542,159,2024-07-09,33,1
4689,442,195,2025-04-20,152,2
4690,18,242,2025-05-16,109,4
4691,285,227,2025-08-28,45,3
4692,285,170,2025-08-28,55,3
4693,285,267,2025-08-28,110,3
4694,473,154,2025-07-30,97,3
4695,271,295,2025-05-15,155,5
4696,335,15,2024-11-24,94,1
4697,460,314,2025-10-29,50,1
4698,442,246,2025-10-04,104,3
4699,442,210,2025-10-04,163,5
4700,442,163,2025-10-04,79,4
4701,270,264,2024-03-17,125,4
4702,147,218,2024-03-07,25,1
4703,210,69,2025-07-05,85,2
4704,332,147,2025-03-03,120,3
4705,335,9,2025-02-18,152,4
4706,275,232,2024-07-18,83,4
4707,444,315,2025-11-25,155,2
4708,444,191,2025-11-25,141,4
4709,444,13,2025-11-25,158,4
4710,469,194,2024-07-25,94,4
4711,469,81,2024-07-25,136,5
4712,469,207,2024-07-25,70,5
4713,469,246,2024-07-25,142,2
4714,469,186,2024-07-25,144,3
4715,469,163,2024-07-25,50,5
4716,209,302,2025-05-01,141,2
4717,77,303,2024-07-31,92,2
4718,408,43,2025-10-29,136,4
4719,14,213,2025-05-19,158,3
4720,544,277,2024-02-01,137,4
4721,544,154,2024-02-01,112,5
4722,544,304,2024-02-01,24,4
4723,544,246,2024-02-01,136,1
4724,436,262,2024-09-12,89,2
4725,179,21,2025-10-09,113,4
4726,179,121,2025-10-09,67,3
4727,511,13,2024-10-13,79,5
4728,511,6,2024-10-13,83,5
4729,511,121,2024-10-13,27,3
4730,511,271,2024-10-14,112,4
4731,220,120,2025-07-11,66,4
4732,418,104,2024-07-11,144,2
4733,418,213,2024-07-11,122,4
4734,418,104,2024-07-12,160,3
4735,253,285,2025-01-15,98,4
4736,464,180,2025-06-21,122,2
4737,526,258,2024-07-15,149,5
4738,387,260,2024-10-02,46,5
4739,387,310,2024-10-02,149,3
4740,74,250,2024-04-21,52,3
4741,229,13,2024-02-01,148,5
4742,10,5,2025-01-19,83,3
4743,474,325,2024-01-04,96,5
4744,241,119,2024-02-03,115,5
4745,241,244,2024-02-03,116,3
4746,241,236,2024-02-03,141,2
4747,12,24,2025-11-13,77,5
4748,346,211,2025-05-05,121,1
4749,30,55,2025-01-23,80,2
4750,416,191,2024-06-17,145,2
4751,416,68,2024-06-17,67,4
4752,416,245,2024-06-17,116,3
4753,416,239,2024-06-17,93,2
4754,382,350,2025-06-21,125,4
4755,387,199,2025-07-13,106,2
4756,21,160,2024-08-16,165,4
4757,247,295,2025-09-19,28,4
4758,299,185,2025-12-03,112,4
4759,299,168,2025-12-03,45,3
4760,299,305,2025-12-03,101,2
4761,215,115,2024-12-22,152,5
4762,112,213,2024-02-23,118,5
4763,370,76,2025-11-03,39,4
4764,480,164,2025-04-27,16,3
4765,480,172,2025-04-27,90,4
4766,480,194,2025-04-27,28,3
4767,542,109,2025-04-02,119,4
4768,542,140,2025-04-02,53,5
4769,542,24,2025-04-03,48,4
4770,542,75,2025-04-03,158,3
4771,40,186,2025-09-30,129,3
4772,470,76,2025-01-05,78,2
4773,470,209,2025-01-05,140,4
4774,57,141,2024-04-02,30,3
4775,173,294,2024-02-01,156,5
4776,382,347,2025-05-06,94,3
4777,221,209,2024-06-26,131,3
4778,312,213,2024-09-07,93,2
4779,451,162,2025-06-24,141,4
4780,547,74,2024-07-21,148,3
4781,547,197,2024-07-21,105,4
4782,464,170,2024-08-18,142,5
4783,464,74,2024-08-18,118,3
4784,464,36,2024-08-19,92,4
4785,464,141,2024-08-19,138,1
4786,464,342,2024-08-19,37,3
4787,395,267,2024-10-22,80,4
4788,224,208,2024-11-19,35,5
4789,335,267,2024-09-30,92,4
4790,203,189,2024-08-19,81,4
4791,263,346,2025-04-03,92,5
4792,373,222,2024-10-15,132,5
4793,373,272,2024-10-15,87,3
4794,373,212,2024-10-15,116,3
4795,373,34,2024-10-15,77,3
4796,373,82,2024-10-15,44,3
4797,373,229,2024-10-15,147,5
4798,526,128,2025-12-23,97,4
4799,269,271,2024-12-17,66,4
4800,3,221,2024-03-27,44,4
4801,75,75,2024-09-20,35,1
4802,549,203,2024-05-21,161,4
4803,135,324,2024-01-24,145,4
4804,135,34,2024-01-24,70,3
4805,135,122,2024-01-25,146,5
4806,135,336,2024-01-25,72,5
4807,261,345,2024-08-03,50,4
4808,261,237,2024-08-03,73,5
4809,246,40,2025-10-11,73,5
4810,374,191,2025-01-11,134,3
4811,510,134,2025-03-29,144,4
4812,213,227,2025-11-29,126,3
4813,213,98,2025-11-29,69,1
4814,213,160,2025-11-29,135,2
4815,213,99,2025-11-29,79,4
4816,443,9,2025-10-08,107,4
4817,430,299,2024-11-23,43,2
4818,548,237,2025-06-03,50,5
4819,136,309,2025-11-09,76,5
4820,136,128,2025-11-09,121,4
4821,136,202,2025-11-09,27,2
4822,43,122,2025-10-06,100,3
4823,496,52,2025-10-30,120,4
4824,496,57,2025-10-30,150,3
4825,496,288,2025-10-30,64,5
4826,496,196,2025-10-30,73,4
4827,226,195,2025-03-29,101,2
4828,198,184,2024-03-18,90,5
4829,198,17,2024-03-18,33,1
4830,393,163,2025-12-29,107,1
4831,241,229,2024-05-23,31,4
4832,241,14,2024-05-23,120,2
4833,241,182,2024-05-23,128,4
4834,169,108,2025-07-10,134,5
4835,169,38,2025-07-10,82,4
4836,169,265,2025-07-10,156,4
4837,339,258,2025-01-14,66,5
4838,409,350,2024-11-23,16,4
4839,223,244,2025-06-25,75,4
4840,296,26,2024-08-07,139,1
4841,475,251,2024-01-03,103,4
4842,208,65,2025-09-22,137,2
4843,83,324,2025-10-11,81,4
4844,83,253,2025-10-11,73,3
4845,55,325,2024-09-21,158,1
4846,171,120,2025-05-29,110,5
4847,476,88,2024-05-09,83,1
4848,544,162,2025-11-06,80,2
4849,429,219,2025-04-07,49,4
4850,444,242,2024-04-13,109,2
4851,444,128,2024-04-13,93,4
4852,444,245,2024-04-13,144,5
4853,444,220,2024-04-14,98,5
4854,444,39,2024-04-14,119,1
4855,165,20,2025-10-28,162,1
4856,362,51,2024-03-04,82,5
4857,390,306,2025-10-08,132,3
4858,429,134,2025-01-05,47,5
4859,429,48,2025-01-05,58,5
4860,429,25,2025-01-05,164,5
4861,90,336,2025-12-13,16,4
4862,548,71,2025-10-16,122,2
4863,548,52,2025-10-16,48,4
4864,255,125,2024-10-28,138,4
4865,255,35,2024-10-28,133,3
4866,255,67,2024-10-28,100,5
4867,255,25,2024-10-28,151,3
4868,344,172,2024-06-21,39,2
4869,344,128,2024-06-21,93,4
4870,344,329,2024-06-21,121,3
4871,344,66,2024-06-21,165,3
4872,479,294,2024-07-05,112,5
4873,118,125,2024-07-01,158,5
4874,305,266,2025-10-19,72,4
4875,451,222,2024-12-06,108,2
4876,256,198,2025-03-22,106,4
4877,256,96,2025-03-22,86,3
4878,256,251,2025-03-22,119,4
4879,194,317,2024-09-11,122,2
4880,269,214,2025-08-15,29,3
4881,269,75,2025-08-15,143,4
4882,269,228,2025-08-15,141,5
4883,269,83,2025-08-15,79,2
4884,454,272,2025-12-15,27,4
4885,5,197,2024-10-15,15,4
4886,5,279,2024-10-15,53,5
4887,5,182,2024-10-15,31,4
4888,399,137,2024-10-29,111,2
4889,426,40,2025-07-22,119,3
4890,183,16,2024-02-14,48,5
4891,524,67,2024-09-10,139,5
4892,524,310,2024-09-10,162,3
4893,524,17,2024-09-10,27,1
4894,524,283,2024-09-10,124,4
4895,175,205,2024-07-28,104,1
4896,70,103,2025-07-28,149,5
4897,316,145,2024-06-07,160,5
4898,206,269,2025-10-14,81,2
4899,145,297,2024-08-23,89,5
4900,227,294,2025-11-01,20,4
4901,28,93,2025-07-22,104,5
4902,59,311,2025-11-23,90,5
4903,192,172,2025-06-04,79,4
4904,124,241,2024-10-13,145,3
4905,46,265,2024-06-27,72,5
4906,506,2,2024-01-22,72,2
4907,510,37,2025-11-04,23,2
4908,510,332,2025-11-04,151,2
4909,510,194,2025-11-04,146,5
4910,510,95,2025-11-05,84,2
4911,217,174,2024-06-05,33,4
4912,39,245,2024-04-28,158,2
4913,39,240,2024-04-28,59,4
4914,39,150,2024-04-28,106,4
4915,249,193,2024-02-25,149,2
4916,59,222,2025-03-03,20,3
4917,59,96,2025-03-03,90,1
4918,59,339,2025-03-03,44,3
4919,59,196,2025-03-03,63,1
4920,514,119,2025-01-22,135,4
4921,332,233,2025-07-07,134,4
4922,172,17,2024-11-13,115,3
4923,272,270,2024-09-12,103,5
4924,521,190,2024-01-07,155,5
4925,521,130,2024-01-07,147,5
4926,521,346,2024-01-07,145,4
4927,521,328,2024-01-08,116,5
4928,521,158,2024-01-08,143,4
4929,521,130,2024-01-08,56,3
4930,79,218,2025-09-21,136,1
4931,111,102,2025-12-14,103,3
4932,3,202,2025-09-10,143,5
4933,482,347,2025-09-10,136,4
4934,218,61,2025-03-03,57,4
4935,471,61,2024-11-19,151,3
4936,69,285,2025-04-02,78,1
4937,430,182,2025-12-14,108,5
4938,430,300,2025-12-15,117,4
4939,430,108,2025-12-15,99,1
4940,531,170,2024-08-02,109,2
4941,242,101,2024-09-24,59,4
4942,186,273,2024-11-22,44,2
4943,213,115,2024-10-16,77,1
4944,103,51,2025-10-11,15,4
4945,497,267,2024-10-30,165,4
4946,214,276,2025-01-10,140,5
4947,508,296,2024-12-04,156,5
4948,508,171,2024-12-04,45,2
4949,203,189,2025-06-03,119,2
4950,146,105,2024-09-08,74,5
4951,369,43,2024-08-30,54,1
4952,273,272,2025-06-27,76,4
4953,37,331,2025-11-11,135,4
4954,65,257,2024-06-06,137,5
4955,44,169,2025-01-03,128,3
4956,44,34,2025-01-04,70,4
4957,44,94,2025-01-04,117,1
4958,466,140,2025-11-26,55,5
4959,466,276,2025-11-26,120,5
4960,466,96,2025-11-26,107,3
4961,259,311,2024-03-03,67,4
4962,481,90,2024-04-13,155,4
4963,94,276,2024-05-30,88,3
4964,422,96,2024-05-03,112,3
4965,150,10,2025-08-31,86,5
4966,58,121,2024-07-14,90,3
4967,58,17,2024-07-14,132,4
4968,239,264,2024-06-14,105,5
4969,532,328,2025-05-14,53,5
4970,470,141,2025-01-06,70,5
4971,41,253,2025-02-05,94,5
4972,343,322,2024-06-16,145,3
4973,329,307,2025-11-15,164,3
4974,308,56,2025-05-29,93,5
4975,543,330,2024-07-20,90,3
4976,29,293,2025-05-11,67,5
4977,99,121,2024-11-02,89,3
4978,379,311,2025-11-22,99,5
4979,357,275,2024-06-09,95,5
4980,357,341,2024-06-09,29,2
4981,357,227,2024-06-09,38,5
4982,82,36,2025-09-16,104,4
4983,494,113,2024-12-19,45,2
4984,187,2,2025-11-28,78,4
4985,311,139,2024-11-01,114,3
4986,101,100,2024-09-12,118,4
4987,143,76,2025-11-07,151,5
4988,271,171,2024-04-15,92,5
4989,74,323,2025-11-06,51,5
4990,51,134,2025-08-05,104,3
4991,296,233,2024-11-28,162,5
4992,144,173,2024-10-29,89,4
4993,273,267,2024-05-02,73,5
4994,374,116,2024-03-20,40,2
4995,455,253,2025-07-16,134,4
4996,239,11,2024-01-31,74,2
4997,239,336,2024-02-01,71,4
4998,239,189,2024-02-01,84,5
4999,239,342,2024-02-01,105,3
5000,72,101,2025-11-04,107,5
5001,178,136,2025-09-07,103,2
5002,76,22,2025-11-18,38,4
5003,76,238,2025-11-18,128,4
5004,40,179,2024-01-16,84,2
5005,234,216,2024-03-14,86,5
5006,486,205,2024-03-07,112,2
5007,486,293,2024-03-07,162,4
5008,99,276,2025-01-13,123,5
5009,11,179,2025-12-15,159,1
5010,205,105,2024-03-17,139,5
5011,314,140,2024-06-30,74,5
5012,439,198,2024-05-11,156,1
5013,244,82,2025-08-27,146,4
5014,518,344,2025-10-01,152,3
5015,518,346,2025-10-02,79,4
5016,518,153,2025-10-02,115,3
5017,518,207,2025-10-02,121,4
5018,178,135,2025-12-27,105,4
5019,86,97,2024-06-24,72,3
5020,86,264,2024-06-24,154,4
5021,470,78,2024-01-12,47,4
5022,229,92,2024-08-12,77,3
5023,229,298,2024-08-12,160,4
5024,229,22,2024-08-12,24,3
5025,229,341,2024-08-12,118,3
5026,411,91,2025-07-29,16,3
5027,411,104,2025-07-29,142,3
5028,411,146,2025-07-30,28,4
5029,411,270,2025-07-30,96,3
5030,355,196,2025-12-20,36,2
5031,355,20,2025-12-20,76,5
5032,355,133,2025-12-20,149,3
5033,50,171,2025-06-01,107,2
5034,80,173,2024-10-21,76,4
5035,185,91,2025-08-21,84,5
5036,318,71,2025-07-03,87,5
5037,96,114,2024-10-12,72,5
5038,42,63,2025-05-20,37,3
5039,136,165,2025-09-27,74,5
5040,61,238,2025-05-22,117,5
5041,333,132,2024-11-19,87,4
5042,531,2,2025-04-14,81,4
5043,531,161,2025-04-14,70,4
5044,246,294,2024-04-09,114,4
5045,533,15,2024-12-28,120,3
5046,273,84,2024-02-19,121,3
5047,445,340,2024-05-24,43,2
5048,108,26,2025-10-25,48,5
5049,108,250,2025-10-25,144,1
5050,108,221,2025-10-25,139,4
5051,411,278,2025-10-01,37,3
5052,65,218,2024-06-29,151,3
5053,262,36,2024-08-17,18,3
5054,449,148,2025-04-24,97,5
5055,185,257,2024-01-17,138,5
5056,351,61,2024-07-26,90,2
5057,437,239,2024-01-05,35,4
5058,457,292,2024-06-12,143,3
5059,338,341,2025-10-15,72,5
5060,409,205,2024-07-22,48,1
5061,264,249,2025-06-27,98,3
5062,229,343,2024-07-25,21,3
5063,299,58,2025-06-12,151,5
5064,245,338,2024-10-10,152,5
5065,356,305,2024-03-30,153,3
5066,315,189,2024-12-24,87,1
5067,205,17,2025-11-20,127,4
5068,341,151,2024-02-05,69,3
5069,393,118,2025-10-29,19,1
5070,260,336,2024-03-27,89,3
5071,448,121,2024-03-06,100,2
5072,351,319,2024-06-14,119,2
5073,351,191,2024-06-15,155,2
5074,351,176,2024-06-15,162,2
5075,351,344,2024-06-15,156,3
5076,208,263,2025-11-24,136,3
5077,486,137,2025-01-26,45,5
5078,290,8,2024-07-16,152,5
5079,429,69,2025-10-22,131,4
5080,184,1,2024-09-14,52,3
5081,523,287,2025-08-09,121,5
5082,174,141,2024-02-20,120,4
5083,206,226,2025-12-25,158,4
5084,169,314,2025-06-07,37,5
5085,169,206,2025-06-07,64,3
5086,26,247,2025-09-26,92,5
5087,26,177,2025-09-27,31,4
5088,26,25,2025-09-27,135,4
5089,26,343,2025-09-27,141,5
5090,48,53,2024-07-23,129,2
5091,360,149,2025-04-12,122,1
5092,414,75,2024-08-04,61,4
5093,414,35,2024-08-05,97,5
5094,414,91,2024-08-05,161,2
5095,414,244,2024-08-05,136,5
5096,414,114,2024-08-05,40,3
5097,414,138,2024-08-05,129,4
5098,186,340,2025-02-18,126,2
5099,186,235,2025-02-18,112,4
5100,186,113,2025-02-19,24,3
5101,57,184,2024-01-27,102,4
5102,132,338,2024-04-08,19,2
5103,342,252,2025-09-10,124,5
5104,342,73,2025-09-10,120,5
5105,305,186,2025-07-20,71,5
5106,370,12,2025-12-12,108,5
5107,462,335,2024-10-26,75,3
5108,462,213,2024-10-26,138,5
5109,462,329,2024-10-26,78,5
5110,222,169,2025-01-14,130,3
5111,528,292,2024-08-23,34,4
5112,320,130,2025-08-16,122,5
5113,198,20,2025-10-10,144,2
5114,144,272,2024-09-29,36,1
5115,144,320,2024-09-30,18,3
5116,213,35,2024-05-17,162,4
5117,518,2,2025-09-02,156,5
5118,358,322,2025-05-16,119,4
5119,244,326,2024-02-01,123,3
5120,244,317,2024-02-01,105,3
5121,244,2,2024-02-01,103,3
5122,244,21,2024-02-01,37,3
5123,341,291,2025-11-02,83,4
5124,49,289,2024-03-09,159,4
5125,19,246,2025-08-10,142,5
5126,77,207,2025-06-16,57,3
5127,427,130,2024-10-25,147,4
5128,427,1,2024-10-25,74,5
5129,427,152,2024-10-25,65,1
5130,226,189,2024-12-18,50,4
5131,18,206,2024-11-03,36,3
5132,100,151,2024-08-03,43,5
5133,297,83,2025-08-02,135,5
5134,297,194,2025-08-02,40,4
5135,297,243,2025-08-02,134,5
5136,297,253,2025-08-02,17,2
5137,194,221,2024-05-27,145,5
5138,335,115,2025-07-06,139,1
5139,490,58,2025-04-27,65,4
5140,490,189,2025-04-27,158,2
5141,490,261,2025-04-27,94,3
5142,23,223,2024-12-23,50,2
5143,396,217,2024-01-03,83,5
5144,396,210,2024-01-03,155,2
5145,107,134,2025-11-25,88,3
5146,107,15,2025-11-25,89,5
5147,107,314,2025-11-25,77,4
5148,107,91,2025-11-25,102,2
5149,107,73,2025-11-25,109,3
5150,240,201,2025-12-21,58,4
5151,79,195,2025-02-26,70,2
5152,79,68,2025-02-26,16,1
5153,79,336,2025-02-26,117,5
5154,400,181,2024-09-08,27,3
5155,315,40,2024-11-10,165,3
5156,315,295,2024-11-10,95,4
5157,14,318,2025-09-20,104,3
5158,71,274,2024-08-24,73,5
5159,503,243,2024-10-20,114,4
5160,522,222,2024-03-27,117,3
5161,435,277,2025-10-03,109,2
5162,538,315,2025-10-20,89,4
5163,470,295,2025-01-28,88,1
5164,344,232,2025-06-12,23,4
5165,233,20,2024-05-21,96,2
5166,233,313,2024-05-21,106,3
5167,490,78,2025-11-24,131,5
5168,25,278,2024-05-09,153,4
5169,531,342,2025-12-13,109,2
5170,217,174,2025-04-03,159,4
5171,413,49,2025-08-01,83,4
5172,290,14,2024-02-18,131,5
5173,9,120,2024-05-25,87,3
5174,88,15,2024-08-25,62,5
5175,483,349,2024-11-10,137,5
5176,339,209,2024-04-22,77,5
5177,507,144,2025-01-12,92,5
5178,507,227,2025-01-12,106,5
5179,507,173,2025-01-13,105,4
5180,507,216,2025-01-13,155,1
5181,471,229,2024-03-10,89,5
5182,267,64,2025-09-08,96,4
5183,439,309,2024-10-20,85,4
5184,78,300,2025-06-22,127,4
5185,428,218,2025-06-14,101,5
5186,105,199,2025-06-16,97,5
5187,284,348,2025-10-10,73,5
5188,63,178,2025-03-28,96,1
5189,21,54,2024-04-16,83,5
5190,21,271,2024-04-16,158,2
5191,54,21,2024-12-16,151,3
5192,442,208,2025-10-27,89,3
5193,139,22,2024-01-25,143,4
5194,469,88,2024-06-09,129,2
5195,469,124,2024-06-09,91,4
5196,469,161,2024-06-09,62,4
5197,469,282,2024-06-09,92,2
5198,469,114,2024-06-09,120,5
5199,398,71,2024-04-26,86,3
5200,257,10,2024-09-27,156,1
5201,385,212,2024-02-04,93,1
5202,372,164,2024-11-18,143,4
5203,372,252,2024-11-18,104,5
5204,372,123,2024-11-18,75,5
5205,223,307,2025-04-11,146,5
5206,223,169,2025-04-12,107,1
5207,223,49,2025-04-12,120,5
5208,483,338,2025-06-26,78,4
5209,34,119,2024-06-25,24,2
5210,506,6,2024-10-03,150,3
5211,286,30,2025-09-16,60,3
5212,108,218,2025-01-10,154,4
5213,481,36,2024-10-31,118,2
5214,481,263,2024-10-31,56,5
5215,270,130,2025-08-24,74,1
5216,425,231,2024-12-04,30,4
5217,192,199,2024-10-07,107,4
5218,366,322,2024-03-28,92,5
5219,414,123,2024-03-19,91,5
5220,414,342,2024-03-20,107,5
5221,150,13,2024-05-25,131,5
5222,150,264,2024-05-25,132,3
5223,150,232,2024-05-26,136,5
5224,150,284,2024-05-26,144,3
5225,241,130,2024-10-16,120,5
5226,116,338,2025-10-11,136,1
5227,23,16,2025-01-13,88,4
5228,374,183,2025-12-09,54,1
5229,374,184,2025-12-09,31,1
5230,115,289,2025-04-28,144,1
5231,148,172,2025-12-21,123,5
5232,129,221,2024-09-09,109,1
5233,483,171,2025-06-11,150,5
5234,427,9,2025-11-11,162,1
5235,20,76,2024-08-24,36,5
5236,191,69,2025-09-08,160,5
5237,496,242,2024-05-31,76,5
5238,402,314,2025-08-15,80,3
5239,405,191,2025-12-20,33,4
5240,333,282,2024-08-18,164,5
5241,476,280,2024-06-01,20,3
5242,218,296,2024-05-17,160,2
5243,270,110,2024-12-03,144,5
5244,521,233,2025-01-22,37,5
5245,521,257,2025-01-23,53,2
5246,521,308,2025-01-23,93,1
5247,388,84,2024-11-09,70,5
5248,202,281,2024-09-14,85,4
5249,481,59,2025-12-26,108,2
5250,111,9,2025-05-06,126,3
5251,465,163,2024-02-02,111,1
5252,211,133,2025-04-30,20,4
5253,326,245,2024-07-25,150,5
5254,390,27,2024-07-19,103,5
5255,217,132,2025-10-16,143,5
5256,151,195,2024-05-16,135,5
5257,151,109,2024-05-16,143,5
5258,151,258,2024-05-16,80,2
5259,151,188,2024-05-17,83,5
5260,330,227,2024-12-12,98,4
5261,330,273,2024-12-12,124,5
5262,330,134,2024-12-12,72,4
5263,330,165,2024-12-12,86,4
5264,330,25,2024-12-12,117,5
5265,330,123,2024-12-12,137,4
5266,310,48,2025-11-09,88,4
5267,280,63,2024-06-22,126,4
5268,280,300,2024-06-22,50,2
5269,280,202,2024-06-22,22,3
5270,148,234,2024-12-18,31,3
5271,106,340,2024-08-27,45,4
5272,354,153,2025-08-26,154,5
5273,362,272,2025-02-22,136,3
5274,119,336,2024-06-01,115,4
5275,374,110,2024-04-20,135,5
5276,152,110,2025-12-30,92,4
5277,100,295,2025-03-23,112,4
5278,100,141,2025-03-23,76,4
5279,100,269,2025-03-23,154,2
5280,270,312,2024-08-29,112,3
5281,284,189,2024-07-28,85,3
5282,284,119,2024-07-28,74,3
5283,284,256,2024-07-28,88,4
5284,284,220,2024-07-28,72,5
5285,379,20,2025-11-16,129,4
5286,238,333,2025-11-05,152,1
5287,238,217,2025-11-06,21,4
5288,238,289,2025-11-06,29,2
5289,418,22,2024-02-12,89,4
5290,418,278,2024-02-12,20,4
5291,418,2,2024-02-12,158,4
5292,418,321,2024-02-12,102,5
5293,457,171,2025-08-08,131,4
5294,29,84,2025-05-21,139,3
5295,140,170,2024-08-25,55,3
5296,315,49,2025-02-28,141,3
5297,55,288,2024-10-28,154,5
5298,261,296,2025-08-18,107,5
5299,122,193,2025-10-02,160,5
5300,465,40,2024-06-04,57,1
5301,465,99,2024-06-04,98,2
5302,465,139,2024-06-04,84,3
5303,465,9,2024-06-04,18,2
5304,242,258,2025-07-24,70,5
5305,144,198,2024-12-30,109,2
5306,66,254,2025-09-12,120,3
5307,402,122,2024-01-18,98,2
5308,354,269,2024-09-24,94,5
5309,374,234,2024-05-21,151,5
5310,92,155,2025-05-07,110,5
5311,92,150,2025-05-07,92,3
5312,92,276,2025-05-07,160,3
5313,92,179,2025-05-07,112,4
5314,28,190,2024-04-24,46,4
5315,28,180,2024-04-24,163,5
5316,28,218,2024-04-24,58,2
5317,28,254,2024-04-25,148,2
5318,353,133,2025-10-04,105,2
5319,54,41,2025-05-13,53,2
5320,350,125,2024-12-31,133,5
5321,437,246,2025-11-01,83,4
5322,440,349,2025-06-29,82,4
5323,220,243,2025-08-13,40,3
5324,176,222,2024-11-29,108,3
5325,214,157,2025-03-13,33,4
5326,363,119,2024-11-15,156,4
5327,5,281,2025-01-09,113,2
5328,5,5,2025-01-09,112,4
5329,5,222,2025-01-09,103,4
5330,5,217,2025-01-09,49,1
5331,5,195,2025-01-09,70,3
5332,5,159,2025-01-09,93,4
5333,33,207,2024-04-14,55,3
5334,29,123,2024-06-10,29,3
5335,179,253,2025-11-19,46,4
5336,332,257,2024-04-08,81,3
5337,100,350,2024-10-09,139,2
5338,100,162,2024-10-09,154,2
5339,100,348,2024-10-10,78,4
5340,100,179,2024-10-10,56,4
5341,100,76,2024-10-10,153,5
5342,82,302,2025-08-08,143,4
5343,82,44,2025-08-08,147,2
5344,215,228,2024-01-27,156,5
5345,330,206,2024-04-14,160,4
5346,503,214,2025-06-16,104,1
5347,17,186,2024-06-15,135,3
5348,417,124,2025-08-06,74,5
5349,319,268,2025-09-12,129,5
5350,319,301,2025-09-12,52,5
5351,31,284,2025-11-29,97,4
5352,103,101,2025-07-08,35,5
5353,369,41,2025-01-08,149,5
5354,140,202,2025-11-03,72,5
5355,183,162,2024-05-07,57,2
5356,266,322,2025-08-23,103,4
5357,200,242,2025-10-12,59,5
5358,88,213,2025-07-07,141,4
5359,90,315,2024-08-27,95,2
5360,90,122,2024-08-28,126,1
5361,477,281,2024-04-10,135,4
5362,42,77,2024-03-11,134,5
5363,186,198,2024-11-08,147,4
5364,101,304,2024-09-18,24,4
5365,349,157,2025-08-28,87,3
5366,100,66,2025-07-06,156,3
5367,264,45,2024-12-15,101,5
5368,264,137,2024-12-16,90,1
5369,343,166,2025-09-19,80,2
5370,463,59,2025-03-03,71,4
5371,463,106,2025-03-03,151,3
5372,219,79,2025-08-11,75,5
5373,103,223,2024-09-19,142,1
5374,103,188,2024-09-19,52,2
5375,103,344,2024-09-20,126,2
5376,302,189,2024-02-26,127,5
5377,422,199,2024-09-20,34,1
5378,431,324,2025-01-06,90,3
5379,524,35,2025-06-30,99,5
5380,257,97,2024-03-25,146,2
5381,448,134,2025-09-24,132,4
5382,136,34,2025-03-27,91,5
5383,2,123,2025-06-23,93,3
5384,467,294,2024-02-14,131,1
5385,54,330,2024-08-29,150,4
5386,502,24,2024-08-02,137,3
5387,472,56,2025-11-29,147,2
5388,379,75,2024-03-03,82,5
5389,277,271,2024-05-02,152,1
5390,262,225,2025-11-04,142,5
5391,102,52,2025-03-31,51,5
5392,221,251,2024-10-10,16,3
5393,221,275,2024-10-10,94,3
5394,221,159,2024-10-10,153,5
5395,221,108,2024-10-10,134,3
5396,30,126,2024-05-01,139,5
5397,443,72,2024-03-20,68,5
5398,184,238,2024-06-15,43,4
5399,79,231,2025-07-07,134,4
5400,110,41,2024-02-27,72,5
5401,478,104,2024-03-01,113,4
5402,377,328,2024-01-20,109,2
5403,377,131,2024-01-20,104,4
5404,462,325,2024-04-03,29,3
5405,181,347,2024-03-20,84,2
5406,181,270,2024-03-20,96,5
5407,181,11,2024-03-20,99,4
5408,181,253,2024-03-20,107,4
5409,179,188,2024-06-12,40,4
5410,286,94,2024-08-15,146,5
5411,55,144,2024-12-12,28,1
5412,262,108,2025-04-07,45,2
5413,505,201,2025-08-25,88,2
5414,505,36,2025-08-25,124,3
5415,505,171,2025-08-25,138,1
5416,505,131,2025-08-25,153,5
5417,505,181,2025-08-25,135,5
5418,505,64,2025-08-25,75,1
5419,390,23,2024-08-28,61,5
5420,326,2,2024-07-06,28,4
5421,477,338,2024-03-03,113,4
5422,379,80,2025-05-29,117,5
5423,460,211,2025-12-29,144,5
5424,60,280,2024-11-06,102,4
5425,507,274,2025-06-24,42,5
5426,493,32,2024-11-21,139,4
5427,450,346,2025-09-01,98,5
5428,163,181,2025-02-26,89,4
5429,176,28,2024-04-18,65,4
5430,395,243,2024-03-16,17,3
5431,252,309,2024-08-14,83,5
5432,494,118,2025-07-31,137,5
5433,397,27,2024-06-06,94,5
5434,255,196,2025-09-25,77,4
5435,488,47,2024-08-27,65,1
5436,354,75,2025-05-17,121,3
5437,454,18,2024-02-22,86,4
5438,408,327,2025-07-11,101,5
5439,42,251,2024-01-22,84,1
5440,42,336,2024-01-22,54,1
5441,99,39,2024-02-06,49,5
5442,388,275,2024-10-02,131,4
5443,41,61,2024-04-22,64,5
5444,235,91,2025-07-26,87,5
5445,338,66,2025-01-30,46,1
5446,160,239,2024-09-16,90,3
5447,161,309,2024-03-26,76,3
5448,478,116,2025-09-24,102,3
5449,142,209,2025-01-18,134,4
5450,128,205,2024-07-17,148,5
5451,134,312,2025-06-20,91,3
5452,134,247,2025-06-20,94,4
5453,45,278,2024-11-02,120,5
5454,448,332,2025-01-22,56,3
5455,72,132,2025-10-14,34,3
5456,336,212,2024-11-24,161,5
5457,252,143,2025-10-10,165,4
5458,179,304,2025-04-20,64,2
5459,329,222,2025-07-01,107,5
5460,313,9,2024-10-08,152,1
5461,308,211,2025-03-01,27,2
5462,177,237,2024-08-08,114,4
5463,528,347,2024-05-15,147,5
5464,153,248,2024-08-14,120,2
5465,80,47,2025-11-19,81,1
5466,81,34,2025-06-25,101,4
5467,165,249,2024-04-25,78,4
5468,460,336,2025-01-08,87,1
5469,380,278,2025-09-10,98,1
5470,380,264,2025-09-10,71,5
5471,380,278,2025-09-10,152,4
5472,380,2,2025-09-10,92,4
5473,203,66,2025-02-07,80,5
5474,470,141,2025-09-03,26,3
5475,299,141,2024-02-01,84,2
5476,299,130,2024-02-02,47,5
5477,299,302,2024-02-02,87,5
5478,299,266,2024-02-02,18,3
5479,292,186,2024-09-22,23,3
5480,496,275,2024-06-14,145,3
5481,192,6,2024-10-21,105,3
5482,22,336,2025-10-13,137,3
5483,22,101,2025-10-13,153,1
5484,22,328,2025-10-14,86,5
5485,442,79,2024-08-08,68,1
5486,131,123,2024-12-25,121,5
5487,466,85,2024-08-11,162,4
5488,33,132,2024-04-29,116,4
5489,33,299,2024-04-29,55,3
5490,345,146,2025-08-16,78,4
5491,345,95,2025-08-16,147,3
5492,345,315,2025-08-16,80,5
5493,359,341,2024-10-12,148,4
5494,288,81,2024-07-25,148,2
5495,431,320,2025-11-08,110,3
5496,451,179,2024-02-18,39,3
5497,107,234,2025-07-13,33,1
5498,293,27,2024-08-30,151,3
5499,326,48,2024-01-30,120,5
5500,11,243,2025-02-22,111,5
5501,149,65,2024-04-01,77,5
5502,247,94,2025-06-11,111,5
5503,316,150,2024-07-22,156,5
5504,462,233,2024-10-24,67,4
5505,103,98,2024-04-09,101,5
5506,202,176,2024-12-27,44,5
5507,202,316,2024-12-28,128,5
5508,202,196,2024-12-28,51,5
5509,366,42,2025-12-29,122,4
5510,366,118,2025-12-29,102,3
5511,366,202,2025-12-29,104,1
5512,267,199,2025-03-22,39,1
5513,6,349,2025-07-19,97,3
5514,125,59,2025-12-28,98,4
5515,109,3,2025-09-10,19,3
5516,371,298,2024-01-09,110,5
5517,130,155,2024-11-09,135,2
5518,414,133,2024-03-23,64,5
5519,297,349,2024-04-28,66,3
5520,353,43,2024-09-09,23,2
5521,435,72,2024-12-11,82,5
5522,258,346,2024-07-17,27,2
5523,240,3,2024-01-25,145,4
5524,518,288,2025-04-01,160,3
5525,146,234,2024-08-10,139,5
5526,146,143,2024-08-10,114,1
5527,146,90,2024-08-10,155,2
5528,56,233,2024-11-26,49,4
5529,273,108,2025-05-18,56,5
5530,255,78,2024-01-27,149,5
5531,255,176,2024-01-27,90,5
5532,255,262,2024-01-28,76,4
5533,239,275,2025-01-19,82,1
5534,258,44,2025-04-25,160,1
5535,13,224,2024-10-08,26,3
5536,117,46,2025-12-04,71,2
5537,405,323,2025-03-22,135,4
5538,511,302,2025-04-23,115,2
5539,489,177,2025-09-05,78,3
5540,489,191,2025-09-05,92,5
5541,489,278,2025-09-05,72,4
5542,210,284,2025-05-20,53,4
5543,309,309,2024-01-22,99,5
5544,325,85,2024-09-24,122,4
5545,98,214,2024-08-16,125,2
5546,428,339,2024-03-13,52,4
5547,309,60,2024-07-29,142,4
5548,503,203,2024-04-26,32,4
5549,124,243,2025-11-12,19,1
5550,124,17,2025-11-12,112,3
5551,124,14,2025-11-12,92,3
5552,124,218,2025-11-12,161,2
5553,250,117,2024-09-11,150,4
5554,525,310,2025-02-06,53,5
5555,302,59,2025-10-19,104,4
5556,137,16,2024-03-29,58,4
5557,137,162,2024-03-30,77,5
5558,137,71,2024-03-30,80,5
5559,137,230,2024-03-30,120,3
5560,137,260,2024-03-30,124,3
5561,545,346,2025-03-19,117,3
5562,460,115,2025-11-23,147,5
5563,505,48,2024-01-02,143,5
5564,165,186,2024-11-09,159,5
5565,225,144,2025-05-23,36,4
5566,315,144,2024-03-30,132,5
5567,199,116,2024-01-08,121,4
5568,27,319,2024-07-30,106,3
5569,396,321,2024-08-07,72,5
5570,115,119,2024-06-02,87,1
5571,403,158,2025-12-09,35,2
5572,403,314,2025-12-09,142,3
5573,403,136,2025-12-09,154,2
5574,403,25,2025-12-10,24,4
5575,515,288,2024-03-03,128,5
5576,515,256,2024-03-03,101,5
5577,230,341,2025-09-19,124,4
5578,216,308,2025-02-12,162,4
5579,105,198,2025-01-22,151,4
5580,242,28,2025-05-17,136,1
5581,529,173,2025-09-03,146,5
5582,360,193,2025-04-19,138,2
5583,360,135,2025-04-19,126,5
5584,360,292,2025-04-19,99,5
5585,494,308,2025-09-15,47,5
5586,494,162,2025-09-15,97,5
5587,288,17,2024-06-10,89,3
5588,288,220,2024-06-10,114,2
5589,288,304,2024-06-10,138,5
5590,403,171,2025-08-17,129,4
5591,403,305,2025-08-17,88,5
5592,403,228,2025-08-17,87,4
5593,403,225,2025-08-18,152,5
5594,364,344,2024-01-09,125,5
5595,165,228,2024-10-01,54,1
5596,516,119,2024-08-16,106,5
5597,330,319,2024-10-27,143,4
5598,330,50,2024-10-27,159,4
5599,330,191,2024-10-28,111,5
5600,330,33,2024-10-27,71,2
5601,330,41,2024-10-28,68,2
5602,330,294,2024-10-28,59,2
5603,250,197,2025-12-09,140,4
5604,11,286,2025-06-12,70,1
5605,11,45,2025-06-12,137,5
5606,11,311,2025-06-12,57,3
5607,148,152,2024-09-19,86,1
5608,549,240,2024-11-12,127,4
5609,204,136,2024-02-23,75,4
5610,358,13,2025-11-20,67,5
5611,422,213,2025-10-28,134,5
5612,66,184,2024-07-14,78,3
5613,136,170,2025-06-15,26,3
5614,58,335,2024-03-17,94,5
5615,99,242,2025-02-22,51,4
5616,270,141,2025-07-18,100,3
5617,439,77,2024-11-11,76,5
5618,382,160,2025-04-13,98,1
5619,49,225,2025-02-05,83,4
5620,100,179,2024-12-08,77,5
5621,100,9,2024-12-08,135,4
5622,100,261,2024-12-08,138,5
5623,100,213,2024-12-08,101,4
5624,316,336,2024-08-19,94,2
5625,157,78,2025-01-31,104,4
5626,157,251,2025-01-31,102,3
5627,157,45,2025-01-31,150,4
5628,157,262,2025-01-31,100,4
5629,197,170,2025-07-19,138,3
5630,270,4,2024-06-15,97,5
5631,186,230,2024-09-27,50,4
5632,545,119,2024-12-07,154,4
5633,545,148,2024-12-07,130,4
5634,545,42,2024-12-07,110,2
5635,545,207,2024-12-07,141,5
5636,493,23,2025-12-30,137,5
5637,118,281,2025-10-11,57,4
5638,259,243,2024-02-06,40,2
5639,259,268,2024-02-06,35,5
5640,241,279,2025-10-11,116,4
5641,361,214,2024-02-16,23,2
5642,105,180,2024-07-04,54,5
5643,540,271,2024-04-09,97,3
5644,62,70,2024-07-30,156,5
5645,354,333,2024-04-21,94,3
5646,468,64,2024-07-15,165,2
5647,390,270,2025-02-21,136,5
5648,390,143,2025-02-21,97,3
5649,390,302,2025-02-21,127,3
5650,390,346,2025-02-21,131,3
5651,430,164,2024-12-21,18,3
5652,430,79,2024-12-21,89,3
5653,430,14,2024-12-22,112,3
5654,130,137,2025-01-12,70,1
5655,437,253,2024-03-30,85,2
5656,334,313,2024-09-08,116,2
5657,98,144,2025-11-20,130,3
5658,487,22,2025-06-14,150,4
5659,71,295,2025-05-13,108,5
5660,71,344,2025-05-13,144,5
5661,368,36,2024-07-12,146,4
5662,80,51,2025-06-13,34,3
5663,480,14,2024-07-19,65,3
5664,395,25,2024-12-14,103,4
5665,128,221,2025-09-21,76,1
5666,505,246,2024-05-22,124,4
5667,332,175,2024-05-29,99,4
5668,332,37,2024-05-29,154,5
5669,267,175,2024-02-23,64,3
5670,379,263,2025-11-05,77,5
5671,379,9,2025-11-05,160,2
5672,379,24,2025-11-06,103,5
5673,379,316,2025-11-06,81,5
5674,92,14,2025-03-20,25,4
5675,296,28,2024-06-26,51,5
5676,172,115,2024-09-22,110,5
5677,308,182,2025-07-29,132,3
5678,278,59,2025-04-14,135,5
5679,342,298,2024-07-25,18,2
5680,4,333,2025-10-04,56,5
5681,4,54,2025-10-04,164,3
5682,344,227,2024-12-05,149,4
5683,533,144,2025-07-29,94,5
5684,255,326,2024-03-06,41,5
5685,22,21,2025-03-18,111,4
5686,108,20,2025-11-11,83,3
5687,108,152,2025-11-11,82,5
5688,428,216,2024-08-17,103,5
5689,169,76,2024-05-16,110,1
5690,487,174,2024-02-07,126,4
5691,487,29,2024-02-07,20,4
5692,487,304,2024-02-07,92,4
5693,487,67,2024-02-08,157,4
5694,346,118,2024-10-02,164,4
5695,193,157,2025-03-31,82,4
5696,193,48,2025-03-31,50,5
5697,193,126,2025-03-31,93,5
5698,193,84,2025-03-31,52,3
5699,193,288,2025-03-31,80,4
5700,383,311,2025-05-22,83,5
5701,383,47,2025-05-23,51,2
5702,383,326,2025-05-23,85,1
5703,383,22,2025-05-23,71,1
5704,383,119,2025-05-23,111,4
5705,383,142,2025-05-23,43,3
5706,210,276,2025-04-29,47,4
5707,546,135,2025-07-06,18,4
5708,415,312,2024-03-27,40,5
5709,298,146,2024-03-21,96,5
5710,148,328,2025-08-10,50,4
5711,463,40,2024-12-05,142,3
5712,342,305,2024-04-13,87,5
5713,6,143,2025-06-08,162,5
5714,119,41,2024-11-05,155,2
5715,248,177,2025-05-05,98,5
5716,261,152,2024-06-24,98,5
5717,261,54,2024-06-24,146,5
5718,261,335,2024-06-25,73,4
5719,261,211,2024-06-25,87,4
5720,243,295,2025-12-17,125,4
5721,182,273,2025-07-15,103,5
5722,182,149,2025-07-15,132,1
5723,182,307,2025-07-15,147,4
5724,253,131,2024-04-13,100,2
5725,57,24,2024-07-27,109,5
5726,57,213,2024-07-27,128,3
5727,57,312,2024-07-27,74,5
5728,332,301,2024-08-20,118,4
5729,426,64,2024-09-14,37,1
5730,425,181,2025-07-06,117,3
5731,218,225,2024-01-31,101,1
5732,218,207,2024-01-31,60,2
5733,218,128,2024-01-31,160,3
5734,218,345,2024-01-31,93,4
5735,139,291,2024-11-28,161,4
5736,217,209,2025-09-02,152,2
5737,181,24,2025-05-23,88,3
5738,181,324,2025-05-23,111,3
5739,181,167,2025-05-23,71,5
5740,181,234,2025-05-23,95,2
5741,22,21,2025-10-28,114,2
5742,407,105,2025-02-27,121,5
5743,268,221,2024-10-18,45,4
5744,444,212,2025-05-05,81,5
5745,212,308,2025-09-21,123,5
5746,212,350,2025-09-21,107,5
5747,212,63,2025-09-21,85,3
5748,212,263,2025-09-21,123,5
5749,212,328,2025-09-21,111,5
5750,212,9,2025-09-22,93,5
5751,514,61,2024-11-16,118,4
5752,378,300,2025-09-27,140,4
5753,45,120,2024-01-16,131,3
5754,73,336,2024-05-20,99,5
5755,73,232,2024-05-21,112,5
5756,100,128,2024-06-06,30,3
5757,100,137,2024-06-06,149,5
5758,100,332,2024-06-06,55,5
5759,100,302,2024-06-06,65,3
5760,469,313,2025-04-24,70,3
5761,301,346,2025-08-30,83,2
5762,267,10,2025-01-20,72,4
5763,67,306,2025-11-23,159,4
5764,52,322,2025-08-27,100,5
5765,224,109,2024-10-23,59,5
5766,449,2,2024-09-12,32,3
5767,348,300,2024-10-16,52,1
5768,348,295,2024-10-16,136,3
5769,348,71,2024-10-16,65,4
5770,89,309,2025-08-29,77,3
5771,539,138,2024-04-27,71,5
5772,328,277,2025-11-11,26,3
5773,343,324,2024-05-05,114,2
5774,442,84,2025-05-19,60,4
5775,513,58,2025-05-05,64,2
5776,183,283,2025-10-26,36,5
5777,101,17,2025-06-22,75,2
5778,380,278,2024-12-11,104,5
5779,117,249,2024-12-10,40,1
5780,464,322,2025-04-19,20,3
5781,464,115,2025-04-19,29,1
5782,464,209,2025-04-19,81,1
5783,464,167,2025-04-20,70,5
5784,32,65,2025-06-13,135,3
5785,95,215,2024-11-04,129,4
5786,304,282,2024-12-01,72,5
5787,463,2,2025-09-15,149,4
5788,89,239,2024-02-14,131,1
5789,109,246,2025-07-23,87,5
5790,32,57,2025-06-18,119,4
5791,144,300,2024-09-17,34,3
5792,144,45,2024-09-17,143,4
5793,144,276,2024-09-17,144,2
5794,144,206,2024-09-17,107,5
5795,144,85,2024-09-18,149,1
5796,450,74,2025-03-09,116,4
5797,450,217,2025-03-09,61,5
5798,450,14,2025-03-10,45,1
5799,375,176,2024-03-31,158,3
5800,439,209,2025-02-03,22,4
5801,122,25,2024-01-19,137,5
5802,122,119,2024-01-19,150,4
5803,122,318,2024-01-19,162,5
5804,122,139,2024-01-19,73,5
5805,122,165,2024-01-19,147,4
5806,122,153,2024-01-19,136,4
5807,517,172,2025-12-08,88,3
5808,508,317,2024-08-10,161,2
5809,223,281,2024-10-14,164,5
5810,223,35,2024-10-14,17,4
5811,223,341,2024-10-14,115,4
5812,501,18,2025-09-04,129,5
5813,501,141,2025-09-04,147,5
5814,501,339,2025-09-04,94,4
5815,501,141,2025-09-04,27,3
5816,419,256,2025-02-28,130,5
5817,467,293,2025-04-13,160,3
5818,185,328,2025-09-29,139,3
5819,91,121,2025-12-07,130,1
5820,40,203,2025-04-28,107,5
5821,548,243,2025-07-03,98,5
5822,548,257,2025-07-03,77,4
5823,548,293,2025-07-03,91,1
5824,548,313,2025-07-04,65,4
5825,318,2,2024-06-27,109,3
5826,448,98,2024-07-19,90,4
5827,233,186,2025-05-28,134,3
5828,255,228,2024-03-05,39,3
5829,105,131,2025-11-12,51,3
5830,513,125,2024-10-12,117,2
5831,41,152,2024-12-25,87,1
5832,35,335,2024-01-27,36,4
5833,25,212,2024-09-19,64,4
5834,244,81,2025-04-04,26,1
5835,244,160,2025-04-04,141,3
5836,244,89,2025-04-04,85,5
5837,490,8,2025-12-20,24,4
5838,286,69,2025-09-14,131,5
5839,431,346,2025-09-18,93,3
5840,301,287,2024-06-08,61,1
5841,499,327,2025-05-02,126,3
5842,404,129,2025-01-10,142,3
5843,396,81,2024-05-10,132,5
5844,213,161,2024-03-29,19,2
5845,490,304,2025-03-27,154,3
5846,19,233,2024-07-02,57,3
5847,19,236,2024-07-03,106,3
5848,19,5,2024-07-03,73,5
5849,19,320,2024-07-03,40,1
5850,19,244,2024-07-03,122,2
5851,19,265,2024-07-03,84,4
5852,88,182,2024-03-14,131,5
5853,88,282,2024-03-14,135,4
5854,88,316,2024-03-14,122,4
5855,105,49,2024-12-24,67,5
5856,379,210,2024-06-17,119,5
5857,384,139,2025-12-05,27,4
5858,118,77,2024-09-01,44,3
5859,85,180,2024-03-23,74,5
5860,547,243,2025-12-03,101,2
5861,222,67,2024-07-03,60,5
5862,247,217,2025-08-17,71,4
5863,400,246,2025-05-24,47,3
5864,343,209,2025-04-30,103,5
5865,402,294,2025-06-21,77,4
5866,29,97,2025-04-23,33,1
5867,340,143,2025-08-02,101,1
5868,543,340,2024-05-23,157,3
5869,46,98,2024-04-04,153,2
5870,142,49,2024-03-21,83,5
5871,340,285,2025-05-15,130,2
5872,340,30,2025-05-15,162,4
5873,340,188,2025-05-15,47,5
5874,340,196,2025-05-15,49,3
5875,279,173,2024-08-12,99,4
5876,363,318,2024-09-05,165,4
5877,352,292,2024-10-11,104,1
5878,352,70,2024-10-11,116,5
5879,352,297,2024-10-11,91,5
5880,22,322,2024-05-02,72,5
5881,462,153,2025-09-26,113,2
5882,481,73,2025-09-08,59,5
5883,540,222,2024-08-03,107,3
5884,440,171,2025-08-08,82,5
5885,15,28,2024-12-20,93,5
5886,485,222,2025-05-17,70,3
5887,485,124,2025-05-17,136,5
5888,485,132,2025-05-17,123,5
5889,485,317,2025-05-17,133,1
5890,321,86,2025-09-27,57,5
5891,274,62,2025-11-08,73,3
5892,80,4,2025-06-04,87,3
5893,57,145,2024-05-14,119,5
5894,51,39,2025-06-25,71,5
5895,293,242,2025-07-03,162,1
5896,125,160,2024-07-15,135,4
5897,515,316,2025-03-15,72,3
5898,357,128,2024-11-08,65,5
5899,357,242,2024-11-08,32,4
5900,357,263,2024-11-08,64,5
5901,357,263,2024-11-09,138,4
5902,479,86,2025-10-12,134,3
5903,18,337,2025-12-15,127,3
5904,18,63,2025-12-15,30,3
5905,183,315,2024-07-03,98,2
5906,438,341,2024-06-17,75,1
5907,283,233,2025-02-18,75,5
5908,283,10,2025-02-18,81,5
5909,283,318,2025-02-18,163,3
5910,245,75,2025-10-02,120,5
5911,399,171,2024-08-18,137,1
5912,20,151,2025-01-14,28,1
5913,229,208,2024-07-16,138,5
5914,328,332,2024-07-21,83,4
5915,328,154,2024-07-21,62,3
5916,328,49,2024-07-21,127,3
5917,328,264,2024-07-21,76,2
5918,198,349,2024-12-20,143,3
5919,39,261,2025-02-01,163,4
5920,1,1,2025-06-01,39,2
5921,1,61,2025-06-02,141,1
5922,133,136,2025-12-24,141,5
5923,23,169,2024-11-25,52,5
5924,138,23,2025-08-15,152,4
5925,443,256,2024-11-20,157,3
5926,30,327,2025-08-04,71,1
5927,359,134,2025-11-10,54,2
5928,41,345,2024-12-22,80,4
5929,191,345,2024-06-16,96,2
5930,509,155,2025-12-03,20,1
5931,486,150,2025-04-07,132,5
5932,486,333,2025-04-07,103,2
5933,486,19,2025-04-07,137,1
5934,64,282,2024-04-02,162,2
5935,64,344,2024-04-02,71,1
5936,254,55,2025-10-19,132,5
5937,273,150,2025-10-22,136,5
5938,318,306,2025-08-10,27,1
5939,407,36,2025-09-27,52,2
5940,528,350,2025-12-05,135,5
5941,229,220,2025-01-19,144,4
5942,73,339,2025-02-25,90,5
5943,73,209,2025-02-25,134,4
5944,73,239,2025-02-25,107,5
5945,435,223,2025-09-03,44,4
5946,494,228,2025-11-12,122,3
5947,197,104,2024-09-11,129,4
5948,96,191,2024-06-28,76,4
5949,377,119,2025-02-16,128,5
5950,216,274,2024-08-11,91,5
5951,216,4,2024-08-11,64,5
5952,161,289,2024-12-20,97,2
5953,536,344,2025-05-25,158,5
5954,11,64,2024-07-11,149,2
5955,504,188,2025-04-10,46,2
5956,451,223,2024-06-11,100,3
5957,433,50,2024-02-18,158,5
5958,467,319,2024-01-12,161,3
5959,104,60,2025-02-11,129,2
5960,275,347,2025-09-16,136,4
5961,23,258,2024-03-21,110,1
5962,320,75,2025-10-11,60,3
5963,91,129,2025-01-07,36,4
5964,91,222,2025-01-07,114,5
5965,91,26,2025-01-07,95,3
5966,91,225,2025-01-07,72,2
5967,91,71,2025-01-07,110,4
5968,2,202,2024-03-30,120,5
5969,2,277,2024-03-30,82,5
5970,2,51,2024-03-31,24,2
5971,2,288,2024-03-31,19,2
5972,324,171,2025-08-07,68,4
5973,324,176,2025-08-07,89,4
5974,324,341,2025-08-07,96,3
5975,467,208,2024-11-02,136,3
5976,467,16,2024-11-02,82,4
5977,163,106,2025-01-06,142,5
5978,156,134,2025-02-04,42,4
5979,123,88,2025-09-14,165,5
5980,123,16,2025-09-14,100,5
5981,123,148,2025-09-14,56,5
5982,123,109,2025-09-14,81,4
5983,410,70,2025-08-09,148,5
5984,410,145,2025-08-09,60,2
5985,410,296,2025-08-09,80,5
5986,410,212,2025-08-10,139,5
5987,141,16,2024-12-28,104,5
5988,509,247,2025-07-17,153,2
5989,509,271,2025-07-17,21,3
5990,509,350,2025-07-17,136,4
5991,292,332,2025-12-14,87,5
5992,259,247,2025-03-19,135,4
5993,163,227,2024-04-16,139,2
5994,356,15,2024-10-11,97,3
5995,80,256,2025-08-23,114,3
5996,80,78,2025-08-23,104,5
5997,80,185,2025-08-23,143,5
5998,378,172,2024-01-06,139,5
5999,330,8,2025-03-09,92,1
6000,330,326,2025-03-09,85,3
6001,330,271,2025-03-09,106,3
6002,133,198,2024-12-22,124,4
6003,53,321,2025-07-27,70,4
6004,527,217,2024-06-24,70,3
6005,281,128,2024-12-19,132,5
6006,134,7,2025-08-17,25,2
6007,140,195,2025-04-19,102,5
6008,173,190,2024-02-04,153,2
6009,33,216,2025-06-30,49,3
6010,33,1,2025-06-30,141,5
6011,33,158,2025-06-30,18,3
6012,120,323,2024-03-27,17,1
6013,468,44,2024-10-14,18,1
6014,303,217,2025-05-27,154,5
6015,109,206,2025-06-02,87,5
6016,109,194,2025-06-02,154,2
6017,109,90,2025-06-02,57,5
6018,109,339,2025-06-03,36,3
6019,109,228,2025-06-03,144,2
6020,109,319,2025-06-02,81,4
6021,86,104,2025-12-22,37,5
6022,118,224,2025-04-26,117,3
6023,445,340,2024-04-22,78,4
6024,150,234,2024-04-28,160,4
6025,152,44,2025-01-30,120,5
6026,434,300,2024-05-02,165,1
6027,96,281,2024-02-29,93,3
6028,278,258,2025-01-28,80,5
6029,514,308,2025-05-13,106,5
6030,514,163,2025-05-13,56,5
6031,514,153,2025-05-14,28,1
6032,514,287,2025-05-14,75,3
6033,72,70,2025-03-02,97,3
6034,72,128,2025-03-02,145,5
6035,173,266,2025-01-29,76,2
6036,3,91,2025-11-02,84,2
6037,3,253,2025-11-02,111,4
6038,3,35,2025-11-03,97,3
6039,297,177,2024-12-28,116,5
6040,446,104,2024-12-06,47,2
6041,152,330,2025-02-24,141,5
6042,245,101,2024-03-23,137,2
6043,434,271,2024-06-25,164,3
6044,434,31,2024-06-25,129,4
6045,434,63,2024-06-25,134,4
6046,434,197,2024-06-26,159,5
6047,20,267,2024-05-22,93,4
6048,20,171,2024-05-22,126,4
6049,20,179,2024-05-22,78,2
6050,20,294,2024-05-22,19,4
6051,271,225,2024-01-22,42,1
6052,271,171,2024-01-22,41,4
6053,271,307,2024-01-23,66,5
6054,271,58,2024-01-23,39,4
6055,498,8,2024-06-04,111,4
6056,506,141,2025-07-24,65,2
6057,506,212,2025-07-24,156,5
6058,506,221,2025-07-24,51,2
6059,150,177,2025-03-04,93,5
6060,2,152,2025-04-03,96,2
6061,2,47,2025-04-03,103,5
6062,2,8,2025-04-03,140,1
6063,2,103,2025-04-03,77,2
6064,333,244,2025-12-01,72,5
6065,97,39,2025-01-16,159,4
6066,332,23,2024-06-30,139,5
6067,243,342,2024-10-21,136,4
6068,65,34,2024-07-17,140,5
6069,526,313,2024-04-07,68,2
6070,526,324,2024-04-07,87,5
6071,377,94,2025-07-11,19,3
6072,377,175,2025-07-11,159,5
6073,375,332,2025-03-23,95,4
6074,106,240,2024-05-19,59,3
6075,106,139,2024-05-19,149,5
6076,106,24,2024-05-19,26,2
6077,183,148,2024-04-03,164,5
6078,183,179,2024-04-03,146,3
6079,183,210,2024-04-03,19,1
6080,137,344,2025-03-28,123,4
6081,440,194,2024-05-08,81,3
6082,252,202,2024-02-11,112,1
6083,252,222,2024-02-11,119,5
6084,548,247,2025-12-28,96,4
6085,186,113,2025-06-26,91,4
6086,186,225,2025-06-26,139,5
6087,186,292,2025-06-26,60,4
6088,186,259,2025-06-26,143,4
6089,169,322,2024-08-29,100,2
6090,169,57,2024-08-29,74,5
6091,169,312,2024-08-29,85,4
6092,149,257,2025-10-20,128,5
6093,310,322,2025-06-21,62,3
6094,337,96,2024-06-30,20,2
6095,337,52,2024-06-30,95,5
6096,337,162,2024-06-30,126,4
6097,289,166,2024-04-28,164,5
6098,151,123,2025-08-07,67,4
6099,480,340,2025-11-14,148,3
6100,219,347,2025-07-26,28,3
6101,90,221,2025-10-17,80,3
6102,216,290,2024-11-24,111,4
6103,372,167,2024-05-01,134,4
6104,372,267,2024-05-01,160,4
6105,372,193,2024-05-01,26,1
6106,372,336,2024-05-01,34,1
6107,372,206,2024-12-25,113,1
6108,36,151,2025-01-29,70,2
6109,36,103,2025-01-29,58,5
6110,36,225,2025-01-29,80,2
6111,55,327,2025-09-13,73,5
6112,156,194,2024-07-08,78,5
6113,437,259,2025-08-29,159,3
6114,169,193,2024-10-23,154,3
6115,227,336,2024-10-27,72,5
6116,145,160,2024-12-06,95,4
6117,145,233,2024-12-06,77,4
6118,145,252,2024-12-06,96,5
6119,275,167,2024-07-06,63,5
6120,185,205,2025-01-18,62,5
6121,185,223,2025-01-18,35,1
6122,185,214,2025-01-19,115,5
6123,214,325,2024-02-25,51,3
6124,154,24,2025-06-28,150,5
6125,185,152,2024-10-18,165,5
6126,106,69,2024-04-07,128,3
6127,509,346,2025-12-23,55,5
6128,55,286,2025-09-27,148,5
6129,454,155,2025-07-28,114,4
6130,26,305,2024-09-28,106,3
6131,316,334,2025-05-26,65,4
6132,316,257,2025-05-26,79,3
6133,316,126,2025-05-26,152,1
6134,35,195,2025-02-11,59,3
6135,12,168,2025-12-09,110,3
6136,191,331,2025-05-28,128,3
6137,444,209,2024-10-13,123,3
6138,444,176,2024-10-13,78,5
6139,444,31,2024-10-14,38,4
6140,444,76,2024-10-14,133,2
6141,444,144,2024-10-14,110,4
6142,444,321,2024-10-14,111,2
6143,126,163,2024-01-28,85,4
6144,70,17,2024-02-24,128,5
6145,479,288,2025-07-27,66,3
6146,133,77,2025-05-27,158,4
6147,269,341,2025-05-04,93,2
6148,372,201,2024-07-16,109,5
6149,63,246,2025-01-30,121,4
6150,135,257,2024-01-02,100,5
6151,536,282,2024-01-27,32,3
6152,451,26,2024-02-17,135,3
6153,330,82,2025-05-28,24,3
6154,205,332,2024-05-15,107,1
6155,301,230,2025-04-13,132,5
6156,171,20,2025-10-15,86,2
6157,530,123,2025-11-30,71,4
6158,494,95,2025-07-19,70,4
6159,153,23,2024-06-23,96,5
6160,328,162,2024-08-10,98,2
6161,142,65,2024-02-29,52,5
6162,142,326,2024-02-29,25,2
6163,142,37,2024-02-29,163,2
6164,142,191,2024-02-29,142,4
6165,142,332,2024-02-29,40,3
6166,142,23,2024-02-29,127,5
6167,326,217,2025-11-28,108,2
6168,135,270,2024-01-29,157,5
6169,505,192,2024-06-18,74,3
6170,260,218,2025-01-08,98,3
6171,52,306,2024-02-23,70,5
6172,466,337,2025-11-11,136,2
6173,499,184,2024-11-20,47,3
6174,39,199,2025-06-30,107,5
6175,470,91,2024-04-17,17,1
6176,411,235,2025-07-07,154,2
6177,466,76,2025-04-05,163,3
6178,466,22,2025-04-05,151,2
6179,466,245,2025-04-05,45,3
6180,115,334,2025-04-09,65,5
6181,115,265,2025-04-09,136,5
6182,115,227,2025-04-09,91,5
6183,139,102,2025-11-23,138,4
6184,124,182,2025-12-02,99,4
6185,11,145,2025-01-13,83,3
6186,379,182,2024-01-30,61,3
6187,511,40,2025-08-02,131,4
6188,147,21,2024-08-28,92,1
6189,440,29,2025-07-29,78,5
6190,70,253,2024-09-20,138,5
6191,263,39,2024-10-07,103,5
6192,451,184,2024-06-28,134,4
6193,539,2,2024-12-11,163,3
6194,185,108,2025-01-16,61,5
6195,151,236,2024-05-03,29,3
6196,428,312,2025-01-09,135,5
6197,418,224,2025-12-20,33,4
6198,418,269,2025-12-20,29,2
6199,547,127,2025-10-02,65,3
6200,129,16,2025-05-24,146,1
6201,66,264,2024-01-24,84,5
6202,66,126,2024-01-24,131,5
6203,73,56,2025-05-11,135,1
6204,204,167,2025-11-21,117,3
6205,359,116,2024-10-17,133,5
6206,179,275,2025-03-24,120,3
6207,461,256,2025-08-14,124,3
6208,545,163,2024-07-14,162,4
6209,210,302,2025-07-11,78,1
6210,79,160,2024-03-25,60,5
6211,115,256,2025-05-04,111,5
6212,105,322,2024-07-15,33,2
6213,188,66,2024-07-07,159,2
6214,45,241,2024-07-09,153,1
6215,299,193,2025-11-05,73,1
6216,100,277,2024-09-29,132,4
6217,548,83,2024-09-21,118,4
6218,103,290,2024-11-30,54,5
6219,359,197,2025-06-09,121,3
6220,356,318,2025-08-18,129,4
6221,179,201,2025-12-25,57,5
6222,49,91,2024-12-10,93,5
6223,49,183,2024-12-10,142,5
6224,323,247,2024-09-10,124,4
6225,451,270,2025-09-25,126,3
6226,83,176,2025-07-10,108,1
6227,40,72,2025-04-22,138,1
6228,410,291,2025-11-14,80,5
6229,410,253,2025-11-14,111,5
6230,410,150,2025-11-14,32,3
6231,410,303,2025-11-14,60,2
6232,137,251,2024-12-31,47,5
6233,137,165,2024-12-31,75,4
6234,137,38,2024-12-31,103,3
6235,137,23,2024-12-31,94,2
6236,165,153,2024-03-08,152,2
6237,257,110,2025-08-28,138,3
6238,499,310,2024-12-09,68,1
6239,430,175,2024-02-14,47,4
6240,293,27,2025-12-23,135,4
6241,301,16,2024-10-19,151,5
6242,348,171,2025-06-03,162,3
6243,171,57,2025-12-23,42,4
6244,485,135,2025-10-19,149,3
6245,84,258,2025-01-11,141,2
6246,408,212,2025-03-08,157,4
6247,408,130,2025-03-08,132,4
6248,408,247,2025-03-08,95,5
6249,231,34,2024-04-01,47,3
6250,169,259,2025-10-07,96,3
6251,460,97,2024-03-30,80,1
6252,21,13,2024-06-20,135,5
6253,416,76,2024-11-11,122,2
6254,152,217,2025-09-15,24,1
6255,120,258,2024-07-25,131,2
6256,476,111,2025-02-07,27,2
6257,26,31,2024-02-19,107,3
6258,26,64,2024-02-20,39,3
6259,26,226,2024-02-20,140,5
6260,26,21,2024-02-20,96,2
6261,327,157,2024-08-19,33,1
6262,31,144,2025-10-14,141,5
6263,419,269,2025-06-24,94,5
6264,134,188,2025-02-06,122,2
6265,369,291,2024-12-30,142,5
6266,269,201,2025-08-29,70,2
6267,397,186,2025-05-14,154,3
6268,103,142,2024-05-31,130,1
6269,463,96,2025-10-12,82,4
6270,463,127,2025-10-12,147,4
6271,463,11,2025-10-13,106,4
6272,463,40,2025-10-13,112,5
6273,530,199,2024-05-25,82,4
6274,19,174,2025-05-24,152,4
6275,19,36,2025-05-24,68,4
6276,19,181,2025-05-24,100,4
6277,19,169,2025-05-25,143,5
6278,19,90,2025-05-24,116,5
6279,19,307,2025-05-25,109,4
6280,8,145,2025-04-02,113,3
6281,162,332,2024-11-10,90,5
6282,346,296,2024-11-07,29,4
6283,346,343,2024-11-07,124,4
6284,31,299,2024-02-27,158,3
6285,218,16,2024-04-17,28,1
6286,373,281,2024-02-24,163,4
6287,493,232,2025-02-17,108,3
6288,360,340,2025-04-20,125,5
6289,301,26,2024-05-24,88,5
6290,134,283,2025-03-27,26,1
6291,395,82,2024-06-27,79,3
6292,395,25,2024-06-27,29,4
6293,395,333,2024-06-27,85,3
6294,52,205,2024-09-08,19,4
6295,347,213,2025-04-23,97,2
6296,445,298,2025-07-03,150,5
6297,70,272,2025-10-14,135,5
6298,541,278,2024-10-01,27,1
6299,479,95,2025-10-01,161,4
6300,362,324,2024-04-09,85,3
6301,412,171,2025-09-12,73,2
6302,74,1,2025-03-24,93,5
6303,520,181,2024-04-29,77,4
6304,384,220,2024-03-11,113,3
6305,342,22,2025-02-19,34,2
6306,86,349,2024-01-02,159,4
6307,253,64,2025-01-09,95,4
6308,253,52,2025-01-09,102,5
6309,253,286,2025-01-09,80,5
6310,287,43,2025-02-08,163,2
6311,17,173,2025-08-02,110,2
6312,303,32,2024-07-13,126,1
6313,512,324,2024-04-15,32,4
6314,461,86,2025-02-25,157,2
6315,134,86,2024-10-03,112,5
6316,240,74,2024-10-15,126,5
6317,257,52,2024-12-21,126,5
6318,388,196,2024-05-12,132,1
6319,182,109,2024-10-17,17,3
6320,501,346,2024-05-27,27,1
6321,214,47,2024-10-29,136,3
6322,340,312,2024-12-20,158,2
6323,468,155,2025-06-18,56,5
6324,468,121,2025-06-18,69,4
6325,468,90,2025-06-18,93,2
6326,468,295,2025-06-19,70,3
6327,468,213,2025-06-19,131,5
6328,348,40,2025-05-20,69,5
6329,165,105,2024-02-16,105,2
6330,49,189,2025-11-25,68,3
6331,34,281,2024-05-08,121,4
6332,287,135,2024-07-12,108,4
6333,492,272,2024-11-24,110,5
6334,254,319,2025-09-02,109,5
6335,160,136,2024-03-31,108,3
6336,525,135,2024-04-09,147,5
6337,468,39,2025-11-24,156,3
6338,468,346,2025-11-24,104,5
6339,468,47,2025-11-24,42,4
6340,468,182,2025-11-25,146,5
6341,468,134,2025-11-25,135,3
6342,375,294,2025-08-01,112,2
6343,545,282,2025-12-22,74,4
6344,438,173,2025-01-07,34,2
6345,320,133,2025-08-16,117,5
6346,104,101,2025-10-20,153,5
6347,49,265,2024-08-18,123,4
6348,271,313,2024-09-26,27,1
6349,469,73,2024-04-09,88,4
6350,469,331,2024-04-10,134,5
6351,469,14,2024-04-10,99,5
6352,474,339,2024-01-22,144,4
6353,548,220,2025-11-03,80,3
6354,146,112,2024-11-13,157,3
6355,514,14,2024-08-11,127,5
6356,230,157,2025-07-23,85,5
6357,155,258,2025-01-02,55,4
6358,183,325,2024-08-21,125,4
6359,55,254,2025-11-23,97,3
6360,48,278,2024-06-02,138,3
6361,497,250,2025-09-29,48,5
6362,290,135,2024-03-23,152,3
6363,290,317,2024-03-23,88,3
6364,143,134,2025-12-30,48,5
6365,547,284,2025-12-25,47,3
6366,383,262,2024-02-15,143,4
6367,527,72,2025-06-08,47,4
6368,424,222,2025-03-26,113,5
6369,215,278,2025-02-04,163,1
6370,215,330,2025-02-04,120,5
6371,215,321,2025-02-04,65,5
6372,215,341,2025-02-04,49,1
6373,538,263,2025-04-07,139,1
6374,538,249,2025-04-07,88,1
6375,424,137,2024-11-30,96,4
6376,117,301,2025-11-06,63,3
6377,117,146,2025-11-06,51,4
6378,117,10,2025-11-06,127,4
6379,117,133,2025-11-06,81,3
6380,206,310,2025-04-03,146,1
6381,184,10,2025-08-26,126,1
6382,293,223,2025-04-30,45,5
6383,81,76,2024-03-23,41,4
6384,320,104,2025-07-13,71,5
6385,224,298,2025-07-29,95,5
6386,415,57,2024-03-04,116,5
6387,415,223,2024-03-04,84,5
6388,415,214,2024-03-04,66,5
6389,415,98,2024-03-04,19,3
6390,503,278,2025-08-16,88,1
6391,40,85,2025-07-26,88,5
6392,510,177,2025-06-15,32,1
6393,510,118,2025-06-15,32,2
6394,510,146,2025-06-15,146,5
6395,510,146,2025-06-15,103,4
6396,510,97,2025-06-15,134,5
6397,510,14,2025-06-16,126,5
6398,96,324,2024-09-02,30,4
6399,96,26,2024-09-03,24,4
6400,96,260,2024-09-03,157,4
6401,96,273,2024-09-03,141,3
6402,68,326,2025-04-24,123,2
6403,481,262,2025-10-10,72,3
6404,505,293,2025-10-05,76,3
6405,540,98,2024-06-02,114,2
6406,491,28,2024-06-13,47,4
6407,44,267,2025-03-02,75,4
6408,343,202,2024-03-30,63,2
6409,216,308,2025-06-20,39,3
6410,170,154,2025-06-18,140,5
6411,180,146,2024-03-16,100,5
6412,326,9,2024-07-22,109,3
6413,379,265,2024-02-24,82,4
6414,320,342,2024-10-13,152,5
6415,155,295,2024-12-20,162,3
6416,237,234,2024-08-10,47,2
6417,237,235,2024-08-10,125,2
6418,156,348,2025-07-02,142,5
6419,258,129,2025-03-29,54,5
6420,544,90,2024-12-27,90,4
6421,10,87,2024-01-19,156,5
6422,157,206,2025-01-13,139,1
6423,379,126,2025-08-31,103,1
6424,465,300,2025-06-02,79,5
6425,432,184,2024-04-12,126,5
6426,317,179,2025-08-01,100,5
6427,476,199,2024-11-24,67,4
6428,103,295,2025-11-07,87,2
6429,203,184,2025-12-26,75,3
6430,485,220,2025-11-18,103,4
6431,235,288,2025-10-05,151,2
6432,143,159,2025-12-27,32,4
6433,503,233,2025-08-28,67,5
6434,204,45,2024-06-03,38,5
6435,477,1,2024-12-29,149,3
6436,477,318,2024-12-29,135,5
6437,477,327,2024-12-29,98,3
6438,505,184,2024-09-26,83,5
6439,8,6,2024-04-02,143,4
6440,448,186,2025-03-02,36,3
6441,268,2,2025-10-11,99,3
6442,541,120,2025-07-25,80,4
6443,335,76,2025-07-02,109,4
6444,358,250,2024-05-25,55,3
6445,455,105,2024-08-02,77,3
6446,268,108,2024-05-23,140,3
6447,185,296,2025-07-27,134,2
6448,363,45,2025-07-03,136,4
6449,181,202,2025-05-14,81,4
6450,68,81,2024-05-27,106,5
6451,98,198,2024-12-25,111,3
6452,401,217,2025-10-07,57,2
6453,58,169,2024-09-14,41,4
6454,546,175,2025-12-20,93,5
6455,459,242,2025-11-04,56,5
6456,154,104,2024-01-19,66,2
6457,296,220,2024-07-25,107,2
6458,55,227,2025-10-26,31,1
6459,402,216,2024-09-02,133,3
6460,271,162,2025-09-09,21,3
6461,533,342,2024-02-17,64,1
6462,217,177,2025-12-03,40,2
6463,202,47,2025-09-27,89,5
6464,427,313,2025-04-10,41,5
6465,427,133,2025-04-10,81,4
6466,427,77,2025-04-10,159,5
6467,469,167,2024-12-23,92,1
6468,287,164,2024-08-17,53,1
6469,446,315,2024-06-02,121,3
6470,446,139,2024-06-02,92,3
6471,446,251,2024-06-02,144,5
6472,486,113,2024-07-28,128,4
6473,106,91,2025-10-20,157,5
6474,474,1,2024-11-03,127,4
6475,268,259,2025-11-12,69,5
6476,398,318,2024-06-06,120,4
6477,393,120,2025-03-13,99,4
6478,132,80,2024-01-19,105,2
6479,201,199,2025-05-27,139,5
6480,5,325,2025-04-25,157,4
6481,529,11,2025-02-28,152,1
6482,27,288,2024-07-02,41,2
6483,485,335,2025-03-19,133,4
6484,306,123,2025-07-11,58,5
6485,272,286,2025-12-29,121,4
6486,272,166,2025-12-29,107,3
6487,272,228,2025-12-29,103,5
6488,272,275,2025-12-29,111,3
6489,159,236,2024-05-16,88,3
6490,159,293,2024-05-16,45,2
6491,159,13,2024-05-17,139,1
6492,159,86,2024-05-17,16,4
6493,459,14,2025-04-26,71,1
6494,256,221,2025-03-16,113,3
6495,145,295,2024-04-13,151,3
6496,145,2,2024-04-13,152,5
6497,145,59,2024-04-13,51,5
6498,342,300,2024-06-12,123,5
6499,226,306,2025-09-08,88,3
6500,494,326,2025-05-17,82,2
6501,202,54,2025-02-19,116,5
6502,297,86,2025-09-06,98,5
6503,484,32,2024-11-06,102,4
6504,484,14,2024-11-06,60,3
6505,484,221,2024-11-06,73,3
6506,103,90,2025-04-16,49,4
6507,341,167,2025-06-03,51,4
6508,341,64,2025-06-03,44,3
6509,341,67,2025-06-03,15,3
6510,341,22,2025-06-03,94,3
6511,428,1,2025-10-22,87,5
6512,145,98,2024-02-04,27,4
6513,266,346,2025-06-20,19,4
6514,449,302,2025-02-10,110,1
6515,257,70,2024-03-12,89,2
6516,257,97,2024-03-13,66,5
6517,257,86,2024-03-13,99,3
6518,210,206,2024-02-10,24,3
6519,278,116,2025-05-17,160,1
6520,278,315,2025-05-17,110,5
6521,278,103,2025-05-17,95,1
6522,278,39,2025-05-18,129,1
6523,330,174,2025-06-10,122,2
6524,330,231,2025-06-10,87,4
6525,330,254,2025-06-11,88,3
6526,330,241,2025-06-11,162,3
6527,389,101,2024-02-10,138,5
6528,430,111,2025-01-05,41,4
6529,357,237,2024-06-10,84,4
6530,401,83,2025-07-20,84,5
6531,134,283,2025-10-09,155,3
6532,186,119,2025-09-26,17,4
6533,332,313,2025-07-07,55,5
6534,45,305,2024-02-21,139,5
6535,296,2,2025-07-11,119,4
6536,36,295,2025-01-09,142,4
6537,19,325,2025-05-23,99,1
6538,19,134,2025-05-24,119,4
6539,19,46,2025-05-24,133,4
6540,362,330,2024-11-10,145,3
6541,230,297,2024-08-13,103,5
6542,18,113,2024-03-21,155,5
6543,91,325,2024-11-29,88,5
6544,418,65,2024-01-19,83,2
6545,494,177,2025-08-17,82,5
6546,404,137,2025-05-20,156,5
6547,404,150,2025-05-20,90,2
6548,351,229,2025-12-25,105,4
6549,34,77,2024-01-17,49,5
6550,34,139,2024-01-17,121,5
6551,34,227,2024-01-17,118,2
6552,34,50,2024-01-17,136,4
6553,417,278,2024-12-29,158,3
6554,35,318,2025-01-24,60,3
6555,35,137,2025-01-24,104,5
6556,35,251,2025-01-24,158,5
6557,287,71,2024-01-30,122,5
6558,443,101,2024-11-08,132,1
6559,169,4,2024-09-09,136,4
6560,296,97,2025-01-01,117,1
6561,376,106,2025-02-20,42,5
6562,98,156,2024-08-15,110,4
6563,174,341,2024-10-03,88,3
6564,174,332,2024-10-04,118,3
6565,174,176,2024-10-04,108,3
6566,28,205,2024-11-08,115,5
6567,224,209,2025-09-23,118,5
6568,224,162,2025-09-24,131,5
6569,190,144,2024-06-29,92,5
6570,504,97,2024-04-18,25,2
6571,473,227,2025-08-03,158,4
6572,417,107,2024-05-04,107,5
6573,436,330,2024-07-11,104,3
6574,31,331,2024-06-12,120,4
6575,549,234,2024-11-20,86,4
6576,496,47,2024-11-02,39,5
6577,17,289,2024-06-03,101,5
6578,74,169,2025-04-28,98,4
6579,70,281,2024-01-20,115,5
6580,373,223,2024-12-13,72,5
6581,373,304,2024-12-13,141,4
6582,373,108,2024-12-13,144,5
6583,516,238,2025-10-03,91,2
6584,516,341,2025-10-03,155,5
6585,516,303,2025-10-03,159,3
6586,516,13,2025-10-03,147,2
6587,359,91,2025-11-03,38,5
6588,193,184,2024-03-11,151,5
6589,313,134,2024-07-20,152,2
6590,477,55,2024-10-01,37,4
6591,79,240,2024-01-04,124,4
6592,78,135,2025-07-11,106,4
6593,483,26,2025-04-08,133,5
6594,138,252,2024-07-26,52,2
6595,382,232,2024-06-05,141,4
6596,549,225,2025-07-20,141,1
6597,402,261,2024-10-07,114,5
6598,466,320,2024-12-16,80,4
6599,466,115,2024-12-17,150,3
6600,466,310,2024-12-17,28,3
6601,93,101,2025-10-08,43,4
6602,475,215,2025-01-27,138,4
6603,83,278,2025-05-08,151,4
6604,452,203,2024-12-18,67,4
6605,287,253,2024-06-05,26,3
6606,287,281,2024-06-05,128,5
6607,517,113,2024-09-01,46,1
6608,423,57,2024-07-17,75,1
6609,485,268,2024-06-10,151,3
6610,480,163,2024-01-16,64,4
6611,262,82,2024-10-26,157,1
6612,44,224,2025-12-12,74,2
6613,44,334,2025-12-12,112,4
6614,44,301,2025-12-12,18,1
6615,44,242,2025-12-13,131,5
6616,314,13,2024-10-31,70,3
6617,293,139,2024-01-02,19,4
6618,29,295,2025-03-15,154,4
6619,124,347,2024-05-25,75,2
6620,352,10,2025-02-10,55,5
6621,417,281,2025-01-01,89,5
6622,40,20,2024-03-05,73,5
6623,391,144,2025-09-08,158,3
6624,7,87,2025-07-25,44,4
6625,310,275,2024-11-14,124,4
6626,92,56,2025-09-06,93,5
6627,11,30,2025-08-24,83,4
6628,11,270,2025-08-25,141,2
6629,11,280,2025-08-25,158,3
6630,11,86,2025-08-25,137,4
6631,64,259,2024-10-04,68,3
6632,85,49,2024-09-05,38,4
6633,359,274,2024-08-20,122,3
6634,191,90,2024-04-20,101,5
6635,529,324,2024-02-25,147,5
6636,192,122,2024-09-27,16,2
6637,410,103,2024-03-28,145,4
6638,395,108,2024-10-11,36,5
6639,122,185,2024-03-17,77,5
6640,122,56,2024-03-17,74,4
6641,122,139,2024-03-17,137,4
6642,122,95,2024-03-17,60,3
6643,201,260,2024-06-07,98,2
6644,201,243,2024-06-07,131,1
6645,201,279,2024-06-07,153,5
6646,201,1,2024-06-07,125,5
6647,201,269,2024-06-07,66,5
6648,72,213,2024-05-26,125,3
6649,393,58,2025-01-30,107,1
6650,170,329,2024-04-09,16,4
6651,89,303,2024-08-19,31,4
6652,338,338,2024-09-10,76,4
6653,237,280,2025-04-18,127,5
6654,237,29,2025-04-18,99,4
6655,237,26,2025-04-18,71,5
6656,237,275,2025-04-18,90,5
6657,468,258,2025-04-18,27,4
6658,331,245,2024-03-10,102,3
6659,344,112,2024-05-04,103,3
6660,180,51,2025-07-23,147,3
6661,106,161,2025-06-19,150,5
6662,444,291,2025-12-15,36,3
6663,444,333,2025-12-15,135,4
6664,444,341,2025-12-15,49,3
6665,444,122,2025-12-15,161,2
6666,444,72,2025-12-15,84,5
6667,444,213,2025-12-15,33,3
6668,207,332,2025-12-10,79,2
6669,207,26,2025-12-10,104,5
6670,207,294,2025-12-10,143,5
6671,207,2,2025-12-10,124,2
6672,15,116,2024-10-05,68,5
6673,15,148,2024-10-05,153,5
6674,15,289,2024-10-05,144,1
6675,15,260,2024-10-05,153,4
6676,209,232,2024-10-06,22,2
6677,232,28,2025-02-22,123,4
6678,232,73,2025-02-22,140,4
6679,232,264,2025-02-23,45,5
6680,232,87,2025-02-23,46,4
6681,515,44,2025-11-26,149,4
6682,427,348,2024-12-29,48,3
6683,209,190,2025-05-13,104,5
6684,314,53,2025-06-14,144,3
6685,314,26,2025-06-14,155,4
6686,314,73,2025-06-14,139,5
6687,18,288,2024-02-06,127,5
6688,169,51,2025-11-14,19,3
6689,250,278,2025-03-17,17,4
6690,370,213,2024-03-18,115,1
6691,124,135,2025-08-24,137,3
6692,417,283,2024-08-16,93,3
6693,151,111,2024-04-04,141,3
6694,548,51,2024-09-10,80,4
6695,361,301,2025-06-17,155,2
6696,341,275,2024-09-06,60,5
6697,414,239,2024-09-29,32,1
6698,160,277,2024-09-21,71,1
6699,8,97,2024-04-11,153,3
6700,254,155,2024-02-17,81,4
6701,13,111,2024-04-21,162,4
6702,549,235,2025-11-03,56,3
6703,46,272,2025-10-08,128,5
6704,84,226,2025-01-17,91,2
6705,549,135,2024-11-03,132,2
6706,2,184,2024-04-03,117,2
6707,99,325,2025-01-14,36,4
6708,257,223,2025-01-12,159,5
6709,479,51,2025-01-04,72,1
6710,84,186,2024-12-01,115,1
6711,441,83,2024-10-03,93,1
6712,308,48,2024-06-27,20,4
6713,369,291,2025-06-08,127,3
6714,41,295,2025-04-12,78,4
6715,478,335,2025-05-24,90,3
6716,327,224,2024-11-22,83,5
6717,255,165,2025-07-14,47,2
6718,255,204,2025-07-14,103,5
6719,306,52,2024-06-06,39,3
6720,255,216,2025-05-12,70,5
6721,207,2,2025-06-17,160,5
6722,186,36,2025-09-09,31,3
6723,515,79,2025-09-14,115,2
6724,539,179,2024-11-11,156,2
6725,283,62,2025-08-26,118,4
6726,307,36,2024-05-06,150,3
6727,307,171,2024-05-06,55,4
6728,307,196,2024-05-06,27,2
6729,128,218,2024-02-25,51,1
6730,368,134,2024-10-29,150,5
6731,217,44,2025-12-03,75,3
6732,217,101,2025-12-03,140,1
6733,35,135,2025-05-26,43,5
6734,427,130,2025-03-16,111,1
6735,219,103,2025-06-29,165,1
6736,276,153,2024-07-23,135,5
6737,276,89,2024-07-23,132,3
6738,276,4,2024-07-23,36,5
6739,378,36,2025-08-07,98,1
6740,12,265,2025-09-14,46,3
6741,12,332,2025-09-14,76,4
6742,12,75,2025-09-14,129,5
6743,12,70,2025-09-14,123,1
6744,314,336,2025-05-21,159,2
6745,17,122,2024-02-24,111,3
6746,489,238,2025-06-22,165,3
6747,454,120,2025-08-21,115,4
6748,395,169,2024-08-01,140,3
6749,62,39,2024-01-26,129,4
6750,62,176,2024-01-26,155,4
6751,483,226,2024-10-29,106,3
6752,496,178,2024-06-28,160,3
6753,57,75,2024-10-21,84,4
6754,428,170,2024-10-28,86,4
6755,316,134,2025-10-22,27,4
6756,316,227,2025-10-22,135,3
6757,316,108,2025-10-23,116,5
6758,509,127,2025-04-01,28,4
6759,509,122,2025-04-01,125,5
6760,509,161,2025-04-01,79,5
6761,509,85,2025-04-01,150,4
6762,360,126,2025-08-21,163,4
6763,422,171,2025-06-04,154,4
6764,170,128,2024-09-27,139,5
6765,58,220,2024-03-29,27,1
6766,102,139,2024-10-11,113,5
6767,384,147,2024-05-05,113,3
6768,269,27,2025-04-11,142,2
6769,401,61,2024-12-27,141,4
6770,158,346,2025-03-20,131,5
6771,158,40,2025-03-20,147,5
6772,291,61,2024-04-11,107,4
6773,101,9,2024-01-16,98,3
6774,14,322,2025-09-11,148,4
6775,110,344,2025-10-06,143,5
6776,232,227,2025-05-26,79,4
6777,232,91,2025-05-26,19,1
6778,232,264,2025-05-26,137,5
6779,232,303,2025-05-26,163,4
6780,183,125,2025-01-11,77,2
6781,183,127,2025-01-11,155,2
6782,183,325,2025-01-11,113,2
6783,183,181,2025-01-11,156,5
6784,502,46,2025-07-01,22,4
6785,414,257,2025-04-14,87,1
6786,206,147,2024-10-21,155,4
6787,353,66,2024-08-13,107,4
6788,150,251,2024-10-04,49,4
6789,194,336,2024-04-28,143,4
6790,194,116,2024-04-28,24,4
6791,194,37,2024-04-28,51,4
6792,194,128,2024-04-28,85,5
6793,369,49,2025-03-31,117,5
6794,16,137,2025-08-14,100,2
6795,262,140,2025-12-06,121,3
6796,143,41,2025-06-12,59,4
6797,153,65,2024-05-18,78,4
6798,218,345,2025-09-22,91,5
6799,544,345,2024-06-21,15,4
6800,451,189,2024-03-11,104,3
6801,90,2,2025-09-27,121,4
6802,90,29,2025-09-27,163,2
6803,270,325,2024-01-25,139,2
6804,286,118,2025-04-12,112,4
6805,315,216,2025-07-16,49,5
6806,407,143,2025-07-21,159,4
6807,427,328,2024-09-21,31,2
6808,343,282,2024-10-12,132,2
6809,343,336,2024-10-13,108,5
6810,343,212,2024-10-13,24,1
6811,27,180,2025-11-15,22,4
6812,27,250,2025-11-15,92,5
6813,27,244,2025-11-15,162,3
6814,186,56,2024-10-04,78,5
6815,186,36,2024-10-05,105,3
6816,186,235,2024-10-05,34,1
6817,186,298,2024-10-05,119,3
6818,404,246,2025-12-25,87,4
6819,214,46,2025-08-06,88,1
6820,214,214,2025-08-07,79,4
6821,214,284,2025-08-07,106,5
6822,214,60,2025-08-07,81,1
6823,26,136,2025-07-25,109,4
6824,11,98,2024-07-15,165,3
6825,272,189,2025-05-16,87,2
6826,131,214,2025-03-31,32,4
6827,369,143,2024-09-26,60,5
6828,373,334,2025-02-08,23,4
6829,46,119,2024-09-03,161,3
6830,280,180,2024-11-19,133,4
6831,452,325,2025-08-11,144,5
6832,286,53,2024-08-05,159,2
6833,362,332,2024-05-19,109,2
6834,14,17,2025-06-10,134,1
6835,14,163,2025-06-10,79,5
6836,14,46,2025-06-10,80,4
6837,14,233,2025-06-10,128,4
6838,34,6,2025-07-05,115,1
6839,34,160,2025-07-05,97,5
6840,34,179,2025-07-05,125,5
6841,39,76,2025-09-14,57,3
6842,39,152,2025-09-14,65,2
6843,39,195,2025-09-14,113,5
6844,39,240,2025-09-14,32,1
6845,450,236,2024-12-12,139,1
6846,450,251,2024-12-12,140,1
6847,450,317,2024-12-12,95,4
6848,294,55,2025-12-13,79,3
6849,124,47,2025-02-22,71,3
6850,124,241,2025-02-23,31,3
6851,124,243,2025-02-23,146,2
6852,473,51,2024-07-22,26,2
6853,262,350,2025-01-25,59,5
6854,183,273,2025-08-29,107,4
6855,183,111,2025-08-29,140,3
6856,289,233,2025-04-07,131,3
6857,112,332,2025-12-02,54,3
6858,454,291,2025-05-28,138,2
6859,336,316,2024-09-01,39,2
6860,204,8,2025-11-27,131,5
6861,43,278,2025-09-02,58,3
6862,396,99,2024-09-11,28,4
6863,415,340,2025-12-07,72,2
6864,82,269,2024-10-21,27,4
6865,233,296,2024-06-14,138,5
6866,124,56,2025-01-11,106,3
6867,476,165,2025-01-28,90,4
6868,159,38,2024-10-17,109,2
6869,254,117,2024-08-16,139,5
6870,236,347,2025-09-05,102,5
6871,430,23,2025-12-27,139,4
6872,395,189,2024-07-06,150,1
6873,423,242,2025-06-16,151,2
6874,423,202,2025-06-16,29,3
6875,423,139,2025-06-16,82,2
6876,423,211,2025-06-16,163,5
6877,423,274,2025-06-17,141,1
6878,204,242,2025-01-21,23,4
6879,204,167,2025-01-21,126,5
6880,204,334,2025-01-21,116,3
6881,204,77,2025-01-21,147,3
6882,119,189,2025-10-13,117,5
6883,235,7,2024-05-07,160,1
6884,465,325,2025-11-02,87,1
6885,225,304,2025-01-11,154,4
6886,339,50,2025-03-18,116,4
6887,339,134,2025-03-18,53,2
6888,339,228,2025-03-18,25,3
6889,339,254,2025-03-18,26,3
6890,291,85,2024-11-23,107,5
6891,515,311,2025-04-08,134,3
6892,412,104,2024-09-11,150,2
6893,221,217,2024-01-04,45,5
6894,221,350,2024-01-04,85,4
6895,221,57,2024-01-04,124,5
6896,485,58,2024-07-29,97,2
6897,485,338,2024-07-30,76,2
6898,485,209,2024-07-30,128,4
6899,485,316,2024-07-30,78,4
6900,485,90,2024-07-30,93,4
6901,485,176,2024-07-30,90,4
6902,428,285,2024-10-28,50,1
6903,428,9,2024-10-28,81,4
6904,276,283,2025-12-10,76,4
6905,265,89,2025-04-29,41,2
6906,265,283,2025-04-29,93,5
6907,265,7,2025-04-29,126,4
6908,265,113,2025-04-29,140,2
6909,235,73,2025-06-10,55,5
6910,127,266,2024-09-26,124,1
6911,127,264,2024-09-26,164,4
6912,500,187,2025-01-27,77,4
6913,11,20,2024-12-17,139,3
6914,283,139,2024-04-09,95,5
6915,283,128,2024-04-09,128,1
6916,283,94,2024-04-09,155,4
6917,283,182,2024-04-10,101,5
6918,81,247,2025-07-19,119,4
6919,225,102,2025-10-13,56,5
6920,420,208,2025-02-21,47,3
6921,281,258,2024-08-08,112,4
6922,185,309,2024-09-06,53,3
6923,223,153,2024-12-02,162,1
6924,223,159,2024-12-03,130,1
6925,223,150,2024-12-03,112,5
6926,223,117,2024-12-03,79,5
6927,223,209,2024-12-03,19,1
6928,75,184,2025-07-13,84,2
6929,292,153,2025-06-04,99,5
6930,138,51,2024-05-17,112,1
6931,138,5,2024-05-17,162,3
6932,138,107,2024-05-17,48,3
6933,138,262,2024-05-17,108,5
6934,138,8,2024-05-17,138,5
6935,138,270,2024-05-18,45,5
6936,306,124,2024-04-19,134,4
6937,440,180,2025-12-02,106,3
6938,74,60,2025-05-19,147,5
6939,243,1,2025-04-27,110,5
6940,198,64,2025-11-06,139,2
6941,356,193,2025-10-02,125,5
6942,485,138,2025-09-29,165,5
6943,485,283,2025-09-29,17,2
6944,485,257,2025-09-29,110,3
6945,485,326,2025-09-29,17,2
6946,485,195,2025-09-29,41,4
6947,485,220,2025-09-29,117,4
6948,402,264,2025-05-12,65,4
6949,131,93,2024-01-30,164,5
6950,447,157,2025-01-28,91,4
6951,61,186,2024-09-28,70,5
6952,413,294,2025-06-23,30,4
6953,73,180,2025-11-18,131,4
6954,216,217,2025-12-08,109,4
6955,265,330,2025-12-02,162,5
6956,265,256,2025-12-02,68,2
6957,265,18,2025-12-02,145,1
6958,452,17,2024-05-08,58,4
6959,384,199,2025-05-27,70,4
6960,100,183,2025-05-29,45,2
6961,100,241,2025-05-29,129,3
6962,100,269,2025-05-29,40,5
6963,100,287,2025-05-29,48,5
6964,447,155,2024-04-01,35,5
6965,70,349,2025-12-07,25,4
6966,147,277,2025-09-09,130,2
6967,441,13,2025-12-16,139,3
6968,323,193,2025-04-18,159,4
6969,418,11,2025-07-21,100,5
6970,148,234,2025-10-19,56,5
6971,246,186,2024-03-23,124,4
6972,246,22,2024-03-24,157,5
6973,246,278,2024-03-24,69,2
6974,246,297,2024-03-24,89,4
6975,442,92,2025-03-14,140,2
6976,492,332,2024-02-28,79,3
6977,68,297,2025-11-07,86,3
6978,336,272,2024-06-12,100,5
6979,218,29,2024-07-30,90,5
6980,518,275,2025-09-08,164,5
6981,304,146,2024-01-23,36,4
6982,280,225,2024-07-16,100,5
6983,525,37,2024-11-23,107,5
6984,262,197,2024-06-22,63,2
6985,208,133,2024-11-18,153,3
6986,357,145,2025-10-05,96,5
6987,431,86,2025-12-05,117,5
6988,181,59,2024-06-04,143,4
6989,51,29,2025-08-21,78,3
6990,85,56,2025-09-13,67,5
6991,157,161,2025-02-20,56,5
6992,532,221,2025-07-09,116,5
6993,538,257,2025-04-07,128,2
6994,507,180,2024-07-01,56,4
6995,543,7,2025-10-10,144,3
6996,484,179,2025-08-13,65,5
6997,484,299,2025-08-13,144,4
6998,93,348,2025-01-31,149,4
6999,522,165,2025-11-24,102,5
7000,284,336,2025-03-07,92,5
7001,195,43,2024-12-18,37,5
7002,387,135,2024-03-29,104,5
7003,61,320,2025-09-13,82,3
7004,15,336,2024-06-19,71,4
7005,360,278,2024-12-26,38,1
7006,309,325,2025-03-21,49,5
7007,405,245,2024-03-08,121,4
7008,134,6,2024-08-06,134,4
7009,488,294,2024-08-27,17,3
7010,282,24,2024-09-13,128,2
7011,347,144,2024-04-22,29,4
7012,347,220,2024-04-22,157,3
7013,347,196,2024-04-22,134,5
7014,365,299,2024-09-20,18,1
7015,534,62,2024-06-04,126,3
7016,533,194,2025-10-04,88,5
7017,381,61,2024-05-17,135,3
7018,169,70,2024-02-17,161,4
7019,263,166,2025-05-30,21,4
7020,263,206,2025-05-30,138,4
7021,144,288,2024-10-03,163,2
7022,542,213,2025-07-04,33,1
7023,114,275,2025-12-09,22,4
7024,27,325,2024-05-11,162,2
7025,364,344,2024-08-12,159,5
7026,364,66,2024-08-13,36,5
7027,364,318,2024-08-13,120,3
7028,364,232,2024-08-13,17,3
7029,131,202,2025-04-13,33,1
7030,16,175,2024-03-10,136,4
7031,471,293,2024-01-05,39,5
7032,210,169,2025-08-02,74,4
7033,506,333,2025-09-03,138,5
7034,188,55,2025-05-26,94,4
7035,134,309,2025-06-03,160,4
7036,405,62,2024-09-15,92,3
7037,337,327,2025-10-26,134,5
7038,337,336,2025-10-26,38,3
7039,337,215,2025-10-27,86,4
7040,153,144,2024-08-14,160,2
7041,516,307,2024-03-02,57,2
7042,161,311,2024-10-30,123,3
7043,229,66,2024-08-27,15,2
7044,88,56,2024-11-21,104,4
7045,37,25,2024-08-30,109,1
7046,37,122,2024-08-30,99,4
7047,37,230,2024-08-30,150,3
7048,180,297,2024-01-08,108,3
7049,125,290,2025-10-05,132,2
7050,125,256,2025-02-21,38,4
7051,127,108,2024-10-21,117,2
7052,27,309,2024-07-18,143,3
7053,27,328,2024-07-18,68,4
7054,124,37,2025-05-21,149,2
7055,124,58,2025-05-21,53,4
7056,124,134,2025-05-21,81,1
7057,124,325,2025-05-21,154,5
7058,91,222,2024-09-09,149,5
7059,480,25,2025-07-04,153,5
7060,106,274,2024-08-02,107,2
7061,106,222,2024-08-02,67,3
7062,106,26,2024-08-02,114,4
7063,106,26,2024-08-02,140,3
7064,106,349,2024-08-02,117,3
7065,210,96,2024-05-13,55,3
7066,360,124,2025-04-20,24,1
7067,319,260,2025-12-23,111,5
7068,255,130,2025-10-07,124,5
7069,522,129,2025-07-18,18,4
7070,140,25,2024-05-24,81,4
7071,400,83,2025-06-16,62,5
7072,170,35,2025-07-07,112,5
7073,191,36,2025-07-16,125,2
7074,473,265,2025-05-10,110,5
7075,229,102,2024-08-18,87,4
7076,229,270,2024-08-18,85,2
7077,229,46,2024-08-18,89,1
7078,229,122,2024-08-18,71,5
7079,229,17,2024-08-18,115,4
7080,374,166,2024-09-20,107,5
7081,374,295,2024-09-20,160,5
7082,374,343,2024-09-20,157,1
7083,381,297,2025-01-09,82,5
7084,292,76,2025-08-20,30,1
7085,344,287,2025-04-15,62,3
7086,285,189,2024-11-24,156,4
7087,292,57,2024-07-20,36,5
7088,292,53,2024-07-20,83,2
7089,292,214,2024-07-20,83,5
7090,445,166,2025-01-20,150,2
7091,228,283,2025-11-26,114,4
7092,228,125,2025-11-26,38,5
7093,228,265,2025-11-26,81,3
7094,228,341,2025-11-26,96,4
7095,228,37,2025-11-27,162,3
7096,393,195,2025-01-12,85,5
7097,434,95,2025-01-07,109,1
7098,218,209,2025-01-01,124,4
7099,419,129,2025-02-03,56,2
7100,159,40,2024-10-17,20,3
7101,191,254,2024-07-30,78,3
7102,221,280,2025-02-28,124,4
7103,221,12,2025-02-28,165,5
7104,221,207,2025-02-28,158,5
7105,221,238,2025-02-28,162,5
7106,57,236,2025-02-06,133,2
7107,536,196,2025-01-14,28,4
7108,208,107,2024-10-16,82,5
7109,146,212,2025-02-23,147,1
7110,146,251,2025-02-24,132,5
7111,510,308,2025-11-13,103,4
7112,443,172,2025-12-10,25,3
7113,131,300,2024-09-18,103,3
7114,90,324,2024-10-04,73,4
7115,349,327,2025-05-04,46,5
7116,227,280,2024-04-28,101,3
7117,42,271,2024-12-02,120,4
7118,188,65,2025-09-24,94,1
7119,452,306,2025-06-24,103,2
7120,304,66,2024-04-10,40,3
7121,291,322,2024-07-17,15,2
7122,528,320,2025-06-11,157,3
7123,497,58,2025-12-26,145,3
7124,471,137,2025-07-05,103,5
7125,471,9,2025-07-05,43,5
7126,208,141,2024-05-07,156,4
7127,531,114,2024-10-29,76,4
7128,142,307,2025-03-24,95,5
7129,142,216,2025-03-24,101,4
7130,342,38,2025-10-09,104,3
7131,439,116,2024-06-30,31,4
7132,246,35,2025-04-02,46,2
7133,132,54,2025-07-01,87,5
7134,524,199,2024-05-25,22,4
7135,52,322,2025-10-16,75,4
7136,447,162,2024-09-27,153,5
7137,73,263,2025-11-20,72,4
7138,84,56,2025-11-19,94,1
7139,84,319,2025-11-19,106,2
7140,84,33,2025-11-19,146,5
7141,84,10,2025-11-19,104,5
7142,45,8,2025-06-03,140,3
7143,103,226,2025-11-06,79,5
7144,320,270,2025-10-10,165,5
7145,271,227,2025-05-09,76,5
7146,500,124,2024-01-15,125,5
7147,276,108,2025-11-10,73,3
7148,346,272,2024-09-16,131,5
7149,177,216,2024-09-29,128,5
7150,177,197,2024-09-29,135,3
7151,177,298,2024-09-29,138,1
7152,177,268,2024-09-30,98,5
7153,235,263,2025-08-27,73,5
7154,259,304,2024-02-10,137,4
7155,308,8,2025-11-29,97,5
7156,421,176,2025-03-30,102,4
7157,455,222,2025-07-21,86,4
7158,380,163,2024-09-25,143,3
7159,519,264,2024-04-10,40,5
7160,264,203,2024-03-08,103,2
7161,511,233,2024-11-15,41,5
7162,284,289,2024-02-02,113,5
7163,344,128,2025-01-27,16,2
7164,149,212,2024-04-23,105,4
7165,520,303,2024-11-01,146,4
7166,526,28,2024-06-11,68,4
7167,60,164,2024-08-12,91,3
7168,522,324,2025-12-26,94,3
7169,522,228,2025-12-26,60,2
7170,522,171,2025-12-26,165,4
7171,457,315,2025-05-30,43,4
7172,123,227,2024-04-29,121,1
7173,476,339,2025-02-07,141,3
7174,288,288,2025-12-30,75,3
7175,231,133,2025-07-22,77,5
7176,522,190,2025-07-15,55,2
7177,184,139,2025-02-01,136,4
7178,530,74,2025-10-22,81,5
7179,530,128,2025-10-22,46,1
7180,530,249,2025-10-22,76,3
7181,307,209,2024-05-29,144,2
7182,307,70,2024-05-29,155,3
7183,307,167,2024-05-29,137,4
7184,168,279,2025-03-19,135,4
7185,37,171,2025-01-20,19,4
7186,37,81,2025-01-20,102,2
7187,37,76,2025-01-20,89,5
7188,39,281,2024-12-24,94,2
7189,50,347,2025-08-02,29,4
7190,50,103,2025-08-02,43,3
7191,211,266,2024-04-15,141,2
7192,414,234,2025-04-28,63,2
7193,123,275,2025-03-15,134,5
7194,70,123,2025-05-03,76,4
7195,265,215,2025-12-24,112,5
7196,529,318,2025-08-28,49,5
7197,65,22,2024-11-05,128,5
7198,178,109,2025-04-01,32,1
7199,178,76,2025-04-01,165,2
7200,178,126,2025-04-02,119,4
7201,178,191,2025-04-02,82,5
7202,238,146,2024-04-14,88,5
7203,513,67,2024-05-14,158,4
7204,338,227,2025-08-27,101,4
7205,289,86,2025-06-19,138,2
7206,222,76,2024-05-03,152,5
7207,188,148,2025-04-13,76,4
7208,327,194,2024-10-15,115,1
7209,303,320,2024-07-25,25,4
7210,307,335,2024-10-11,140,4
7211,431,2,2024-12-30,110,5
7212,312,312,2024-05-23,91,5
7213,312,260,2024-05-24,102,2
7214,312,320,2024-05-24,25,4
7215,312,230,2024-05-24,153,5
7216,312,136,2024-05-24,75,1
7217,99,46,2024-12-20,72,3
7218,364,60,2024-01-23,46,3
7219,364,282,2024-01-23,86,4
7220,364,302,2024-01-24,103,4
7221,364,339,2024-01-24,101,2
7222,364,214,2024-01-24,132,3
7223,364,151,2024-01-24,59,2
7224,106,79,2025-09-11,151,4
7225,106,24,2025-09-11,72,5
7226,106,83,2025-09-11,54,5
7227,106,105,2025-09-11,44,4
7228,106,10,2025-09-11,137,3
7229,453,72,2024-08-05,107,3
7230,66,297,2024-08-07,100,4
7231,473,346,2024-02-11,123,3
7232,141,47,2025-12-04,139,4
7233,192,152,2025-12-03,68,4
7234,417,153,2024-04-06,27,3
7235,38,6,2025-09-26,92,1
7236,439,164,2025-09-22,80,3
7237,30,204,2025-05-30,70,3
7238,320,42,2025-11-01,83,3
7239,166,45,2025-03-17,44,1
7240,189,196,2025-06-27,98,1
7241,226,43,2024-12-01,151,2
7242,190,140,2024-09-07,50,5
7243,79,67,2024-06-19,58,5
7244,426,274,2024-05-10,112,3
7245,49,75,2025-12-21,162,4
7246,330,22,2025-01-15,35,1
7247,311,40,2024-12-17,112,2
7248,311,135,2024-12-17,27,3
7249,497,188,2024-01-09,46,5
7250,111,334,2024-04-23,65,4
7251,111,60,2024-04-23,141,3
7252,111,241,2024-04-23,146,1
7253,164,301,2024-08-21,149,5
7254,363,229,2024-08-23,143,5
7255,496,253,2024-12-30,68,1
7256,378,92,2024-12-04,130,5
7257,454,196,2025-01-04,129,1
7258,400,161,2024-10-18,160,3
7259,400,236,2024-10-18,134,2
7260,479,273,2024-01-10,124,3
7261,64,223,2024-11-21,126,3
7262,538,206,2024-11-09,25,3
7263,538,142,2024-11-09,21,3
7264,538,88,2024-11-09,49,5
7265,239,160,2025-12-18,164,5
7266,164,163,2025-04-27,152,4
7267,402,302,2024-07-28,139,4
7268,402,307,2024-07-28,152,5
7269,170,254,2024-09-04,110,4
7270,50,7,2024-01-06,32,3
7271,50,249,2024-01-06,70,4
7272,50,98,2024-01-07,117,5
7273,50,270,2024-01-07,44,1
7274,270,7,2024-01-12,67,2
7275,270,47,2024-01-12,87,1
7276,270,308,2024-01-12,142,5
7277,270,69,2024-01-13,63,2
7278,165,167,2025-06-23,110,1
7279,210,260,2024-10-27,76,3
7280,210,223,2024-10-27,73,1
7281,210,155,2024-10-27,24,3
7282,149,309,2024-03-24,110,5
7283,415,288,2024-06-26,116,5
7284,505,314,2024-04-16,73,4
7285,505,198,2024-04-16,135,4
7286,505,202,2024-04-17,154,3
7287,505,83,2024-04-17,151,4
7288,505,323,2024-04-17,99,2
7289,505,294,2024-04-17,95,5
7290,420,286,2025-01-04,66,2
7291,420,2,2025-01-04,159,4
7292,420,216,2025-01-04,127,4
7293,272,303,2025-09-16,41,3
7294,60,225,2024-07-20,93,5
7295,535,124,2025-08-30,125,4
7296,535,199,2025-08-30,94,5
7297,535,149,2025-08-30,27,2
7298,535,341,2025-08-30,157,4
7299,535,162,2025-08-30,85,1
7300,404,111,2025-08-22,126,4
7301,225,135,2025-07-01,83,1
7302,547,109,2024-05-14,133,2
7303,143,109,2024-12-09,137,2
7304,434,163,2025-03-22,93,5
7305,86,245,2024-08-08,116,4
7306,76,341,2024-03-21,151,5
7307,77,43,2025-04-30,20,2
7308,388,290,2024-09-04,125,3
7309,181,304,2024-01-17,97,5
7310,29,221,2025-12-29,33,4
7311,295,82,2025-05-21,91,5
7312,340,339,2025-08-09,49,3
7313,162,341,2025-12-04,20,3
7314,114,181,2025-01-29,144,4
7315,178,240,2024-01-12,61,5
7316,178,213,2024-01-12,76,1
7317,178,61,2024-01-12,138,1
7318,186,320,2024-09-08,149,4
7319,550,46,2024-04-13,108,5
7320,318,109,2024-10-09,48,1
7321,238,114,2025-02-14,53,3
7322,272,107,2025-06-07,70,5
7323,450,78,2025-07-29,101,3
7324,352,47,2025-09-18,91,5
7325,352,25,2025-09-18,116,1
7326,352,64,2025-09-18,84,3
7327,352,213,2025-09-19,79,5
7328,352,64,2025-09-19,48,4
7329,139,34,2024-09-01,156,2
7330,83,17,2025-05-17,31,2
7331,147,184,2025-07-03,75,5
7332,219,105,2025-04-30,26,4
7333,162,161,2024-10-20,109,5
7334,163,291,2024-02-15,82,4
7335,363,340,2024-11-08,134,4
7336,86,194,2025-06-11,163,5
7337,146,348,2024-06-23,87,4
7338,521,80,2025-09-26,73,5
7339,521,294,2025-09-26,126,4
7340,521,206,2025-09-26,104,4
7341,320,295,2024-11-09,46,1
7342,193,132,2024-07-28,158,4
7343,193,120,2024-07-28,81,3
7344,193,57,2024-07-28,39,3
7345,193,285,2024-07-29,114,5
7346,388,21,2024-12-26,20,3
7347,89,184,2024-08-16,150,3
7348,381,190,2024-05-05,18,2
7349,249,67,2024-03-26,73,5
7350,132,54,2025-04-11,125,5
7351,132,265,2025-04-11,141,5
7352,132,267,2025-04-11,131,1
7353,424,177,2025-07-10,127,3
7354,440,151,2024-04-10,20,1
7355,19,230,2025-08-18,30,1
7356,19,169,2025-08-18,119,4
7357,19,259,2025-08-18,57,1
7358,19,27,2025-08-19,71,5
7359,19,115,2025-08-18,146,3
7360,402,329,2025-09-15,157,5
7361,76,326,2025-01-29,122,5
7362,151,220,2025-03-01,144,1
7363,540,281,2025-04-11,67,4
7364,540,149,2025-04-11,57,1
7365,540,102,2025-04-11,54,4
7366,121,270,2024-01-22,98,2
7367,165,206,2024-01-09,88,2
7368,432,213,2024-03-28,68,3
7369,432,173,2024-03-28,78,2
7370,97,52,2024-04-11,46,5
7371,97,213,2024-04-11,156,5
7372,97,300,2024-04-11,44,5
7373,416,33,2025-03-12,36,1
7374,286,108,2025-01-27,131,4
7375,286,217,2025-01-27,118,5
7376,201,185,2025-04-14,103,4
7377,201,188,2025-04-14,97,5
7378,201,60,2025-04-14,161,4
7379,201,309,2025-04-15,98,3
7380,497,228,2024-06-15,103,3
7381,413,133,2024-05-01,141,4
7382,7,157,2024-11-25,99,5
7383,345,76,2024-05-19,107,5
7384,135,306,2024-11-05,24,2
7385,6,267,2025-02-03,121,2
7386,155,157,2024-05-07,109,3
7387,550,16,2025-07-30,125,3
7388,268,265,2025-06-13,50,3
7389,354,315,2024-04-15,59,2
7390,354,333,2024-04-16,39,5
7391,354,151,2024-04-16,128,2
7392,354,288,2024-04-16,125,4
7393,42,293,2024-06-12,105,5
7394,188,150,2024-10-24,57,4
7395,176,170,2024-07-15,25,4
7396,176,221,2024-07-16,86,5
7397,178,152,2025-03-05,133,3
7398,178,213,2025-03-05,133,2
7399,178,36,2025-03-06,24,4
7400,51,333,2024-10-01,72,5
7401,95,222,2025-01-04,54,4
7402,95,284,2025-01-04,85,4
7403,53,271,2024-03-13,127,5
7404,391,38,2025-03-19,64,5
7405,331,141,2024-03-28,95,4
7406,331,295,2024-03-28,22,3
7407,331,209,2024-03-28,63,4
7408,61,14,2024-01-07,96,4
7409,487,109,2025-11-15,111,4
7410,199,249,2025-10-30,133,5
7411,58,310,2025-10-07,41,5
7412,58,22,2025-10-08,56,4
7413,17,306,2025-09-12,113,2
7414,243,143,2025-08-20,147,1
7415,399,97,2024-02-14,87,5
7416,399,201,2024-02-14,64,2
7417,399,235,2024-02-14,17,2
7418,399,14,2024-02-14,99,2
7419,273,136,2024-03-31,101,5
7420,273,104,2024-03-31,111,4
7421,273,9,2024-04-01,94,3
7422,273,80,2024-04-01,117,4
7423,98,224,2025-08-22,134,2
7424,117,251,2025-01-05,158,5
7425,117,23,2025-01-05,148,5
7426,117,10,2025-01-06,139,5
7427,102,108,2024-03-04,140,4
7428,102,13,2024-03-04,122,4
7429,102,336,2024-03-04,72,5
7430,20,267,2024-04-25,43,1
7431,318,135,2025-02-23,125,4
7432,341,179,2025-08-18,87,4
7433,31,338,2024-04-21,33,2
7434,394,55,2024-05-05,139,1
7435,282,36,2025-01-20,151,5
7436,461,109,2024-05-20,93,4
7437,355,99,2025-05-30,162,5
7438,385,195,2025-12-14,124,1
7439,525,21,2025-09-30,139,5
7440,525,121,2025-09-30,85,5
7441,525,129,2025-10-01,80,4
7442,525,220,2025-10-01,59,2
7443,9,200,2025-09-30,118,3
7444,322,227,2024-11-13,152,2
7445,134,334,2025-11-11,70,4
7446,83,123,2025-06-24,70,3
7447,54,292,2024-04-13,62,3
7448,202,27,2025-08-07,135,5
7449,90,165,2025-07-07,21,3
7450,475,15,2025-10-02,50,5
7451,19,268,2024-12-24,105,5
7452,24,312,2025-03-21,43,3
7453,24,301,2025-03-22,31,4
7454,96,328,2025-10-06,84,4
7455,177,145,2024-04-28,33,4
7456,282,305,2024-06-09,150,1
7457,421,42,2024-04-29,69,4
7458,62,298,2025-05-01,155,5
7459,485,67,2024-12-05,99,4
7460,322,324,2025-05-23,145,5
7461,322,331,2025-05-23,158,3
7462,322,44,2025-05-23,154,5
7463,322,168,2025-05-23,149,5
7464,322,321,2025-05-24,125,2
7465,322,47,2025-05-23,111,5
7466,27,13,2025-12-05,157,2
7467,350,316,2025-06-07,136,5
7468,330,54,2025-02-04,162,5
7469,330,209,2025-02-04,129,5
7470,330,260,2025-02-04,67,1
7471,330,39,2025-02-04,160,1
7472,330,307,2025-02-04,49,3
7473,438,190,2025-02-24,115,5
7474,459,28,2024-08-15,50,3
7475,455,51,2024-07-06,78,3
7476,382,101,2025-09-26,133,4
7477,283,234,2024-01-10,123,3
7478,290,71,2024-06-24,25,4
7479,194,78,2024-06-01,136,3
7480,75,83,2025-08-17,17,1
7481,75,318,2025-08-17,108,2
7482,75,46,2025-08-17,34,1
7483,75,220,2025-08-18,149,5
7484,100,313,2024-07-26,145,5
7485,463,175,2024-10-30,108,5
7486,463,251,2024-10-30,88,4
7487,484,3,2025-02-02,24,1
7488,498,111,2024-06-28,73,5
7489,57,113,2025-06-09,101,3
7490,453,307,2024-07-14,80,4
7491,375,213,2025-09-18,107,3
7492,230,239,2025-07-03,134,3
7493,230,315,2025-07-03,160,1
7494,299,139,2024-10-26,87,2
7495,299,29,2024-10-27,135,3
7496,299,131,2024-10-27,46,5
7497,299,163,2024-10-27,80,2
7498,164,345,2025-12-14,159,1
7499,210,134,2025-03-11,77,4
7500,408,323,2024-06-23,161,5
7501,468,2,2024-03-22,123,4
7502,415,212,2024-04-22,43,3
7503,390,60,2025-01-23,26,3
7504,373,111,2024-08-08,162,5
7505,373,260,2024-08-08,66,4
7506,373,6,2024-08-08,63,3
7507,225,257,2025-05-01,103,3
7508,225,250,2025-05-01,127,4
7509,225,152,2025-05-01,153,2
7510,18,161,2024-05-09,104,2
7511,515,269,2024-04-13,63,5
7512,505,101,2024-05-28,58,4
7513,505,173,2024-05-28,104,3
7514,505,27,2024-05-29,160,5
7515,505,3,2024-05-29,162,2
7516,155,101,2024-11-18,141,3
7517,503,56,2025-10-03,67,2
7518,166,13,2025-03-01,67,3
7519,141,307,2025-09-20,165,4
7520,497,190,2024-09-22,152,3
7521,257,265,2024-04-30,75,5
7522,508,217,2024-11-06,146,4
7523,78,42,2025-06-16,113,5
7524,374,105,2024-07-27,99,4
7525,23,129,2025-10-08,90,4
7526,281,317,2024-07-05,127,5
7527,266,97,2025-06-21,45,5
7528,67,267,2025-01-20,21,3
7529,67,294,2025-01-20,106,5
7530,67,333,2025-01-20,82,3
7531,379,292,2024-01-18,118,5
7532,188,206,2024-05-02,69,3
7533,188,268,2024-05-02,20,3
7534,188,284,2024-05-02,92,5
7535,188,224,2024-05-03,133,5
7536,161,63,2024-05-17,139,5
7537,67,256,2025-06-19,56,5
7538,392,282,2025-09-19,79,4
7539,392,291,2025-09-19,116,4
7540,392,116,2025-09-19,135,2
7541,498,55,2024-09-30,107,5
7542,498,350,2024-09-30,139,2
7543,498,37,2024-09-30,161,2
7544,336,175,2024-04-13,53,2
7545,188,164,2024-03-06,112,2
7546,138,40,2024-06-17,141,5
7547,402,329,2024-02-14,19,1
7548,79,12,2025-10-13,20,4
7549,344,293,2024-09-17,81,3
7550,67,310,2024-11-15,125,3
7551,524,152,2024-01-26,112,5
7552,524,210,2024-01-26,117,5
7553,524,205,2024-01-26,27,3
7554,524,63,2024-01-26,96,1
7555,269,12,2025-02-19,117,3
7556,352,123,2025-12-21,132,1
7557,59,169,2024-05-22,24,2
7558,34,17,2025-07-08,41,3
7559,253,27,2024-11-30,15,4
7560,8,1,2024-09-21,148,5
7561,396,314,2025-05-23,116,5
7562,396,28,2025-05-24,157,3
7563,396,262,2025-05-24,54,2
7564,396,160,2025-05-24,117,5
7565,8,41,2024-05-02,97,5
7566,400,83,2025-02-19,116,5
7567,26,56,2024-02-04,131,4
7568,431,211,2025-07-22,76,5
7569,68,186,2024-06-08,36,4
7570,68,274,2024-06-08,31,2
7571,68,311,2024-06-08,79,5
7572,68,207,2024-06-09,150,1
7573,547,82,2024-08-12,106,4
7574,61,98,2025-02-15,96,4
7575,239,96,2025-11-21,82,3
7576,363,9,2025-03-17,162,4
7577,436,113,2024-10-09,122,4
7578,253,97,2024-09-10,105,5
7579,75,298,2024-05-01,84,5
7580,75,85,2024-05-01,113,1
7581,75,246,2024-05-02,150,1
7582,444,17,2025-03-05,148,5
7583,373,328,2024-01-25,48,5
7584,373,237,2024-01-25,88,3
7585,373,220,2024-01-25,127,3
7586,256,105,2025-05-16,96,4
7587,373,70,2024-07-22,164,3
7588,373,225,2024-07-22,18,1
7589,373,185,2024-07-22,125,3
7590,159,57,2025-08-04,150,1
7591,310,191,2025-11-17,155,5
7592,521,72,2025-10-14,143,5
7593,445,26,2024-02-28,144,5
7594,434,15,2025-04-04,81,4
7595,271,58,2025-04-22,157,5
7596,93,196,2025-11-17,93,3
7597,453,216,2025-10-11,98,4
7598,214,157,2025-03-10,24,4
7599,205,292,2025-05-01,118,3
7600,262,186,2024-12-18,87,4
7601,331,328,2025-05-30,143,4
7602,543,218,2024-03-04,32,4
7603,358,59,2025-07-22,65,5
7604,229,65,2024-07-31,124,1
7605,464,63,2024-04-03,151,3
7606,530,95,2024-09-11,56,4
7607,2,320,2025-03-31,37,2
7608,299,239,2025-07-23,136,5
7609,299,133,2025-07-23,118,3
7610,299,198,2025-07-23,148,5
7611,299,263,2025-07-23,142,5
7612,442,155,2025-12-13,76,4
7613,218,272,2025-04-19,131,5
7614,170,74,2024-05-11,153,4
7615,150,10,2024-05-16,74,1
7616,292,76,2025-06-15,111,4
7617,292,39,2025-06-15,112,4
7618,292,187,2025-06-15,104,2
7619,360,340,2025-02-09,94,5
7620,195,336,2025-02-18,126,5
7621,257,224,2025-01-13,92,3
7622,279,184,2025-09-18,89,4
7623,378,328,2025-02-09,132,4
7624,301,184,2025-08-02,162,1
7625,539,85,2025-06-20,119,2
7626,540,313,2024-03-07,67,4
7627,236,179,2024-03-08,111,1
7628,29,309,2024-07-16,61,4
7629,420,335,2025-04-26,84,4
7630,420,323,2025-04-27,121,3
7631,420,74,2025-04-27,48,5
7632,420,122,2025-04-27,39,1
7633,516,341,2025-06-27,84,5
7634,450,17,2024-11-20,161,5
7635,67,242,2025-06-07,29,1
7636,125,101,2024-10-09,102,4
7637,399,57,2025-07-05,62,4
7638,102,288,2025-04-12,35,5
7639,522,38,2024-03-07,106,5
7640,522,268,2024-03-07,30,2
7641,522,165,2024-03-08,92,4
7642,522,300,2024-03-08,58,3
7643,504,242,2025-11-08,132,3
7644,376,217,2025-09-05,55,1
7645,376,164,2025-10-24,154,3
7646,248,335,2024-01-03,133,2
7647,420,23,2025-09-13,115,5
7648,501,99,2025-07-02,22,4
7649,30,238,2024-02-22,156,2
7650,90,101,2024-01-23,66,1
7651,290,88,2025-02-26,47,3
7652,290,64,2025-02-26,31,1
7653,290,226,2025-02-26,80,5
7654,512,206,2025-02-01,116,5
7655,347,47,2024-06-03,110,2
7656,347,144,2024-06-03,72,4
7657,347,141,2024-06-03,75,5
7658,400,35,2024-11-25,78,5
7659,277,144,2024-05-07,101,4
7660,3,161,2025-06-07,55,2
7661,250,268,2025-03-27,24,3
7662,68,270,2024-05-04,58,3
7663,383,161,2024-12-24,134,4
7664,209,337,2025-02-17,78,2
7665,209,39,2025-02-17,85,1
7666,5,136,2024-05-20,130,4
7667,5,94,2024-05-20,21,3
7668,5,177,2024-05-21,108,4
7669,5,300,2024-05-21,139,4
7670,307,196,2025-05-17,158,4
7671,242,176,2025-12-31,138,5
7672,104,115,2025-06-29,55,3
7673,208,188,2024-02-23,72,2
7674,356,15,2025-04-06,148,5
7675,245,32,2025-12-12,113,3
7676,409,176,2024-08-27,92,5
7677,105,197,2025-06-06,107,2
7678,21,101,2025-11-28,136,5
7679,446,95,2024-12-13,106,5
7680,137,108,2024-02-10,18,4
7681,240,180,2025-07-16,161,5
7682,252,132,2024-06-29,80,3
7683,276,69,2024-09-15,148,2
7684,506,77,2025-03-31,41,5
7685,155,284,2024-09-21,71,2
7686,443,103,2025-08-28,156,4
7687,341,325,2025-03-30,70,1
7688,367,17,2024-11-24,72,3
7689,285,274,2025-09-01,153,5
7690,220,229,2025-09-26,86,3
7691,155,14,2024-01-13,137,5
7692,126,207,2025-06-18,105,5
7693,512,46,2024-03-20,134,3
7694,64,301,2025-07-19,81,4
7695,117,23,2024-05-12,18,3
7696,144,145,2024-11-08,61,4
7697,144,147,2024-11-08,136,4
7698,144,120,2024-11-08,18,2
7699,144,56,2024-11-08,144,5
7700,348,163,2025-05-30,148,2
7701,359,283,2025-05-14,95,2
7702,426,297,2024-10-27,87,4
7703,46,186,2025-11-15,126,4
7704,201,172,2025-09-08,75,2
7705,10,122,2025-04-09,82,5
7706,480,323,2025-04-11,132,5
7707,480,212,2025-04-11,26,4
7708,480,227,2025-04-12,142,1
7709,153,323,2024-04-29,165,2
7710,153,301,2024-04-29,15,3
7711,316,27,2024-11-25,113,4
7712,316,202,2024-11-26,96,3
7713,316,221,2024-11-26,74,5
7714,316,296,2024-11-26,116,3
7715,509,133,2025-08-06,78,4
7716,483,235,2025-08-20,52,5
7717,481,346,2024-06-21,69,2
7718,231,258,2024-05-14,140,5
7719,187,104,2024-11-20,59,3
7720,143,139,2024-07-23,78,1
7721,195,322,2024-04-16,152,5
7722,13,57,2025-04-09,160,5
7723,347,33,2024-04-03,142,4
7724,311,177,2024-12-15,156,4
7725,446,79,2024-02-11,70,1
7726,415,225,2025-10-29,56,3
7727,152,144,2025-04-21,18,4
7728,206,161,2024-05-21,72,4
7729,454,229,2024-03-07,109,3
7730,21,306,2024-05-17,28,4
7731,21,306,2024-05-17,45,5
7732,434,146,2025-09-01,141,3
7733,434,155,2025-09-01,88,4
7734,434,31,2025-09-01,82,4
7735,434,139,2025-09-01,98,5
7736,429,288,2025-06-11,71,5
7737,428,339,2024-04-28,48,5
7738,125,249,2025-04-16,36,3
7739,296,324,2025-07-26,143,3
7740,315,241,2025-07-22,122,1
7741,292,127,2024-02-27,82,2
7742,401,319,2024-10-30,24,2
7743,132,173,2024-12-17,152,4
7744,365,266,2025-04-03,73,4
7745,353,255,2024-09-15,45,3
7746,281,322,2025-08-07,87,5
7747,127,78,2025-04-08,138,4
7748,486,7,2025-11-25,87,2
7749,118,273,2024-10-21,154,5
7750,118,181,2024-10-21,87,3
7751,118,187,2024-10-21,96,5
7752,118,37,2024-10-21,112,5
7753,483,200,2024-06-22,147,2
7754,302,163,2024-08-05,81,3
7755,85,228,2025-08-10,161,4
7756,328,72,2025-05-22,164,3
7757,396,22,2025-07-28,23,2
7758,51,193,2025-07-19,57,5
7759,438,228,2025-08-18,137,4
7760,502,39,2025-10-28,49,4
7761,362,338,2025-01-18,29,4
7762,88,280,2025-05-23,72,4
7763,486,145,2024-09-06,120,3
7764,26,324,2025-03-31,129,1
7765,417,317,2025-09-09,64,2
7766,104,216,2025-03-21,144,3
7767,504,52,2024-05-16,27,4
7768,146,222,2025-08-21,96,1
7769,115,227,2025-01-14,78,4
7770,465,284,2024-06-22,73,5
7771,200,312,2025-12-14,72,4
7772,361,103,2024-02-08,103,5
7773,301,135,2024-02-17,51,2
7774,405,104,2024-12-23,104,4
7775,453,256,2025-01-24,127,4
7776,438,231,2024-09-24,162,5
7777,438,41,2024-09-24,73,2
7778,171,100,2024-03-28,92,4
7779,145,28,2025-07-22,71,5
7780,273,145,2025-04-25,163,2
7781,475,147,2025-11-08,83,2
7782,92,254,2024-02-04,35,1
7783,73,239,2024-03-09,29,4
7784,327,331,2024-08-29,44,2
7785,119,304,2025-06-28,47,4
7786,10,70,2024-03-17,155,4
7787,10,110,2024-03-17,159,5
7788,545,155,2025-01-25,96,2
7789,450,101,2024-11-04,126,4
7790,377,144,2025-08-14,117,4
7791,549,169,2024-06-28,116,2
7792,1,205,2025-01-01,18,1
7793,487,66,2025-07-14,48,1
7794,470,196,2024-04-12,71,4
7795,470,171,2024-04-12,156,5
7796,470,245,2024-04-12,163,2
7797,39,214,2025-02-21,119,2
7798,320,191,2025-09-05,116,4
7799,171,158,2025-11-09,160,4
7800,353,74,2025-09-12,147,4
7801,478,129,2025-07-22,149,5
7802,375,115,2025-04-25,163,5
7803,372,152,2025-06-17,154,5
7804,447,229,2024-05-01,118,4
7805,534,188,2024-12-03,57,5
7806,534,225,2024-12-03,25,2
7807,52,223,2024-09-02,140,3
7808,546,139,2024-05-17,57,5
7809,185,29,2024-01-17,70,5
7810,83,47,2025-04-27,160,4
7811,63,106,2024-11-29,100,5
7812,251,265,2025-03-17,102,3
7813,251,15,2025-03-18,163,3
7814,123,56,2024-01-24,78,4
7815,123,59,2024-01-24,98,5
7816,132,259,2024-10-12,125,4
7817,256,257,2025-01-27,165,4
7818,386,185,2025-08-28,124,1
7819,514,9,2025-10-01,98,5
7820,57,169,2025-11-25,128,5
7821,255,241,2025-08-25,150,3
7822,453,270,2024-03-24,143,4
7823,357,120,2025-04-12,60,5
7824,357,9,2025-04-12,100,3
7825,357,144,2025-04-12,71,5
7826,337,184,2024-08-20,27,2
7827,434,338,2025-09-20,153,5
7828,228,315,2025-09-07,39,2
7829,70,38,2024-07-26,73,4
7830,406,48,2025-11-19,97,3
7831,406,114,2025-11-20,161,4
7832,153,163,2024-12-12,160,2
7833,456,7,2024-11-02,54,5
7834,210,324,2025-06-01,143,5
7835,210,243,2025-06-01,34,1
7836,210,9,2025-06-01,134,1
7837,210,260,2025-06-01,40,4
7838,398,30,2024-06-29,85,1
7839,17,234,2025-10-03,72,1
7840,350,117,2024-06-22,128,2
7841,350,25,2024-06-22,163,5
7842,350,141,2024-06-22,133,5
7843,350,213,2024-06-23,129,5
7844,350,151,2024-06-23,149,5
7845,350,302,2024-06-23,111,2
7846,546,226,2025-11-28,16,4
7847,190,258,2025-11-08,148,3
7848,506,34,2025-12-09,15,4
7849,506,335,2025-12-09,94,5
7850,40,78,2024-06-04,63,5
7851,530,36,2024-10-23,92,5
7852,243,300,2025-05-22,165,3
7853,38,272,2024-03-13,44,5
7854,547,107,2025-07-01,54,4
7855,275,154,2024-05-23,66,5
7856,312,160,2024-04-03,117,5
7857,470,84,2025-11-27,56,3
7858,73,346,2024-07-16,152,5
7859,224,109,2024-06-03,130,5
7860,224,83,2024-06-03,83,1
7861,60,239,2024-05-10,115,2
7862,299,58,2024-02-28,165,5
7863,295,323,2024-12-21,131,4
7864,144,233,2025-07-02,66,4
7865,488,223,2024-10-03,140,4
7866,112,164,2024-08-12,29,2
7867,192,135,2024-07-31,165,4
7868,353,98,2025-09-19,128,4
7869,33,92,2024-12-03,94,2
7870,286,93,2025-03-09,125,5
7871,444,306,2025-12-25,133,2
7872,444,326,2025-12-25,145,4
7873,444,132,2025-12-25,149,2
7874,444,137,2025-12-26,98,4
7875,444,118,2025-12-26,125,5
7876,69,340,2024-10-05,79,4
7877,280,340,2025-01-07,20,4
7878,289,145,2025-01-24,146,3
7879,289,312,2025-01-24,132,3
7880,61,183,2025-04-10,58,3
7881,446,141,2025-09-24,151,3
7882,446,182,2025-09-24,160,5
7883,446,297,2025-09-24,110,4
7884,504,8,2025-03-01,142,2
7885,504,282,2025-03-02,152,3
7886,504,202,2025-03-02,43,2
7887,504,108,2025-03-02,154,3
7888,181,311,2025-02-24,44,5
7889,383,271,2025-03-26,48,5
7890,76,142,2025-03-01,20,1
7891,473,192,2024-04-25,25,4
7892,549,320,2025-10-18,129,4
7893,83,201,2025-12-11,162,5
7894,379,174,2025-03-13,140,5
7895,478,178,2025-12-19,26,3
7896,304,155,2025-07-10,131,2
7897,37,68,2025-07-12,159,4
7898,368,328,2025-10-09,140,5
7899,350,327,2025-11-19,156,5
7900,350,134,2025-11-19,160,5
7901,350,302,2025-11-20,155,3
7902,323,137,2024-09-12,91,5
7903,170,320,2024-01-10,100,1
7904,320,314,2025-08-15,97,4
7905,92,162,2025-11-11,88,5
7906,90,13,2024-12-18,81,5
7907,187,88,2025-10-30,163,2
7908,263,223,2024-06-01,138,3
7909,517,199,2024-01-07,25,1
7910,517,272,2024-01-07,122,2
7911,517,93,2024-01-07,50,5
7912,517,162,2024-01-07,146,3
7913,230,105,2025-06-17,48,2
7914,230,151,2025-06-17,116,4
7915,230,202,2025-06-17,165,1
7916,230,196,2025-06-17,124,4
7917,329,209,2024-01-09,151,5
7918,448,84,2025-08-15,45,2
7919,448,196,2025-08-15,94,2
7920,305,178,2025-11-05,127,5
7921,259,222,2024-01-14,56,4
7922,395,9,2025-01-09,24,2
7923,55,93,2024-09-14,156,4
7924,179,101,2024-10-31,48,4
7925,73,127,2024-10-24,56,4
7926,389,11,2024-02-06,143,4
7927,389,331,2024-02-06,79,2
7928,389,136,2024-02-06,108,5
7929,72,276,2024-07-23,125,4
7930,279,83,2024-09-04,146,5
7931,279,100,2024-09-04,88,4
7932,279,21,2024-09-04,102,3
7933,312,107,2025-11-21,18,4
7934,297,61,2025-07-24,63,3
7935,532,75,2024-02-23,98,4
7936,532,93,2024-02-23,164,5
7937,532,24,2024-02-23,19,2
7938,305,163,2024-02-13,39,3
7939,70,275,2025-01-18,149,4
7940,178,145,2025-09-01,58,3
7941,1,49,2024-01-15,124,5
7942,1,86,2024-01-15,151,3
7943,1,156,2024-01-15,132,2
7944,1,282,2024-01-15,134,4
7945,243,232,2024-11-09,125,5
7946,254,37,2024-11-06,134,5
7947,281,300,2025-05-15,91,4
7948,54,260,2024-06-03,148,5
7949,54,277,2024-06-03,59,2
7950,54,72,2024-06-03,140,4
7951,54,199,2024-06-03,84,4
7952,209,77,2025-03-25,83,4
7953,282,126,2025-12-19,152,4
7954,286,305,2025-03-24,144,5
7955,137,269,2024-05-31,38,3
7956,137,193,2024-05-31,122,5
7957,137,273,2024-05-31,80,4
7958,137,276,2024-05-31,114,5
7959,30,335,2025-01-07,156,5
7960,53,291,2025-11-01,154,5
7961,108,141,2025-03-22,97,4
7962,25,104,2025-03-11,101,4
7963,117,57,2025-11-09,119,1
7964,117,193,2025-11-10,84,4
7965,117,163,2025-11-10,131,3
7966,117,95,2025-11-10,17,1
7967,117,155,2025-11-10,46,5
7968,117,5,2025-11-10,114,5
7969,374,345,2025-07-10,93,4
7970,374,50,2025-07-11,114,3
7971,207,54,2024-09-20,26,2
7972,204,115,2024-05-24,97,4
7973,75,257,2024-05-23,67,5
7974,496,184,2024-09-26,162,3
7975,124,319,2025-03-31,45,4
7976,348,170,2024-07-21,128,4
7977,225,192,2024-03-12,164,5
7978,86,25,2024-08-05,77,2
7979,384,326,2025-02-08,106,5
7980,384,139,2025-02-08,41,5
7981,173,111,2024-09-03,70,3
7982,242,28,2024-05-11,23,4
7983,476,319,2025-09-10,78,1
7984,476,165,2025-09-10,159,3
7985,12,241,2025-08-12,55,4
7986,364,13,2025-06-20,17,1
7987,149,47,2024-10-25,164,3
7988,131,58,2024-08-23,91,5
7989,131,128,2024-08-23,53,3
7990,2,126,2025-05-30,37,3
7991,21,101,2024-06-25,125,1
7992,166,264,2025-10-15,133,5
7993,8,136,2024-12-26,164,3
7994,502,198,2024-08-22,119,4
7995,265,50,2024-03-31,133,4
7996,403,9,2024-11-12,137,3
7997,317,169,2025-09-18,21,3
7998,262,195,2024-07-10,134,2
7999,228,219,2025-07-12,106,5
8000,414,119,2025-12-27,31,2
8001,414,36,2025-12-27,23,4
8002,414,24,2025-12-27,163,1
8003,414,246,2025-12-27,136,3
8004,414,238,2025-12-27,87,3
8005,71,39,2025-07-07,119,3
8006,394,337,2025-12-02,122,1
8007,503,346,2024-05-11,23,3
8008,304,119,2025-09-01,105,4
8009,461,221,2024-08-19,46,5
8010,3,315,2024-11-10,89,5
8011,467,209,2024-02-25,73,2
8012,304,291,2024-05-28,142,3
8013,523,241,2024-03-04,119,5
8014,337,129,2025-12-17,77,4
8015,85,264,2025-07-23,149,3
8016,148,93,2025-07-25,57,4
8017,495,329,2025-02-25,141,4
8018,495,140,2025-02-25,162,4
8019,495,65,2025-02-26,131,5
8020,495,327,2025-02-26,163,4
8021,495,62,2025-02-26,138,4
8022,495,254,2025-02-26,126,5
8023,169,120,2024-04-22,131,5
8024,137,146,2025-11-19,145,5
8025,137,281,2025-11-19,32,1
8026,137,117,2025-11-19,163,2
8027,137,55,2025-11-19,80,3
8028,84,122,2025-06-17,157,4
8029,258,338,2024-08-11,156,4
8030,130,194,2024-12-23,145,3
8031,141,76,2025-07-10,87,4
8032,430,310,2025-10-24,99,4
8033,430,319,2025-10-24,17,2
8034,430,127,2025-10-24,106,1
8035,471,45,2025-04-13,77,1
8036,167,59,2025-09-28,69,2
8037,175,254,2025-07-30,143,3
8038,94,267,2025-09-24,153,5
8039,94,15,2025-09-25,124,4
8040,94,143,2025-09-25,155,2
8041,94,223,2025-09-25,70,5
8042,425,295,2024-12-24,109,3
8043,69,255,2025-04-26,160,2
8044,360,23,2024-07-14,157,5
8045,54,338,2024-10-19,66,4
8046,21,26,2025-08-15,96,3
8047,487,151,2024-04-28,148,2
8048,450,101,2024-09-20,110,4
8049,450,45,2024-09-20,39,4
8050,450,2,2024-09-20,89,4
8051,221,237,2024-10-14,103,3
8052,221,137,2024-10-14,139,4
8053,221,98,2024-10-14,154,4
8054,221,159,2024-10-14,138,5
8055,221,176,2024-10-14,131,3
8056,221,29,2024-10-14,28,3
8057,89,95,2024-01-11,164,5
8058,361,227,2024-05-07,84,5
8059,361,14,2024-05-07,30,4
8060,361,105,2024-05-07,146,3
8061,48,329,2025-06-22,51,5
8062,48,155,2025-06-22,129,3
8063,48,154,2025-06-22,102,5
8064,48,250,2025-06-22,148,4
8065,227,81,2025-06-16,50,3
8066,170,302,2025-01-17,74,3
8067,136,247,2024-11-20,68,4
8068,156,246,2025-02-15,132,5
8069,156,125,2025-02-15,47,2
8070,156,10,2025-02-16,134,3
8071,156,25,2025-02-16,160,4
8072,134,334,2025-03-13,63,5
8073,249,339,2025-10-16,46,5
8074,9,62,2024-03-19,70,2
8075,9,60,2024-03-19,15,1
8076,9,118,2024-03-19,108,5
8077,9,318,2024-03-20,93,3
8078,408,300,2025-03-28,136,4
8079,408,216,2025-03-28,135,5
8080,408,135,2025-03-28,155,4
8081,375,99,2025-11-21,76,2
8082,189,5,2025-08-18,100,5
8083,321,211,2025-07-27,105,5
8084,315,184,2025-01-05,110,4
8085,78,117,2024-06-08,29,4
8086,514,163,2024-02-20,82,5
8087,41,115,2024-08-17,151,4
8088,473,105,2024-10-20,96,5
8089,473,234,2024-10-20,136,4
8090,473,223,2024-10-20,146,4
8091,501,171,2025-10-17,154,4
8092,384,337,2025-08-23,68,4
8093,223,72,2025-09-01,15,3
8094,254,64,2025-05-12,21,3
8095,188,70,2025-05-09,105,4
8096,547,271,2024-01-18,76,4
8097,63,140,2024-06-20,111,5
8098,204,279,2024-08-04,43,5
8099,252,243,2024-12-20,157,3
8100,1,46,2025-12-02,74,5
8101,1,169,2025-12-03,138,4
8102,1,89,2025-12-03,160,5
8103,72,21,2024-10-22,57,3
8104,171,179,2024-01-23,73,1
8105,81,144,2025-09-08,74,1
8106,410,282,2024-11-26,79,2
8107,289,169,2025-10-22,98,2
8108,18,16,2025-10-18,163,4
8109,390,246,2024-05-11,50,3
8110,73,85,2024-06-12,20,3
8111,549,291,2024-01-09,104,2
8112,406,137,2025-02-25,139,5
8113,487,309,2024-08-18,150,4
8114,299,239,2025-09-12,145,3
8115,299,262,2025-09-12,155,3
8116,299,302,2025-09-12,151,5
8117,299,112,2025-09-12,146,3
8118,225,305,2024-01-23,15,1
8119,523,275,2024-06-14,127,5
8120,154,36,2024-08-16,84,2
8121,423,203,2024-02-14,142,4
8122,423,265,2024-02-14,108,3
8123,423,110,2024-02-14,133,4
8124,423,10,2024-02-14,118,3
8125,423,237,2024-02-14,102,3
8126,113,225,2024-04-15,163,1
8127,331,341,2025-08-11,165,5
8128,151,55,2025-11-02,21,4
8129,455,5,2024-01-14,140,1
8130,34,139,2024-04-27,35,3
8131,421,206,2025-09-26,37,5
8132,30,299,2024-11-26,110,5
8133,247,91,2025-08-21,110,5
8134,513,1,2024-10-29,130,5
8135,513,4,2024-10-29,111,1
8136,513,170,2024-10-29,21,4
8137,513,49,2024-10-29,46,4
8138,336,13,2024-10-25,122,2
8139,27,58,2024-12-04,99,5
8140,254,280,2025-01-25,76,3
8141,207,281,2025-11-19,100,3
8142,207,328,2025-11-19,73,5
8143,207,51,2025-11-20,74,5
8144,221,186,2024-10-08,107,5
8145,367,121,2024-12-06,144,2
8146,69,309,2025-10-05,80,2
8147,30,181,2025-06-22,145,4
8148,30,90,2025-06-22,120,4
8149,30,293,2025-06-22,164,5
8150,30,141,2025-06-22,118,2
8151,293,98,2025-05-07,19,2
8152,120,232,2024-01-15,155,3
8153,459,209,2024-11-28,108,5
8154,86,268,2024-02-12,77,5
8155,269,57,2024-09-14,77,2
8156,181,245,2024-04-11,86,4
8157,230,39,2024-02-03,53,5
8158,86,233,2024-07-07,102,5
8159,356,56,2024-03-30,141,3
8160,222,92,2025-12-16,107,5
8161,30,243,2024-04-30,121,1
8162,451,109,2024-09-30,110,2
8163,491,236,2024-06-15,145,1
8164,68,176,2025-11-12,127,5
8165,291,104,2025-09-18,40,2
8166,142,144,2024-04-13,49,5
8167,142,220,2024-04-13,135,1
8168,139,345,2025-04-19,131,5
8169,139,22,2025-04-19,85,4
8170,139,325,2025-04-19,76,5
8171,139,109,2025-04-19,133,4
8172,263,160,2025-01-28,157,5
8173,263,149,2025-01-28,150,4
8174,263,28,2025-01-28,104,5
8175,520,156,2024-10-25,83,3
8176,338,139,2025-05-20,21,1
8177,177,328,2024-10-03,20,1
8178,389,346,2024-04-21,111,5
8179,540,6,2025-03-02,118,4
8180,188,222,2025-12-16,148,3
8181,533,39,2024-01-12,93,4
8182,181,43,2025-02-16,160,4
8183,514,279,2024-06-07,91,2
8184,385,198,2025-04-28,74,1
8185,98,166,2025-11-23,158,5
8186,98,127,2025-11-23,15,2
8187,98,134,2025-11-23,25,2
8188,98,153,2025-11-23,125,2
8189,220,211,2025-11-01,40,5
8190,535,287,2024-11-27,18,4
8191,319,144,2024-11-27,87,3
8192,267,279,2025-06-14,127,5
8193,369,183,2024-10-04,88,4
8194,464,296,2025-09-27,73,5
8195,464,176,2025-09-27,137,4
8196,464,264,2025-09-27,135,5
8197,538,126,2024-12-17,107,5
8198,36,227,2024-04-05,68,5
8199,334,45,2025-07-29,158,4
8200,319,304,2024-09-08,51,5
8201,259,16,2025-03-06,152,2
8202,338,287,2024-07-20,99,4
8203,536,15,2025-12-08,97,4
8204,441,234,2025-01-25,75,5
8205,171,266,2024-05-07,107,5
8206,425,254,2025-11-04,105,4
8207,16,306,2025-08-18,65,5
8208,529,348,2025-01-26,113,5
8209,237,267,2025-06-29,86,3
8210,16,147,2025-03-29,133,5
8211,383,306,2025-08-02,97,3
8212,126,145,2024-06-05,16,1
8213,349,92,2025-09-19,19,3
8214,107,176,2025-01-23,20,3
8215,107,227,2025-01-23,85,4
8216,107,50,2025-01-23,111,3
8217,107,301,2025-01-23,26,2
8218,107,253,2025-01-24,135,2
8219,537,265,2024-12-25,147,5
8220,537,178,2024-12-25,77,5
8221,537,226,2024-12-25,97,4
8222,7,343,2025-05-13,128,2
8223,116,258,2025-07-26,141,1
8224,250,319,2024-05-20,141,2
8225,330,319,2024-03-07,70,5
8226,296,127,2024-09-06,117,4
8227,296,266,2024-09-07,76,5
8228,296,154,2024-09-07,80,5
8229,38,40,2024-07-09,22,3
8230,38,313,2024-07-09,85,4
8231,38,343,2024-07-09,164,5
8232,68,150,2024-12-07,56,3
8233,225,93,2024-06-08,91,3
8234,508,289,2025-02-09,115,5
8235,236,342,2024-08-01,53,2
8236,17,262,2025-06-02,153,5
8237,221,9,2024-11-04,110,3
8238,64,262,2024-04-08,101,4
8239,233,211,2024-08-04,111,5
8240,138,83,2025-05-14,141,5
8241,108,255,2024-09-12,75,4
8242,27,205,2025-09-20,137,5
8243,21,334,2024-02-07,108,3
8244,151,197,2024-04-24,137,3
8245,151,250,2024-04-24,107,5
8246,151,35,2024-04-24,133,5
8247,151,253,2024-04-24,19,2
8248,259,134,2024-12-12,144,3
8249,138,294,2024-06-07,105,5
8250,490,266,2024-06-20,146,5
8251,240,139,2025-03-06,43,4
8252,204,10,2025-12-19,137,5
8253,204,318,2025-12-19,115,5
8254,204,4,2025-12-19,165,5
8255,391,146,2025-04-09,133,5
8256,321,106,2024-06-09,125,3
8257,112,171,2024-07-19,141,3
8258,13,155,2025-08-21,27,1
8259,308,36,2025-03-10,110,4
8260,294,281,2024-10-04,34,3
8261,378,195,2024-04-06,15,4
8262,378,67,2024-04-07,51,5
8263,378,328,2024-04-07,36,3
8264,43,105,2025-10-22,95,5
8265,281,237,2024-01-11,143,5
8266,281,33,2024-01-11,61,4
8267,281,294,2024-01-11,87,5
8268,157,192,2024-04-27,91,5
8269,443,266,2025-08-20,110,5
8270,193,48,2024-05-11,40,1
8271,469,10,2024-11-16,117,3
8272,471,220,2024-07-02,139,3
8273,39,112,2024-05-30,46,5
8274,53,270,2025-06-18,30,4
8275,137,274,2024-04-16,88,1
8276,137,135,2024-04-16,128,5
8277,137,276,2024-04-17,60,4
8278,137,68,2024-04-17,148,3
8279,82,36,2024-08-01,160,4
8280,82,107,2024-08-01,88,2
8281,359,62,2024-01-24,67,2
8282,299,342,2024-10-02,149,3
8283,249,53,2024-02-10,94,5
8284,448,141,2025-10-16,84,5
8285,370,299,2025-04-02,80,4
8286,63,103,2025-06-07,84,2
8287,487,9,2024-09-08,71,5
8288,229,257,2025-01-02,95,4
8289,186,4,2025-12-15,107,5
8290,186,157,2025-12-15,116,4
8291,186,262,2025-12-16,43,4
8292,186,65,2025-12-15,72,5
8293,88,118,2025-10-08,115,5
8294,230,298,2025-05-20,40,1
8295,141,129,2025-12-22,29,4
8296,170,154,2025-08-20,132,3
8297,269,135,2025-03-13,128,3
8298,82,58,2024-12-27,67,2
8299,82,313,2024-12-27,113,4
8300,546,147,2025-11-07,18,4
8301,175,180,2025-10-31,71,5
8302,327,281,2024-06-23,41,2
8303,322,113,2025-08-26,149,3
8304,273,174,2024-06-23,122,3
8305,106,228,2025-01-21,105,5
8306,106,210,2025-01-21,109,1
8307,106,303,2025-01-21,27,2
8308,106,85,2025-01-21,163,5
8309,106,157,2025-01-22,147,4
8310,106,198,2025-01-22,72,4
8311,439,171,2025-08-23,161,3
8312,439,188,2025-08-23,156,1
8313,100,213,2025-11-11,149,3
8314,388,255,2024-09-25,154,4
8315,434,62,2024-10-31,157,3
8316,15,222,2024-03-18,154,3
8317,203,305,2024-01-14,88,2
8318,203,103,2024-01-14,149,5
8319,203,98,2024-01-14,136,5
8320,302,161,2025-05-24,41,2
8321,249,323,2024-05-29,73,2
8322,116,16,2024-08-03,93,5
8323,106,173,2024-11-30,117,5
8324,65,47,2025-06-03,111,4
8325,65,335,2025-06-03,120,4
8326,65,84,2025-06-04,110,1
8327,65,83,2025-06-04,36,5
8328,242,269,2025-04-15,151,1
8329,323,85,2025-11-01,150,4
8330,202,227,2024-12-01,108,3
8331,530,226,2024-06-13,92,4
8332,5,281,2024-09-14,140,5
8333,386,179,2024-06-23,88,3
8334,55,120,2024-04-15,61,4
8335,329,151,2024-12-31,105,3
8336,226,152,2025-07-05,85,2
8337,175,27,2024-12-29,83,5
8338,26,56,2025-11-10,123,3
8339,325,205,2024-02-05,112,4
8340,503,166,2025-02-12,140,3
8341,506,143,2024-05-19,87,3
8342,380,28,2024-03-28,156,4
8343,380,318,2024-03-28,85,4
8344,380,278,2024-03-29,101,4
8345,380,336,2024-03-29,126,5
8346,305,239,2024-04-16,20,3
8347,367,259,2024-07-02,51,3
8348,550,272,2025-08-21,36,4
8349,256,83,2025-04-09,111,4
8350,389,227,2024-01-24,45,3
8351,345,260,2025-10-11,105,2
8352,190,116,2025-02-21,35,2
8353,409,301,2024-06-08,70,3
8354,380,321,2024-08-17,116,4
8355,45,28,2025-05-06,165,3
8356,481,270,2025-01-05,89,3
8357,356,146,2025-09-25,126,5
8358,99,259,2025-03-08,113,5
8359,443,179,2024-01-13,113,3
8360,443,8,2024-01-13,130,1
8361,443,139,2024-01-13,101,5
8362,443,243,2024-01-13,153,5
8363,470,141,2024-10-14,164,2
8364,145,188,2024-09-08,48,2
8365,57,144,2025-05-18,26,4
8366,19,325,2025-03-09,136,4
8367,19,80,2025-03-10,39,3
8368,19,312,2025-03-10,155,5
8369,19,97,2025-03-10,64,4
8370,357,211,2024-06-01,99,1
8371,362,57,2024-04-28,108,2
8372,362,5,2024-04-29,106,5
8373,362,268,2024-04-29,78,5
8374,80,198,2024-07-23,129,4
8375,549,340,2025-12-12,124,5
8376,237,275,2024-10-17,26,1
8377,489,78,2024-05-03,162,5
8378,493,188,2025-11-19,135,3
8379,128,345,2025-08-22,118,3
8380,41,278,2025-09-08,141,3
8381,41,118,2025-09-08,156,1
8382,487,348,2024-03-08,103,2
8383,382,172,2025-10-06,57,5
8384,292,151,2024-07-31,163,4
8385,10,101,2025-10-21,95,3
8386,93,271,2024-02-07,151,4
8387,167,55,2024-06-26,27,3
8388,167,336,2024-06-26,145,4
8389,167,165,2024-06-26,96,5
8390,545,273,2025-10-18,135,3
8391,344,263,2024-10-18,77,1
8392,484,143,2024-02-29,73,2
8393,203,131,2024-11-06,102,4
8394,84,226,2024-01-24,27,3
8395,520,50,2024-09-24,83,2
8396,44,304,2025-07-08,150,4
8397,179,125,2025-11-22,52,4
8398,60,297,2024-08-20,105,4
8399,86,15,2024-05-01,113,1
8400,335,259,2025-09-30,21,4
8401,262,340,2025-03-17,86,4
8402,262,225,2025-03-18,106,4
8403,262,235,2025-03-18,103,4
8404,172,101,2025-08-10,143,3
8405,172,221,2025-08-10,126,2
8406,172,257,2025-08-10,111,2
8407,172,122,2025-08-10,16,4
8408,293,274,2025-04-12,22,4
8409,49,308,2025-01-29,86,5
8410,49,183,2025-01-29,47,5
8411,49,265,2025-01-29,15,2
8412,207,127,2024-05-04,143,3
8413,488,278,2024-05-12,116,5
8414,489,314,2025-08-01,56,4
8415,254,318,2025-03-29,118,5
8416,137,118,2025-05-19,111,5
8417,137,203,2025-05-19,97,2
8418,137,109,2025-05-19,139,5
8419,188,343,2024-06-21,152,5
8420,290,175,2024-08-02,107,3
8421,283,139,2024-08-08,56,2
8422,26,296,2024-01-31,80,4
8423,473,83,2024-08-07,44,3
8424,383,344,2024-10-22,106,5
8425,383,177,2024-10-22,126,3
8426,383,62,2024-10-22,74,2
8427,383,59,2024-10-22,99,5
8428,9,63,2024-10-30,52,5
8429,9,279,2024-10-30,99,5
8430,397,212,2025-01-09,86,3
8431,397,221,2025-01-10,142,5
8432,397,190,2025-01-10,90,3
8433,10,83,2024-08-01,142,1
8434,52,104,2024-04-29,115,5
8435,155,24,2024-03-26,142,4
8436,155,292,2024-03-26,160,5
8437,351,241,2024-04-06,156,4
8438,402,190,2025-08-29,72,5
8439,402,201,2025-08-29,147,5
8440,402,348,2025-08-29,126,4
8441,402,72,2025-08-29,127,4
8442,296,19,2024-11-29,149,4
8443,296,110,2024-11-29,36,3
8444,296,331,2024-11-30,125,4
8445,341,260,2024-10-10,157,5
8446,414,67,2025-10-17,138,5
8447,414,39,2025-10-17,129,2
8448,414,83,2025-10-17,165,5
8449,414,157,2025-10-18,36,4
8450,424,57,2025-08-12,104,2
8451,424,128,2025-08-12,117,2
8452,424,251,2025-08-12,120,2
8453,424,300,2025-08-12,138,2
8454,519,247,2024-04-29,74,3
8455,546,9,2024-08-26,101,2
8456,22,93,2025-04-12,151,4
8457,130,236,2025-04-09,122,4
8458,487,272,2024-04-05,18,4
8459,449,166,2025-03-28,46,5
8460,488,322,2024-09-17,123,2
8461,541,298,2025-02-22,160,4
8462,541,136,2025-02-22,92,5
8463,315,176,2025-12-16,31,2
8464,315,323,2025-12-17,111,5
8465,315,254,2025-12-17,107,2
8466,315,144,2025-12-17,116,4
8467,487,324,2025-02-17,23,1
8468,439,39,2024-12-22,116,4
8469,518,242,2024-10-02,139,4
8470,243,323,2025-01-06,64,5
8471,243,133,2025-01-06,134,4
8472,243,88,2025-01-06,106,3
8473,243,155,2025-01-06,149,2
8474,337,322,2025-01-22,163,1
8475,47,165,2025-06-13,51,2
8476,482,52,2025-11-11,78,3
8477,367,289,2024-01-10,60,4
8478,315,265,2025-01-20,124,3
8479,523,153,2025-09-08,164,2
8480,271,162,2024-01-17,76,5
8481,271,19,2024-01-18,119,5
8482,271,38,2024-01-18,91,5
8483,83,244,2025-03-27,113,4
8484,306,328,2024-01-01,17,1
8485,156,23,2024-01-05,71,5
8486,549,225,2024-01-05,122,5
8487,424,14,2024-10-14,74,5
8488,301,111,2025-10-21,99,5
8489,335,153,2024-01-27,101,4
8490,222,246,2025-03-06,59,5
8491,41,267,2025-04-09,24,1
8492,41,321,2025-04-10,156,5
8493,41,183,2025-04-10,124,3
8494,229,40,2025-05-20,40,4
8495,66,35,2024-09-21,107,4
8496,467,169,2025-11-21,112,4
8497,467,126,2025-11-21,159,2
8498,467,173,2025-11-21,127,1
8499,431,40,2024-03-29,111,5
8500,431,198,2024-03-29,108,1
8501,431,236,2024-03-29,144,3
8502,332,6,2024-10-14,110,4
8503,160,201,2025-06-14,144,5
8504,437,131,2024-01-12,113,2
8505,513,342,2025-07-28,26,4
8506,231,150,2025-03-03,152,4
8507,459,241,2024-11-22,100,5
8508,279,311,2025-04-01,46,5
8509,279,173,2025-04-01,133,4
8510,163,38,2025-08-17,78,1
8511,365,40,2024-04-21,29,2
8512,365,176,2024-04-21,103,4
8513,498,338,2025-01-28,47,3
8514,76,204,2024-09-21,138,5
8515,76,155,2024-09-21,158,2
8516,76,73,2024-09-21,129,5
8517,76,296,2024-09-22,66,5
8518,40,78,2024-01-02,111,5
8519,40,116,2024-01-02,86,3
8520,314,323,2025-07-17,74,3
8521,43,240,2025-09-14,139,3
8522,517,121,2025-10-06,16,1
8523,517,142,2025-10-06,86,2
8524,517,291,2025-10-06,70,4
8525,517,303,2025-10-06,32,4
8526,517,344,2025-10-06,81,4
8527,517,74,2025-10-06,92,3
8528,32,323,2024-06-13,143,3
8529,131,188,2025-05-15,18,4
8530,339,178,2024-02-26,159,3
8531,339,283,2024-02-26,99,4
8532,339,236,2024-02-26,26,3
8533,166,80,2025-04-28,139,5
8534,183,55,2025-06-03,153,2
8535,175,192,2024-08-09,82,5
8536,165,336,2025-03-06,70,5
8537,414,83,2024-01-04,38,5
8538,414,204,2024-01-04,20,2
8539,414,138,2024-01-05,135,5
8540,414,285,2024-01-05,86,3
8541,78,166,2025-11-01,135,5
8542,288,152,2025-12-23,127,3
8543,65,221,2024-08-25,155,1
8544,549,202,2024-03-05,117,5
8545,9,56,2025-03-09,89,5
8546,514,4,2025-10-31,152,5
8547,297,308,2024-01-25,28,4
8548,167,75,2025-07-17,146,2
8549,167,147,2025-07-18,136,5
8550,167,260,2025-07-18,159,5
8551,167,336,2025-07-18,140,4
8552,476,338,2024-04-19,91,5
8553,366,165,2025-11-16,124,4
8554,51,25,2025-07-07,163,4
8555,132,91,2025-03-16,123,3
8556,124,209,2024-01-27,94,5
8557,230,26,2025-06-14,46,4
8558,408,66,2025-03-17,110,3
8559,408,274,2025-03-17,44,5
8560,408,143,2025-03-17,82,5
8561,408,147,2025-03-17,35,1
8562,408,43,2025-03-17,122,5
8563,108,287,2024-08-19,131,4
8564,161,309,2025-03-15,26,2
8565,351,310,2024-09-18,165,5
8566,514,242,2024-07-18,120,5
8567,206,305,2025-11-16,156,1
8568,174,276,2025-11-29,45,2
8569,45,264,2024-05-23,95,5
8570,314,114,2025-07-22,132,3
8571,395,115,2025-09-27,140,5
8572,459,230,2025-12-29,106,3
8573,362,325,2024-07-02,51,5
8574,362,255,2024-07-02,86,5
8575,337,199,2024-04-15,156,4
8576,494,136,2025-04-14,27,3
8577,274,46,2024-05-02,120,4
8578,539,48,2025-02-12,97,5
8579,54,199,2024-07-06,146,5
8580,54,264,2024-07-06,60,5
8581,54,53,2024-07-07,115,4
8582,54,324,2024-07-07,99,3
8583,492,176,2025-02-19,98,4
8584,540,325,2024-09-02,96,4
8585,76,68,2025-03-27,94,1
8586,377,205,2024-09-14,157,4
8587,314,163,2025-11-03,157,3
8588,100,74,2025-11-01,35,5
8589,246,194,2024-06-07,69,3
8590,190,27,2025-04-25,52,4
8591,132,169,2025-06-17,92,4
8592,132,243,2025-06-17,18,1
8593,132,286,2025-06-17,41,4
8594,132,92,2025-06-17,153,3
8595,132,108,2025-06-17,41,4
8596,48,339,2025-03-29,119,3
8597,48,19,2025-03-29,106,2
8598,48,246,2025-03-29,157,2
8599,48,326,2025-03-29,97,5
8600,348,206,2024-06-28,158,4
8601,348,278,2024-06-28,156,1
8602,348,227,2024-06-28,82,5
8603,348,272,2024-06-28,123,2
8604,32,20,2025-11-29,131,3
8605,284,77,2024-05-23,117,3
8606,11,60,2025-11-03,57,3
8607,517,180,2025-07-03,146,3
8608,517,53,2025-07-03,136,4
8609,517,58,2025-07-04,143,5
8610,72,13,2025-02-14,126,5
8611,164,272,2024-10-15,149,4
8612,299,35,2025-10-29,159,1
8613,105,179,2024-05-17,120,1
8614,38,246,2025-01-05,63,5
8615,425,72,2024-05-15,162,5
8616,497,349,2024-08-29,122,2
8617,39,275,2025-09-13,40,1
8618,518,22,2025-07-01,156,1
8619,394,152,2024-07-24,39,4
8620,169,272,2024-10-07,63,3
8621,169,312,2024-10-07,57,2
8622,169,224,2024-10-07,66,3
8623,169,209,2024-10-07,31,3
8624,169,162,2024-10-07,129,3
8625,169,10,2024-10-08,150,5
8626,14,126,2025-01-12,120,1
8627,14,64,2025-01-12,78,5
8628,118,111,2024-06-24,150,5
8629,143,287,2025-06-24,132,5
8630,429,291,2025-08-01,71,1
8631,429,149,2025-08-01,85,2
8632,429,106,2025-08-01,104,2
8633,429,226,2025-08-01,72,2
8634,525,121,2025-04-09,164,3
8635,411,82,2025-09-13,156,5
8636,191,111,2024-06-22,157,3
8637,191,226,2024-06-23,143,4
8638,191,289,2024-06-23,126,3
8639,191,56,2024-06-23,148,1
8640,550,212,2024-10-26,54,5
8641,233,286,2025-06-14,127,3
8642,233,152,2025-06-14,34,3
8643,233,305,2025-06-14,85,3
8644,139,179,2025-01-25,154,5
8645,70,293,2025-04-17,108,3
8646,16,14,2024-05-31,157,4
8647,531,236,2025-06-06,85,5
8648,487,6,2024-08-21,25,4
8649,9,267,2025-12-26,90,4
8650,2,169,2025-05-15,157,5
8651,532,173,2024-03-01,81,2
8652,51,316,2025-07-26,139,4
8653,51,227,2025-07-26,107,2
8654,516,41,2024-06-13,120,3
8655,289,166,2025-08-31,47,4
8656,490,123,2024-04-01,76,4
8657,205,240,2025-12-26,131,3
8658,261,211,2024-07-04,40,2
8659,497,9,2024-09-19,71,2
8660,299,168,2024-02-10,164,4
8661,299,80,2024-02-10,90,3
8662,299,343,2024-02-10,114,1
8663,14,132,2024-06-28,85,5
8664,126,138,2024-09-13,154,3
8665,247,258,2025-08-12,151,4
8666,109,131,2024-12-08,152,5
8667,535,332,2025-07-22,24,2
8668,299,230,2025-04-19,145,2
8669,313,251,2024-01-29,157,2
8670,187,78,2024-01-11,123,1
8671,44,29,2024-11-02,133,4
8672,540,150,2025-12-01,161,4
8673,534,290,2024-06-08,153,2
8674,166,285,2024-12-29,111,3
8675,344,74,2024-03-07,134,4
8676,496,57,2024-03-18,55,4
8677,81,209,2025-04-03,117,3
8678,332,313,2025-11-04,163,3
8679,411,21,2024-04-15,108,5
8680,164,237,2025-10-16,38,3
8681,95,4,2025-07-04,114,2
8682,95,223,2025-07-04,77,3
8683,95,133,2025-07-04,144,3
8684,95,307,2025-07-04,95,4
8685,395,332,2024-01-10,137,4
8686,360,341,2025-12-30,151,4
8687,332,318,2025-08-29,158,3
8688,61,224,2024-04-14,58,5
8689,401,8,2024-08-14,15,1
8690,360,130,2024-06-23,149,4
8691,548,257,2025-06-08,135,4
8692,418,345,2024-09-28,146,5
8693,495,225,2024-05-27,41,5
8694,202,116,2024-01-08,36,3
8695,361,83,2025-12-18,74,4
8696,505,82,2024-03-28,95,4
8697,146,121,2025-05-16,83,3
8698,192,130,2024-11-27,118,5
8699,192,247,2024-11-27,105,4
8700,192,244,2024-11-28,120,5
8701,192,35,2024-11-28,74,3
8702,493,245,2024-12-05,29,1
8703,134,172,2024-10-07,92,3
8704,12,186,2024-07-16,63,2
8705,121,28,2024-04-01,66,4
8706,93,76,2025-02-08,138,4
8707,377,291,2025-04-24,116,4
8708,377,227,2025-04-25,96,2
8709,222,33,2024-11-13,146,5
8710,515,220,2025-12-05,40,4
8711,149,295,2025-05-28,149,4
8712,91,144,2025-03-05,92,5
8713,206,97,2024-12-11,161,1
8714,206,144,2024-12-12,141,4
8715,206,263,2024-12-12,109,5
8716,206,167,2024-12-12,66,5
8717,123,303,2024-12-10,141,5
8718,32,339,2025-04-14,141,5
8719,305,44,2025-10-14,67,4
8720,373,45,2024-02-16,44,2
8721,58,213,2025-10-22,54,2
8722,294,86,2024-09-02,144,1
8723,294,130,2024-09-03,81,3
8724,526,141,2025-11-14,101,5
8725,386,329,2025-02-02,144,2
8726,1,235,2024-06-13,78,4
8727,210,70,2025-06-22,46,3
8728,375,243,2024-01-19,134,5
8729,28,175,2025-05-16,18,1
8730,195,303,2025-12-12,52,5
8731,93,17,2024-07-10,107,2
8732,400,115,2025-11-18,87,2
8733,400,65,2025-11-19,163,4
8734,400,216,2025-11-19,32,4
8735,31,48,2024-10-24,162,5
8736,247,73,2025-12-06,52,5
8737,261,61,2025-11-08,141,5
8738,261,256,2025-11-08,72,3
8739,261,160,2025-11-08,130,1
8740,261,237,2025-11-08,155,3
8741,261,219,2025-11-08,88,3
8742,261,149,2025-11-08,44,2
8743,408,58,2025-03-16,112,4
8744,408,335,2025-03-16,77,5
8745,408,348,2025-03-16,142,3
8746,408,143,2025-03-16,18,4
8747,408,293,2025-03-16,136,4
8748,408,252,2025-03-16,64,5
8749,234,323,2025-12-23,122,5
8750,40,302,2024-07-02,145,5
8751,40,238,2024-07-02,130,4
8752,492,287,2025-12-06,61,4
8753,127,145,2024-02-15,126,4
8754,108,309,2024-11-02,108,5
8755,126,98,2024-03-30,95,5
8756,265,325,2024-05-29,116,4
8757,170,39,2024-11-17,123,5
8758,170,232,2024-11-17,143,5
8759,170,227,2024-11-17,48,4
8760,540,96,2025-04-15,157,3
8761,540,45,2025-04-15,43,3
8762,540,95,2025-04-15,138,1
8763,540,21,2025-04-15,147,1
8764,511,342,2024-01-25,127,4
8765,511,13,2024-01-25,158,4
8766,511,221,2024-01-25,47,5
8767,183,72,2025-09-16,111,2
8768,80,8,2024-01-15,51,4
8769,80,88,2024-01-15,135,1
8770,80,31,2024-01-15,156,2
8771,80,75,2024-01-15,33,1
8772,207,58,2024-12-14,17,2
8773,209,241,2024-05-17,122,3
8774,209,31,2024-05-18,92,4
8775,209,172,2024-05-18,161,5
8776,315,287,2025-04-26,91,4
8777,60,9,2025-09-10,148,3
8778,550,14,2024-08-11,43,4
8779,41,185,2024-11-16,80,1
8780,41,295,2024-11-16,46,3
8781,41,312,2024-11-16,89,3
8782,41,86,2024-11-17,107,5
8783,476,5,2024-04-16,72,5
8784,80,234,2024-10-22,129,5
8785,339,168,2025-04-12,109,5
8786,397,179,2025-05-23,88,3
8787,397,285,2025-05-23,70,5
8788,397,218,2025-05-23,25,4
8789,397,53,2025-05-23,122,5
8790,256,335,2024-12-13,113,5
8791,326,218,2024-06-29,150,2
8792,549,264,2024-07-30,144,3
8793,549,305,2024-07-30,114,3
8794,549,157,2024-07-31,82,3
8795,549,214,2024-07-31,121,5
8796,61,19,2025-06-18,17,3
8797,61,55,2025-06-18,83,5
8798,61,189,2025-06-18,64,3
8799,537,194,2024-11-14,152,4
8800,519,101,2024-06-19,163,4
8801,519,304,2024-06-19,159,3
8802,109,100,2024-11-20,18,4
8803,109,3,2024-11-20,145,4
8804,109,44,2024-11-21,107,5
8805,498,185,2025-02-26,114,1
8806,237,240,2025-03-01,66,3
8807,372,125,2024-11-19,110,4
8808,359,140,2024-05-30,81,3
8809,11,193,2025-09-18,122,4
8810,462,232,2025-07-20,110,4
8811,462,150,2025-07-20,66,5
8812,462,1,2025-07-20,157,5
8813,462,295,2025-07-20,53,5
8814,462,241,2025-07-21,120,4
8815,520,37,2024-12-01,109,5
8816,520,94,2024-12-01,89,5
8817,520,20,2024-12-01,27,1
8818,520,15,2024-12-01,100,3
8819,420,101,2025-03-12,85,5
8820,246,70,2024-03-29,94,3
8821,411,110,2025-03-05,34,2
8822,411,321,2025-03-05,66,4
8823,411,94,2025-03-05,161,2
8824,421,38,2025-09-22,150,2
8825,347,144,2024-04-15,31,4
8826,347,309,2024-04-15,143,3
8827,347,227,2024-04-15,78,5
8828,347,349,2024-04-15,152,5
8829,347,213,2024-04-15,134,2
8830,347,71,2024-04-15,83,3
8831,164,110,2025-03-30,90,1
8832,195,194,2024-01-26,45,3
8833,293,218,2025-10-04,49,3
8834,57,134,2025-10-08,131,4
8835,524,48,2025-12-20,148,4
8836,524,164,2025-12-20,19,3
8837,212,256,2024-07-07,160,4
8838,212,234,2024-07-07,79,1
8839,212,275,2024-07-07,39,4
8840,7,324,2025-12-25,101,5
8841,162,182,2025-10-31,79,1
8842,353,284,2025-05-29,134,5
8843,365,317,2025-11-09,148,5
8844,3,191,2024-05-05,20,4
8845,3,26,2024-05-05,35,3
8846,3,298,2024-05-05,64,5
8847,3,278,2024-05-05,127,4
8848,3,4,2024-05-05,50,3
8849,122,175,2024-09-24,124,3
8850,43,161,2025-08-02,100,2
8851,104,154,2025-05-11,57,4
8852,104,35,2025-05-12,102,5
8853,104,315,2025-05-12,107,5
8854,156,78,2024-02-15,151,2
8855,156,33,2024-02-15,80,3
8856,204,139,2024-09-23,84,4
8857,321,65,2025-12-20,106,5
8858,390,252,2025-03-19,81,3
8859,390,321,2025-03-19,141,3
8860,390,84,2025-03-19,83,5
8861,502,154,2024-02-12,144,2
8862,244,15,2025-03-20,53,3
8863,159,113,2024-04-02,101,5
8864,239,172,2024-12-06,124,5
8865,80,83,2025-01-28,91,3
8866,158,271,2024-07-20,61,5
8867,396,225,2024-12-05,110,3
8868,478,100,2024-03-19,121,4
8869,39,221,2025-06-11,148,2
8870,479,119,2025-05-23,136,5
8871,438,128,2025-03-27,88,1
8872,438,169,2025-03-27,147,2
8873,438,181,2025-03-27,157,5
8874,438,216,2025-03-27,92,5
8875,176,255,2025-06-26,31,1
8876,176,324,2025-06-26,120,5
8877,176,154,2025-06-26,89,3
8878,176,59,2025-06-27,75,5
8879,270,27,2024-01-24,25,2
8880,47,139,2024-10-27,37,4
8881,47,208,2024-10-28,59,2
8882,47,225,2024-10-28,24,3
8883,47,177,2024-10-28,108,2
8884,47,289,2024-10-28,67,2
8885,217,104,2024-12-19,160,2
8886,217,97,2024-12-20,126,5
8887,217,132,2024-12-20,16,1
8888,177,224,2025-07-18,93,5
8889,278,72,2025-12-29,143,4
8890,252,295,2024-02-04,16,4
8891,396,28,2025-02-09,76,4
8892,396,24,2025-02-09,112,4
8893,396,160,2025-02-09,42,5
8894,423,334,2024-06-14,94,2
8895,423,163,2024-06-14,103,3
8896,423,71,2024-06-14,107,3
8897,423,108,2024-06-15,93,3
8898,512,75,2025-08-22,155,5
8899,167,325,2024-03-31,64,5
8900,164,155,2024-08-15,152,4
8901,177,224,2024-08-26,67,3
8902,375,191,2025-04-11,87,5
8903,480,151,2025-07-24,132,3
8904,298,38,2025-01-11,87,3
8905,98,138,2024-12-04,64,2
8906,534,178,2024-12-03,153,5
8907,362,153,2025-01-14,100,5
8908,312,55,2024-06-14,93,3
8909,312,48,2024-06-14,108,4
8910,312,7,2024-06-14,97,3
8911,312,255,2024-06-15,91,4
8912,137,67,2025-05-10,91,3
8913,272,349,2025-06-29,24,4
8914,155,163,2025-01-11,46,4
8915,397,197,2025-05-19,16,1
8916,450,181,2024-05-30,97,4
8917,450,167,2024-05-30,32,4
8918,450,215,2024-05-30,121,4
8919,393,54,2024-12-07,124,5
8920,287,14,2024-11-16,88,4
8921,232,350,2025-06-18,149,3
8922,296,164,2024-06-18,126,5
8923,377,151,2024-12-25,104,4
8924,350,232,2024-06-09,53,4
8925,386,1,2024-03-17,48,4
8926,318,31,2025-06-20,105,4
8927,31,311,2025-05-31,71,4
8928,31,255,2025-06-01,88,3
8929,31,341,2025-06-01,100,3
8930,31,289,2025-06-01,43,5
8931,303,232,2024-06-23,121,1
8932,306,199,2024-08-27,59,5
8933,139,34,2024-02-04,99,5
8934,139,310,2024-02-04,143,5
8935,314,237,2025-06-15,73,2
8936,330,121,2025-08-12,80,4
8937,110,116,2025-05-27,59,5
8938,110,99,2025-05-27,116,4
8939,110,218,2025-05-27,23,4
8940,2,208,2024-09-14,85,2
8941,234,296,2025-05-30,161,5
8942,422,43,2024-11-11,34,1
8943,179,35,2024-11-20,160,2
8944,54,49,2025-11-07,153,2
8945,53,155,2024-05-27,75,2
8946,403,20,2024-11-16,139,4
8947,403,249,2024-11-16,136,5
8948,403,30,2024-11-16,85,2
8949,403,209,2024-11-16,121,5
8950,258,109,2024-04-22,155,5
8951,258,171,2024-04-22,103,1
8952,258,148,2024-04-22,84,5
8953,522,349,2025-09-22,33,3
8954,454,293,2025-08-28,144,5
8955,86,71,2025-12-08,155,5
8956,189,177,2024-08-16,152,5
8957,471,272,2025-12-15,110,2
8958,441,152,2025-03-12,107,3
8959,307,62,2024-09-29,103,1
8960,307,304,2024-09-29,153,3
8961,307,169,2024-09-29,111,3
8962,307,116,2024-09-29,20,4
8963,307,80,2024-09-29,70,5
8964,340,306,2024-01-31,119,5
8965,447,101,2024-09-07,136,4
8966,447,230,2024-09-07,53,5
8967,447,4,2024-09-08,82,5
8968,447,64,2024-09-08,62,4
8969,408,22,2025-08-06,132,5
8970,18,102,2024-04-25,101,1
8971,18,109,2024-04-25,72,3
8972,18,129,2024-04-25,63,5
8973,18,290,2024-04-25,70,1
8974,473,91,2024-05-16,139,5
8975,223,128,2025-12-05,149,2
8976,223,128,2025-12-05,104,5
8977,223,109,2025-12-05,64,4
8978,223,116,2025-12-05,99,5
8979,223,196,2025-12-05,125,5
8980,223,86,2025-12-05,118,3
8981,358,163,2024-11-07,50,2
8982,351,288,2024-08-29,84,5
8983,273,118,2025-12-15,104,4
8984,273,307,2025-12-15,156,1
8985,439,9,2025-12-23,89,3
8986,439,39,2025-12-23,86,4
8987,439,129,2025-12-23,55,4
8988,439,125,2025-12-23,153,5
8989,504,304,2025-07-06,76,4
8990,210,226,2024-08-01,90,3
8991,210,333,2024-08-01,96,5
8992,221,217,2024-05-31,145,5
8993,240,65,2024-12-12,112,1
8994,496,334,2025-08-03,163,4
8995,115,294,2025-05-31,75,5
8996,226,134,2025-10-07,29,3
8997,405,51,2025-05-20,70,2
8998,405,138,2025-05-20,53,2
8999,294,86,2025-03-15,80,4
9000,247,176,2025-10-14,143,5
9001,259,85,2024-08-08,96,5
9002,56,224,2025-08-14,21,1
9003,285,196,2024-04-10,114,5
9004,141,223,2024-02-28,156,5
9005,172,304,2025-03-13,138,3
9006,99,123,2024-07-02,104,4
9007,99,276,2024-07-02,107,5
9008,99,224,2024-07-03,98,5
9009,99,258,2024-07-03,80,5
9010,122,37,2025-09-13,80,2
9011,329,111,2024-01-21,85,5
9012,115,15,2025-04-20,132,1
9013,115,296,2025-04-20,32,2
9014,115,25,2025-04-20,68,5
9015,464,122,2025-08-07,15,2
9016,145,2,2024-08-18,104,2
9017,521,264,2025-09-04,122,3
9018,235,98,2024-05-05,55,4
9019,85,166,2025-12-05,155,5
9020,480,250,2024-06-04,105,4
9021,428,334,2025-02-09,154,4
9022,428,93,2025-02-09,130,1
9023,428,231,2025-02-09,138,3
9024,474,115,2024-08-03,105,5
9025,474,250,2024-08-03,83,5
9026,474,47,2024-08-03,128,1
9027,429,88,2025-11-11,33,4
9028,84,224,2025-03-11,147,5
9029,339,179,2025-12-06,85,3
9030,156,163,2024-07-06,126,4
9031,433,159,2024-06-06,92,3
9032,229,317,2025-07-24,133,3
9033,336,246,2025-07-28,64,4
9034,507,76,2025-01-17,82,4
9035,15,16,2025-01-09,79,4
9036,290,230,2025-08-22,157,5
9037,395,305,2025-03-17,29,1
9038,395,26,2025-03-17,161,4
9039,448,152,2025-01-08,88,2
9040,340,227,2024-10-14,52,4
9041,223,196,2024-01-05,158,4
9042,223,281,2024-01-05,87,5
9043,223,128,2024-01-05,36,3
9044,223,332,2024-01-05,51,5
9045,223,65,2024-01-05,43,5
9046,223,191,2024-01-05,110,2
9047,523,45,2025-12-22,163,1
9048,89,99,2025-06-30,146,5
9049,467,165,2025-09-20,76,3
9050,467,184,2025-09-20,152,5
9051,467,103,2025-09-20,139,5
9052,357,333,2024-07-04,145,4
9053,346,313,2024-05-13,22,3
9054,346,269,2024-05-13,142,4
9055,346,296,2024-05-13,109,5
9056,301,307,2024-11-16,56,5
9057,278,72,2024-02-26,102,2
9058,11,135,2025-09-22,114,5
9059,11,124,2025-09-23,94,3
9060,11,273,2025-09-23,38,4
9061,11,226,2025-09-23,153,4
9062,484,63,2024-07-14,63,5
9063,338,66,2025-09-29,133,4
9064,318,88,2025-06-29,44,3
9065,318,338,2025-06-29,104,5
9066,488,233,2024-05-23,139,5
9067,171,156,2024-10-31,163,5
9068,136,309,2024-10-23,137,4
9069,262,20,2025-08-09,72,5
9070,491,101,2025-01-06,62,1
9071,48,90,2025-08-31,70,5
9072,48,141,2025-08-31,37,3
9073,48,123,2025-08-31,125,1
9074,257,288,2024-10-31,98,3
9075,107,61,2025-08-15,55,1
9076,107,119,2025-08-15,164,5
9077,107,37,2025-08-15,154,5
9078,107,344,2025-08-16,93,2
9079,315,169,2024-11-01,158,5
9080,5,215,2024-10-08,125,5
9081,431,320,2025-05-19,52,4
9082,121,213,2025-12-08,85,3
9083,515,333,2025-11-05,104,3
9084,515,267,2025-11-06,117,5
9085,76,290,2025-04-21,101,5
9086,123,111,2024-08-25,64,5
9087,39,127,2025-09-06,151,3
9088,39,235,2025-09-06,102,4
9089,30,73,2025-04-04,92,3
9090,357,334,2024-06-28,152,4
9091,58,221,2025-06-06,27,3
9092,129,13,2024-03-16,36,4
9093,494,108,2024-09-03,16,2
9094,415,208,2025-07-05,146,5
9095,143,141,2025-03-01,105,4
9096,430,94,2025-10-07,69,4
9097,7,317,2024-03-21,110,3
9098,140,78,2025-07-02,31,4
9099,49,275,2025-07-05,143,4
9100,244,306,2024-06-30,114,5
9101,201,23,2024-05-05,90,3
9102,201,209,2024-05-06,135,2
9103,201,63,2024-05-06,59,4
9104,201,133,2024-05-06,131,5
9105,201,188,2024-05-06,136,4
9106,209,220,2025-06-26,122,5
9107,445,88,2024-05-01,92,4
9108,215,29,2024-08-20,18,3
9109,439,256,2025-01-04,125,4
9110,64,163,2024-02-06,76,5
9111,370,178,2025-05-19,115,4
9112,370,210,2025-05-19,86,5
9113,370,25,2025-05-19,32,2
9114,550,284,2024-12-10,119,4
9115,41,319,2024-07-11,120,3
9116,151,154,2024-12-22,66,5
9117,151,243,2025-12-11,135,5
9118,143,305,2025-04-15,94,4
9119,489,233,2024-04-14,91,4
9120,331,287,2024-04-03,37,3
9121,355,250,2025-06-21,161,2
9122,378,170,2025-04-18,101,3
9123,166,294,2024-06-17,161,3
9124,418,287,2024-08-19,163,5
9125,268,146,2025-11-03,53,2
9126,268,4,2025-11-03,117,5
9127,268,176,2025-11-03,92,2
9128,531,263,2025-07-30,84,5
9129,486,333,2024-05-19,73,5
9130,164,102,2025-05-08,28,2
9131,41,213,2025-10-04,45,5
9132,41,259,2025-10-04,83,5
9133,41,225,2025-10-04,40,3
9134,278,85,2025-04-11,100,2
9135,84,190,2025-10-05,162,3
9136,384,209,2024-01-14,58,3
9137,536,227,2024-03-28,124,5
9138,536,227,2024-03-29,106,3
9139,536,217,2024-03-29,44,3
9140,376,240,2025-03-10,113,5
9141,182,278,2024-11-23,60,3
9142,182,233,2024-11-23,29,1
9143,182,98,2024-11-23,137,2
9144,182,70,2024-11-23,54,1
9145,47,240,2024-12-30,60,5
9146,394,51,2024-02-09,148,4
9147,394,313,2024-02-09,64,4
9148,394,182,2024-02-09,139,5
9149,394,272,2024-02-09,99,3
9150,394,253,2024-02-09,140,4
9151,394,157,2024-02-09,115,4
9152,186,316,2024-11-21,125,4
9153,46,257,2024-08-30,150,5
9154,75,136,2024-06-29,136,3
9155,75,194,2024-06-29,103,5
9156,75,180,2024-06-30,154,2
9157,75,49,2024-06-29,55,2
9158,227,217,2024-04-11,118,3
9159,295,115,2025-11-09,133,4
9160,167,12,2024-06-01,141,3
9161,430,343,2024-10-04,154,2
9162,441,77,2025-12-30,93,3
9163,444,196,2025-01-10,128,5
9164,444,144,2025-01-11,97,1
9165,444,315,2025-01-10,99,1
9166,444,321,2025-01-11,145,5
9167,116,103,2024-09-18,104,2
9168,116,135,2024-09-18,116,5
9169,116,239,2024-09-18,126,1
9170,521,55,2025-11-23,92,5
9171,302,81,2024-01-06,109,5
9172,506,43,2024-06-04,108,4
9173,363,139,2025-04-24,95,3
9174,540,81,2025-04-08,125,5
9175,206,249,2024-02-25,148,2
9176,71,207,2025-11-26,109,3
9177,497,254,2025-08-31,86,4
9178,497,211,2025-08-31,88,5
9179,497,308,2025-08-31,88,5
9180,497,108,2025-08-31,155,1
9181,4,188,2025-04-25,105,2
9182,264,139,2024-12-13,139,4
9183,58,129,2024-09-18,89,5
9184,260,327,2024-08-23,95,3
9185,144,157,2025-11-12,30,1
9186,50,108,2025-12-30,114,5
9187,50,325,2025-12-30,126,2
9188,50,55,2025-12-30,140,5
9189,50,41,2025-12-30,91,4
9190,50,169,2025-12-30,76,4
9191,50,138,2025-12-31,148,5
9192,378,216,2024-08-19,129,5
9193,242,160,2024-02-14,153,5
9194,4,16,2024-08-07,143,4
9195,29,66,2025-03-24,112,1
9196,540,233,2024-09-07,143,2
9197,540,121,2024-09-07,51,4
9198,540,296,2024-09-07,94,5
9199,285,106,2024-06-12,121,4
9200,285,77,2024-06-12,41,4
9201,74,122,2025-11-10,118,3
9202,482,33,2024-03-17,95,5
9203,166,131,2025-10-04,147,4
9204,166,34,2025-10-04,154,3
9205,166,51,2025-10-05,89,4
9206,95,199,2024-08-29,151,4
9207,95,137,2024-08-29,146,3
9208,462,227,2025-09-23,94,4
9209,484,152,2025-06-13,59,3
9210,190,248,2024-10-29,89,5
9211,195,88,2024-04-15,123,5
9212,514,145,2025-03-04,124,3
9213,463,139,2024-02-04,141,3
9214,525,16,2025-02-10,164,1
9215,231,309,2024-01-15,102,5
9216,297,314,2024-08-01,65,4
9217,158,324,2024-11-08,79,3
9218,540,303,2025-09-14,18,4
9219,94,165,2025-08-07,147,3
9220,94,29,2025-08-07,27,4
9221,94,42,2025-08-07,34,2
9222,94,237,2025-08-07,50,5
9223,168,253,2024-08-17,143,2
9224,302,332,2025-01-03,94,4
9225,360,94,2024-09-08,145,4
9226,430,37,2024-09-08,146,5
9227,57,91,2024-09-03,85,5
9228,466,242,2024-08-06,50,3
9229,194,209,2024-05-14,148,5
9230,452,264,2025-05-10,57,4
9231,149,95,2025-05-12,128,4
9232,149,323,2025-05-12,23,3
9233,149,247,2025-05-12,153,4
9234,149,254,2025-05-12,120,5
9235,489,61,2025-05-18,129,3
9236,44,279,2025-01-23,89,4
9237,153,246,2024-06-02,66,4
9238,9,94,2025-09-28,104,4
9239,76,232,2025-05-13,143,3
9240,541,119,2024-12-23,118,5
9241,364,180,2024-08-07,29,4
9242,307,131,2025-05-03,141,3
9243,486,118,2025-12-30,57,5
9244,277,226,2024-04-10,120,5
9245,148,198,2025-08-27,163,5
9246,91,202,2025-03-06,67,4
9247,55,250,2024-07-29,92,2
9248,25,17,2025-12-08,81,5
9249,286,189,2024-03-20,15,4
9250,28,127,2024-08-21,89,4
9251,230,20,2025-08-23,77,4
9252,230,58,2025-08-23,142,3
9253,230,186,2025-08-24,112,5
9254,350,193,2024-05-28,127,4
9255,473,36,2024-04-29,32,4
9256,307,103,2024-12-29,159,2
9257,190,248,2024-02-28,85,5
9258,284,107,2025-08-02,27,3
9259,284,303,2025-08-02,117,2
9260,284,96,2025-08-02,130,4
9261,284,49,2025-08-02,94,5
9262,388,14,2025-07-19,142,4
9263,510,111,2024-06-10,133,2
9264,35,135,2024-08-23,55,4
9265,193,256,2024-10-20,15,4
9266,193,110,2024-10-20,111,4
9267,193,32,2024-10-20,111,4
9268,193,19,2024-10-20,102,3
9269,126,45,2025-03-22,155,4
9270,458,262,2024-01-25,139,4
9271,458,36,2024-01-26,156,5
9272,458,301,2024-01-26,158,5
9273,458,200,2024-01-26,130,5
9274,458,46,2024-01-26,152,5
9275,458,173,2024-01-26,20,3
9276,359,196,2024-02-08,23,2
9277,238,268,2024-07-15,34,1
9278,219,50,2025-08-31,83,3
9279,348,197,2025-07-26,106,3
9280,14,282,2025-12-26,91,3
9281,493,112,2024-07-13,134,5
9282,321,219,2024-12-04,74,4
9283,280,256,2024-02-23,129,5
9284,98,59,2024-03-13,69,2
9285,150,321,2024-07-10,146,5
9286,6,331,2024-08-25,74,5
9287,145,40,2024-01-15,151,4
9288,493,46,2024-06-19,96,4
9289,297,109,2024-05-10,140,5
9290,371,277,2024-11-24,108,3
9291,377,128,2025-07-09,85,3
9292,236,33,2024-04-09,73,1
9293,192,66,2025-06-23,91,5
9294,257,298,2025-02-16,44,4
9295,257,90,2025-02-16,82,1
9296,257,78,2025-02-16,78,2
9297,257,264,2025-02-17,94,1
9298,236,115,2025-07-20,76,2
9299,481,305,2025-02-14,118,1
9300,481,45,2025-02-14,103,3
9301,481,150,2025-02-14,114,2
9302,528,153,2025-03-18,87,4
9303,289,136,2024-12-05,23,4
9304,345,325,2024-12-08,71,4
9305,346,269,2024-07-13,48,5
9306,429,25,2025-12-25,102,5
9307,429,129,2025-12-26,101,4
9308,429,45,2025-12-26,44,4
9309,429,47,2025-12-26,125,5
9310,429,128,2025-12-26,127,5
9311,429,106,2025-12-26,119,4
9312,441,127,2025-09-09,57,3
9313,382,1,2024-04-28,102,4
9314,382,130,2024-04-29,99,5
9315,382,106,2024-04-29,97,2
9316,326,13,2024-11-04,117,5
9317,231,13,2024-07-28,119,1
9318,52,322,2024-02-04,110,4
9319,175,207,2025-01-10,20,2
9320,255,326,2024-09-21,112,4
9321,381,305,2025-02-25,103,4
9322,411,185,2024-08-08,46,1
9323,411,253,2024-08-08,15,3
9324,52,21,2025-12-13,86,5
9325,531,327,2024-09-17,164,4
9326,137,111,2024-10-16,146,5
9327,39,93,2025-03-19,70,1
9328,276,242,2024-11-05,154,4
9329,90,36,2025-11-25,146,5
9330,130,340,2024-07-25,124,5
9331,130,135,2024-07-25,151,4
9332,393,228,2024-09-20,24,2
9333,326,279,2024-11-06,43,1
9334,326,231,2024-11-06,149,5
9335,326,309,2024-11-06,49,3
9336,326,15,2024-11-06,37,3
9337,305,239,2024-10-14,115,5
9338,226,297,2024-10-08,88,3
9339,61,229,2024-11-21,90,3
9340,61,6,2024-11-21,134,2
9341,360,193,2025-11-09,142,5
9342,49,194,2025-10-20,128,5
9343,61,211,2025-02-07,23,3
9344,386,35,2025-08-30,135,4
9345,161,227,2025-09-13,42,4
9346,327,211,2025-06-12,124,5
9347,461,11,2024-09-16,118,4
9348,447,262,2025-05-25,46,2
9349,141,111,2025-07-08,99,4
9350,174,264,2025-03-19,133,4
9351,500,267,2025-01-17,104,1
9352,380,114,2024-12-25,42,4
9353,350,140,2024-12-03,76,5
9354,350,276,2024-12-03,39,5
9355,350,114,2024-12-04,85,3
9356,350,130,2024-12-04,165,4
9357,374,245,2024-12-15,39,5
9358,50,88,2024-01-20,123,5
9359,73,294,2024-11-27,117,5
9360,253,65,2025-10-06,77,2
9361,216,127,2025-03-13,57,5
9362,294,148,2024-06-15,92,4
9363,242,21,2025-11-08,131,5
9364,475,185,2025-06-20,140,3
9365,475,169,2025-06-20,129,5
9366,106,136,2024-12-29,15,4
9367,32,254,2024-11-14,146,2
9368,425,17,2025-02-01,85,2
9369,455,213,2024-12-25,160,2
9370,454,148,2024-03-05,138,1
9371,457,176,2025-04-20,157,5
9372,531,201,2025-07-15,143,4
9373,531,161,2025-07-15,119,5
9374,531,275,2025-07-15,132,4
9375,58,247,2025-10-22,85,4
9376,303,99,2025-04-27,135,3
9377,499,253,2025-02-26,81,5
9378,547,22,2024-12-24,157,2
9379,82,6,2024-05-10,40,5
9380,144,273,2025-12-28,159,3
9381,88,15,2025-07-12,47,5
9382,530,194,2025-05-24,135,4
9383,270,17,2024-08-03,122,2
9384,304,305,2024-04-28,97,5
9385,304,344,2024-04-28,137,4
9386,304,348,2024-04-28,65,3
9387,505,67,2025-03-20,123,3
9388,505,2,2025-03-21,135,5
9389,505,139,2025-03-21,113,4
9390,505,309,2025-03-21,155,1
9391,342,184,2025-05-24,17,4
9392,467,273,2024-05-13,110,5
9393,499,347,2025-06-09,116,3
9394,134,345,2024-09-23,132,5
9395,232,264,2024-02-20,68,5
9396,95,120,2025-06-05,145,5
9397,95,139,2025-06-05,102,2
9398,498,330,2025-10-13,153,5
9399,154,314,2024-07-26,101,2
9400,38,272,2025-03-15,138,4
9401,257,284,2024-08-17,103,5
9402,365,168,2025-12-19,155,5
9403,425,35,2025-06-15,90,5
9404,444,179,2025-09-26,104,4
9405,111,237,2024-12-18,135,5
9406,513,93,2025-10-25,88,5
9407,514,58,2025-11-11,100,1
9408,514,97,2025-11-11,41,5
9409,4,262,2024-09-03,107,4
9410,358,125,2024-01-03,115,2
9411,542,195,2025-04-21,125,2
9412,258,73,2025-07-01,20,1
9413,170,61,2024-02-19,123,5
9414,250,88,2025-02-05,53,5
9415,201,242,2024-04-16,73,5
9416,201,342,2024-04-16,97,4
9417,201,170,2024-04-16,87,4
9418,201,302,2024-04-16,45,4
9419,206,339,2024-06-12,58,5
9420,2,221,2024-01-20,88,5
9421,2,21,2024-01-20,128,2
9422,163,109,2024-08-05,110,1
9423,141,216,2025-12-03,37,1
9424,34,31,2025-12-14,64,4
9425,34,330,2025-12-15,104,3
9426,325,81,2025-05-18,67,3
9427,155,26,2025-11-18,82,5
9428,133,184,2024-01-01,120,2
9429,86,76,2024-08-09,20,1
9430,86,58,2024-08-10,149,3
9431,345,71,2025-04-20,107,1
9432,253,321,2024-07-10,79,1
9433,176,293,2024-01-09,25,3
9434,180,173,2024-10-16,79,4
9435,260,165,2024-03-10,98,4
9436,88,47,2025-08-28,55,1
9437,445,47,2025-05-18,151,1
9438,447,23,2024-11-10,73,5
9439,414,214,2025-04-07,89,4
9440,414,292,2025-04-07,119,4
9441,414,342,2025-04-07,98,5
9442,414,338,2025-04-07,78,3
9443,414,184,2025-04-07,63,4
9444,414,137,2025-04-07,103,2
9445,89,228,2024-12-17,140,1
9446,387,273,2025-01-21,61,4
9447,27,129,2025-02-02,140,3
9448,47,180,2025-08-07,38,2
9449,47,102,2025-08-07,93,5
9450,47,10,2025-08-07,111,4
9451,89,177,2024-10-19,105,5
9452,468,176,2025-10-29,83,5
9453,468,122,2025-10-29,151,5
9454,468,341,2025-10-29,81,4
9455,511,69,2024-10-09,103,4
9456,511,322,2024-10-09,47,2
9457,511,19,2024-10-10,85,2
9458,511,36,2024-10-10,141,2
9459,511,137,2024-10-10,105,1
9460,511,113,2024-10-10,145,5
9461,136,20,2024-06-17,60,3
9462,86,169,2025-08-08,58,4
9463,64,162,2025-06-08,157,4
9464,34,118,2025-11-08,138,1
9465,392,228,2025-12-12,113,5
9466,206,71,2025-09-01,77,1
9467,366,160,2024-09-14,23,2
9468,72,25,2024-04-10,56,2
9469,195,2,2025-04-25,130,5
9470,512,224,2024-02-26,143,5
9471,177,118,2024-09-27,82,5
9472,373,272,2024-02-21,33,2
9473,393,347,2025-01-05,87,5
9474,520,156,2025-07-12,161,5
9475,203,105,2025-02-20,54,3
9476,492,171,2025-01-13,47,5
9477,282,184,2025-10-05,103,4
9478,417,281,2025-11-14,29,2
9479,369,208,2025-10-15,120,5
9480,380,321,2025-03-08,104,5
9481,120,275,2024-06-15,150,4
9482,197,126,2024-03-30,67,5
9483,517,172,2025-04-10,135,5
9484,517,142,2025-04-10,164,2
9485,517,339,2025-04-10,129,3
9486,32,74,2024-05-20,54,5
9487,32,229,2024-05-20,132,4
9488,499,103,2024-10-02,102,4
9489,287,288,2025-05-21,75,2
9490,287,65,2025-05-21,63,3
9491,287,209,2025-05-21,163,3
9492,216,115,2024-04-25,128,5
9493,196,101,2024-08-10,115,1
9494,268,122,2024-10-08,126,4
9495,245,62,2024-01-15,156,3
9496,58,80,2024-04-17,52,3
9497,287,348,2024-04-25,90,4
9498,368,201,2024-11-24,161,4
9499,8,34,2025-11-25,118,2
9500,531,305,2025-06-17,82,5
9501,45,73,2025-12-29,92,4
9502,322,228,2025-10-08,153,3
9503,141,76,2025-06-14,136,5
9504,334,330,2025-11-12,49,2
9505,16,306,2025-05-04,56,5
9506,169,26,2025-02-01,21,1
9507,169,147,2025-02-01,120,4
9508,169,29,2025-02-01,118,4
9509,169,237,2025-02-01,82,4
9510,266,266,2024-05-15,72,1
9511,415,109,2024-09-04,86,5
9512,213,202,2025-12-28,38,5
9513,362,253,2024-06-05,56,3
9514,145,279,2025-06-01,114,4
9515,145,120,2025-06-01,155,2
9516,145,159,2025-06-01,51,4
9517,145,257,2025-06-02,108,1
9518,187,324,2025-03-23,64,3
9519,330,272,2025-02-09,106,1
9520,330,342,2025-02-09,154,4
9521,330,10,2025-02-10,84,1
9522,237,288,2025-03-30,150,3
9523,218,179,2024-03-10,35,3
9524,54,302,2024-07-19,28,4
9525,109,319,2024-10-13,130,4
9526,119,239,2024-02-29,165,5
9527,143,176,2024-04-24,128,4
9528,373,145,2025-10-17,17,2
9529,373,147,2025-10-17,107,5
9530,373,45,2025-10-17,20,1
9531,373,341,2025-10-17,86,4
9532,119,81,2025-09-16,19,3
9533,227,324,2024-06-28,21,3
9534,184,207,2024-05-15,153,2
9535,137,300,2025-05-27,37,3
9536,137,169,2025-05-27,78,3
9537,137,147,2025-05-27,100,3
9538,201,119,2025-05-16,51,5
9539,125,101,2024-07-10,31,4
9540,544,37,2024-07-02,94,4
9541,544,1,2024-07-03,108,5
9542,544,1,2024-07-03,54,2
9543,544,137,2024-07-03,91,2
9544,338,318,2025-12-11,112,1
9545,422,101,2024-01-19,101,2
9546,348,122,2025-05-10,131,5
9547,348,71,2025-05-10,102,3
9548,348,13,2025-05-10,135,5
9549,494,29,2025-06-26,57,5
9550,420,321,2025-07-15,48,4
9551,25,294,2025-11-14,36,5
9552,224,273,2024-04-22,16,4
9553,1,27,2024-12-22,51,3
9554,1,74,2024-12-22,62,5
9555,1,318,2024-12-22,122,1
9556,34,95,2025-07-16,142,5
9557,333,301,2025-11-16,154,3
9558,223,117,2024-07-03,40,4
9559,525,276,2025-11-03,80,3
9560,525,128,2025-11-03,158,4
9561,525,227,2025-11-03,110,4
9562,525,301,2025-11-04,118,5
9563,36,40,2025-11-20,141,1
9564,36,219,2025-11-20,88,5
9565,390,86,2024-08-27,70,1
9566,390,132,2024-08-27,124,5
9567,390,164,2024-08-27,162,4
9568,390,12,2024-08-27,128,5
9569,341,22,2025-06-27,109,1
9570,522,64,2024-09-06,158,3
9571,80,91,2025-06-09,77,5
9572,329,6,2025-07-22,123,5
9573,449,207,2025-09-08,120,3
9574,406,43,2024-12-27,71,3
9575,322,131,2024-09-28,93,4
9576,36,14,2024-01-27,109,4
9577,334,303,2025-12-13,15,2
9578,159,153,2024-09-30,28,4
9579,20,336,2025-06-08,33,2
9580,238,175,2025-02-10,54,5
9581,286,124,2025-05-13,125,2
9582,383,64,2024-03-10,161,4
9583,486,237,2025-04-25,41,3
9584,512,222,2024-10-12,38,3
9585,455,281,2024-06-06,147,4
9586,7,125,2024-02-08,81,4
9587,323,173,2025-12-06,112,2
9588,96,318,2024-11-12,77,4
9589,503,291,2025-09-14,69,5
9590,524,283,2024-04-22,152,5
9591,524,93,2024-04-22,113,4
9592,279,271,2024-10-02,81,2
9593,456,74,2025-04-13,87,4
9594,265,156,2024-03-08,67,4
9595,123,290,2025-07-01,102,4
9596,356,76,2025-06-23,66,2
9597,444,319,2024-03-16,163,1
9598,529,202,2025-05-25,54,4
9599,96,5,2024-04-29,126,4
9600,252,217,2024-01-16,71,2
9601,152,128,2024-03-25,131,3
9602,502,81,2025-01-23,49,2
9603,402,130,2024-12-18,19,2
9604,167,45,2025-11-19,109,3
9605,167,159,2025-11-19,111,4
9606,131,257,2025-03-17,136,3
9607,208,180,2024-05-23,17,2
9608,493,169,2025-04-04,59,3
9609,438,32,2025-08-17,53,4
9610,185,243,2024-05-15,25,4
9611,373,108,2025-09-28,108,4
9612,373,88,2025-09-28,35,2
9613,373,31,2025-09-28,126,3
9614,373,197,2025-09-28,64,2
9615,373,324,2025-09-28,118,3
9616,434,268,2024-07-21,28,3
9617,146,147,2024-02-29,153,3
9618,443,229,2024-04-09,102,5
9619,260,212,2024-07-12,111,5
9620,90,221,2024-04-30,119,2
9621,256,24,2025-08-06,92,3
9622,199,283,2024-05-07,18,4
9623,179,253,2024-08-31,89,5
9624,58,212,2024-08-02,132,3
9625,370,177,2025-03-28,108,3
9626,237,253,2024-11-16,72,4
9627,237,320,2024-11-16,106,2
9628,75,160,2024-04-17,138,4
9629,193,248,2025-10-10,71,4
9630,157,32,2025-11-17,119,5
9631,387,329,2024-11-01,45,4
9632,520,37,2025-05-08,117,5
9633,503,180,2025-11-07,86,5
9634,419,256,2024-01-23,125,4
9635,10,29,2025-07-14,73,5
9636,10,220,2025-07-14,29,4
9637,10,11,2025-07-14,153,5
9638,450,310,2024-03-29,27,3
9639,136,34,2025-09-03,133,5
9640,170,328,2024-07-04,93,5
9641,147,33,2024-03-13,44,5
9642,9,135,2025-07-31,136,4
9643,463,231,2024-08-29,129,3
9644,463,270,2024-08-29,158,2
9645,463,122,2024-08-29,68,2
9646,463,122,2024-08-29,44,5
9647,106,99,2024-05-12,126,5
9648,225,201,2024-11-26,48,5
9649,336,132,2024-09-22,50,5
9650,321,19,2025-11-18,139,3
9651,321,338,2025-11-19,117,4
9652,321,86,2025-11-19,106,5
9653,321,132,2025-11-19,90,5
9654,368,193,2025-07-02,126,4
9655,125,29,2024-08-20,121,3
9656,222,275,2024-05-02,101,5
9657,220,36,2025-05-16,100,3
9658,7,104,2024-02-07,165,5
9659,74,218,2024-03-22,69,1
9660,288,77,2025-10-04,122,5
9661,325,21,2025-07-01,19,3
9662,117,143,2024-10-02,156,5
9663,407,167,2025-05-18,116,5
9664,334,342,2025-09-24,90,5
9665,535,291,2024-11-03,89,5
9666,288,298,2025-03-30,116,2
9667,142,271,2024-05-25,126,5
9668,62,24,2025-05-11,154,4
9669,190,243,2024-09-26,74,5
9670,280,274,2025-10-11,98,1
9671,276,27,2025-11-12,124,4
9672,202,107,2025-05-11,164,5
9673,129,121,2025-01-26,29,4
9674,37,254,2024-08-14,32,1
9675,37,97,2024-08-14,31,1
9676,37,298,2024-08-14,60,2
9677,37,249,2024-08-14,118,2
9678,37,140,2024-08-14,60,4
9679,207,346,2024-01-05,38,4
9680,469,149,2025-01-31,28,4
9681,95,284,2025-05-15,148,5
9682,518,91,2025-12-14,111,2
9683,294,98,2025-11-05,38,3
9684,294,334,2025-11-05,63,4
9685,294,265,2025-11-05,156,3
9686,547,88,2025-04-12,156,3
9687,217,18,2024-08-29,142,4
9688,88,57,2024-02-02,114,5
9689,464,36,2024-02-21,158,3
9690,464,315,2024-02-21,85,4
9691,464,183,2024-02-21,141,3
9692,464,328,2024-02-21,107,4
9693,464,160,2024-02-21,81,4
9694,163,217,2025-01-04,163,1
9695,420,227,2024-02-01,78,3
9696,106,349,2025-12-13,164,4
9697,103,20,2025-11-22,46,3
9698,108,137,2024-05-05,95,1
9699,52,45,2025-02-13,147,1
9700,52,306,2025-02-13,76,4
9701,223,88,2025-02-07,118,2
9702,223,60,2025-02-08,115,3
9703,223,281,2025-02-08,44,3
9704,223,215,2025-02-08,67,5
9705,223,284,2025-02-08,53,1
9706,223,15,2025-02-08,112,2
9707,521,250,2025-10-24,150,5
9708,521,101,2025-10-24,142,4
9709,521,252,2025-10-24,69,5
9710,213,202,2024-05-08,74,4
9711,406,166,2024-02-17,150,3
9712,326,300,2025-08-12,108,4
9713,247,271,2024-09-02,79,1
9714,58,117,2024-11-19,45,5
9715,429,174,2025-04-14,135,4
9716,429,105,2025-04-14,48,1
9717,429,265,2025-04-14,72,5
9718,429,155,2025-04-14,150,1
9719,530,216,2025-06-30,15,2
9720,221,196,2025-06-29,130,2
9721,6,200,2025-03-07,93,5
9722,479,293,2024-02-18,142,3
9723,548,229,2025-06-07,119,5
9724,27,232,2025-12-25,28,3
9725,318,268,2025-06-09,23,3
9726,544,119,2025-09-18,135,4
9727,233,63,2025-01-13,148,5
9728,542,108,2024-08-07,24,3
9729,491,25,2024-02-06,159,4
9730,453,63,2025-07-26,126,4
9731,277,269,2024-07-25,19,4
9732,277,133,2024-07-25,138,5
9733,412,76,2024-09-22,90,5
9734,157,142,2024-11-10,116,3
9735,307,102,2025-09-18,21,3
9736,185,99,2025-01-14,65,1
9737,357,327,2025-12-12,154,3
9738,357,308,2025-12-12,39,4
9739,270,128,2024-01-10,39,3
9740,270,19,2024-01-10,89,3
9741,270,55,2024-01-10,112,1
9742,270,144,2024-01-11,135,2
9743,92,95,2024-10-31,64,5
9744,353,261,2025-06-21,114,4
9745,468,106,2025-05-25,68,2
9746,274,75,2025-07-30,114,5
9747,378,261,2025-10-27,133,3
9748,510,97,2024-09-16,142,5
9749,539,120,2024-06-22,117,1
9750,452,313,2024-03-02,85,4
9751,333,287,2025-10-23,69,2
9752,333,166,2025-10-23,59,1
9753,333,89,2025-10-23,104,3
9754,333,223,2025-10-23,51,2
9755,261,9,2025-01-22,159,5
9756,500,94,2025-07-20,17,2
9757,306,257,2025-07-28,63,3
9758,112,138,2024-01-13,99,1
9759,368,154,2025-10-04,104,2
9760,365,294,2025-11-17,83,3
9761,365,141,2025-11-17,164,5
9762,365,206,2025-11-17,113,1
9763,116,310,2025-02-12,45,5
9764,390,74,2025-04-06,128,5
9765,464,261,2025-01-23,69,5
9766,464,182,2025-01-23,116,4
9767,464,181,2025-01-23,156,2
9768,464,336,2025-01-24,143,5
9769,464,174,2025-01-24,94,3
9770,433,120,2025-01-18,69,3
9771,497,37,2025-06-18,151,5
9772,262,73,2024-11-14,149,5
9773,275,280,2024-11-15,144,4
9774,121,76,2025-12-04,52,4
9775,216,263,2025-05-10,155,4
9776,244,78,2024-02-14,163,3
9777,133,265,2024-10-11,135,5
9778,440,256,2024-01-13,157,5
9779,429,145,2024-07-30,123,5
9780,429,313,2024-07-30,61,4
9781,429,339,2024-07-30,145,1
9782,429,286,2024-07-30,152,3
9783,286,177,2024-04-30,21,2
9784,135,183,2024-03-06,25,3
9785,26,71,2024-12-08,57,1
9786,73,123,2025-05-31,98,5
9787,64,211,2025-12-17,153,5
9788,252,212,2025-12-20,118,4
9789,85,274,2025-10-17,125,5
9790,173,191,2024-02-09,104,5
9791,504,301,2025-01-13,89,4
9792,374,253,2025-09-23,142,4
9793,79,346,2024-05-24,120,5
9794,158,334,2024-12-23,72,1
9795,435,326,2025-04-29,154,2
9796,249,253,2025-03-31,136,2
9797,249,305,2025-03-31,64,4
9798,249,285,2025-04-01,78,3
9799,9,230,2025-01-03,36,5
9800,326,293,2025-01-23,115,4
9801,72,307,2025-04-14,28,4
9802,78,24,2025-12-11,96,5
9803,305,121,2025-12-29,133,5
9804,536,249,2024-04-01,21,4
9805,501,283,2025-01-06,122,5
9806,206,59,2025-08-16,133,4
9807,54,124,2024-08-24,78,3
9808,151,284,2024-12-02,121,5
9809,151,38,2024-12-02,74,4
9810,151,206,2024-12-02,43,1
9811,54,248,2025-06-26,141,4
9812,54,35,2025-06-26,151,4
9813,54,12,2025-06-26,162,4
9814,54,136,2025-06-26,124,1
9815,263,254,2024-01-04,42,1
9816,384,173,2025-05-28,135,5
9817,384,203,2025-05-28,78,5
9818,384,163,2025-05-28,63,3
9819,384,179,2025-05-29,162,4
9820,37,336,2024-07-22,151,5
9821,263,346,2024-08-04,78,4
9822,537,202,2025-04-10,95,2
9823,184,270,2025-10-21,86,5
9824,184,78,2025-10-21,123,5
9825,184,40,2025-10-21,120,2
9826,184,98,2025-10-21,149,5
9827,409,33,2024-10-08,99,5
9828,279,159,2024-06-18,72,4
9829,497,146,2025-06-29,143,3
9830,328,188,2025-09-16,77,4
9831,501,42,2025-03-22,98,5
9832,539,3,2024-04-27,59,5
9833,398,290,2024-07-31,75,5
9834,254,135,2024-11-27,161,3
9835,205,230,2025-12-17,59,4
9836,237,78,2024-02-17,165,2
9837,517,225,2024-07-30,61,3
9838,320,347,2025-02-03,106,5
9839,32,297,2024-12-26,164,5
9840,2,137,2025-10-22,67,3
9841,101,178,2024-11-05,42,4
9842,421,208,2025-01-08,34,4
9843,250,232,2024-11-05,99,4
9844,43,240,2024-09-11,65,4
9845,190,339,2025-03-11,49,4
9846,195,127,2025-10-03,159,5
9847,342,129,2025-02-06,33,2
9848,79,204,2024-07-17,70,5
9849,79,121,2024-07-17,46,4
9850,79,245,2024-07-17,79,5
9851,49,205,2025-07-25,76,5
9852,487,312,2024-12-05,106,2
9853,247,282,2024-06-23,72,5
9854,94,325,2025-01-10,109,3
9855,396,317,2024-08-22,93,5
9856,254,300,2024-04-29,67,4
9857,442,90,2024-06-29,34,1
9858,545,328,2024-08-27,44,3
9859,129,26,2025-11-01,25,3
9860,104,343,2025-09-30,97,1
9861,362,284,2024-04-21,74,4
9862,411,119,2024-04-02,49,5
9863,76,342,2024-03-06,104,4
9864,439,139,2024-04-27,102,3
9865,401,59,2024-01-07,131,2
9866,401,262,2024-01-07,79,3
9867,401,350,2024-01-07,143,1
9868,401,333,2024-01-07,131,5
9869,83,347,2025-02-02,151,4
9870,537,7,2024-08-26,99,5
9871,537,286,2024-08-26,79,5
9872,537,105,2024-08-26,135,5
9873,537,44,2024-08-26,34,1
9874,385,126,2025-02-27,82,5
9875,432,205,2024-03-04,162,5
9876,432,232,2024-03-04,31,1
9877,432,62,2024-03-04,20,4
9878,432,208,2024-03-04,134,4
9879,324,151,2025-04-29,115,4
9880,324,134,2025-04-30,24,2
9881,294,259,2025-08-29,42,3
9882,107,209,2025-06-30,112,4
9883,119,208,2024-08-06,23,1
9884,287,251,2025-01-13,66,4
9885,439,227,2025-06-30,137,4
9886,183,204,2024-12-21,38,4
9887,63,227,2025-11-21,128,3
9888,107,227,2024-04-27,22,4
9889,107,194,2024-04-27,77,5
9890,107,23,2024-04-28,82,5
9891,107,33,2024-04-28,155,5
9892,107,257,2024-04-28,90,2
9893,307,67,2024-10-26,126,1
9894,179,254,2025-07-23,95,4
9895,378,84,2025-11-28,165,2
9896,133,256,2025-11-03,136,1
9897,13,179,2024-09-15,109,2
9898,426,346,2025-10-29,165,5
9899,105,325,2024-09-08,100,3
9900,505,157,2024-12-24,73,4
9901,505,240,2024-12-24,159,4
9902,506,59,2025-10-18,120,4
9903,383,56,2024-10-17,161,5
9904,252,212,2025-07-24,100,3
9905,60,69,2025-10-06,85,2
9906,241,327,2024-03-16,50,4
9907,182,109,2025-04-30,138,4
9908,70,150,2025-03-12,100,4
9909,70,38,2025-03-12,114,2
9910,244,311,2024-04-09,153,4
9911,487,102,2024-05-10,47,4
9912,487,137,2024-05-10,83,5
9913,487,212,2024-05-10,122,3
9914,394,146,2024-03-24,100,5
9915,117,91,2025-08-26,81,3
9916,39,217,2025-04-22,162,2
9917,437,317,2024-12-12,58,4
9918,354,325,2024-08-10,75,5
9919,224,213,2024-11-22,139,5
9920,498,98,2025-09-07,25,2
9921,343,332,2025-09-19,74,5
9922,134,182,2024-10-02,45,3
9923,496,273,2025-08-26,46,4
9924,118,107,2025-08-11,69,1
9925,373,55,2025-07-25,104,5
9926,153,266,2024-07-08,112,4
9927,139,117,2025-10-08,120,3
9928,139,220,2025-10-09,150,5
9929,105,267,2025-03-31,17,1
9930,134,303,2025-12-22,127,5
9931,134,149,2025-12-22,153,4
9932,106,225,2025-04-25,76,3
9933,106,139,2025-04-25,36,1
9934,106,48,2025-04-26,158,3
9935,106,340,2025-04-26,43,5
9936,106,45,2025-04-26,147,5
9937,243,213,2024-01-29,105,3
9938,243,70,2024-01-29,56,4
9939,243,64,2024-01-29,163,3
9940,243,165,2024-01-30,83,3
9941,259,39,2025-12-27,140,4
9942,293,299,2024-05-13,35,1
9943,120,189,2025-08-26,136,1
9944,313,209,2025-05-27,160,5
9945,401,189,2025-07-20,157,5
9946,314,3,2025-08-20,153,1
9947,193,90,2025-03-02,113,5
9948,388,10,2024-07-12,40,5
9949,388,68,2024-07-12,145,5
9950,482,116,2025-07-03,149,5
9951,542,300,2025-01-12,96,5
9952,87,165,2025-10-08,97,1
9953,106,95,2024-12-01,141,4
9954,106,326,2024-12-01,19,3
9955,106,193,2024-12-01,60,1
9956,106,253,2024-12-01,104,4
9957,388,195,2025-03-27,99,5
9958,188,134,2024-09-08,127,3
9959,53,166,2025-03-25,68,5
9960,189,134,2025-04-19,108,3
9961,189,268,2025-04-19,84,5
9962,189,213,2025-04-19,65,3
9963,329,295,2025-06-12,45,5
9964,283,282,2024-12-13,48,5
9965,227,255,2025-12-26,158,4
9966,281,182,2025-11-05,114,3
9967,8,59,2024-03-04,73,4
9968,344,97,2025-08-24,143,1
9969,42,49,2025-05-04,34,1
9970,250,165,2025-10-08,96,5
9971,430,284,2025-07-25,88,4
9972,279,98,2025-12-17,79,5
9973,365,134,2025-11-04,110,2
9974,84,154,2025-11-25,28,4
9975,443,49,2025-02-22,131,3
9976,174,213,2024-04-12,98,5
9977,218,296,2024-02-11,146,5
9978,355,127,2024-01-20,141,3
9979,510,139,2025-12-15,141,4
9980,424,23,2025-05-08,76,2
9981,313,298,2025-07-08,94,5
9982,484,293,2025-02-13,129,5
9983,364,59,2024-04-19,19,4
9984,256,343,2024-03-02,121,5
9985,142,295,2024-05-18,121,5
9986,142,326,2024-05-18,87,4
9987,142,348,2024-05-18,142,4
9988,142,6,2024-05-18,20,1
9989,265,153,2025-08-26,109,4
9990,412,182,2025-01-31,141,3
9991,20,151,2025-06-02,165,3
9992,207,322,2024-12-29,76,4
9993,349,240,2024-11-22,151,5
9994,103,29,2024-02-05,127,1
9995,427,218,2025-04-14,63,3
9996,312,49,2025-05-15,72,3
9997,48,7,2024-11-18,156,2
9998,28,236,2025-01-21,163,4
9999,45,249,2024-08-04,83,4
10000,56,247,2025-05-05,83,5
10001,56,196,2025-05-05,165,4
10002,56,252,2025-05-05,115,2
10003,476,19,2025-01-05,154,4
10004,363,98,2025-07-13,115,3
10005,155,139,2025-08-17,136,5
10006,307,39,2024-10-12,62,5
10007,307,176,2024-10-12,131,4
10008,504,71,2024-10-13,143,3
10009,211,117,2025-01-01,131,2
10010,495,329,2025-04-04,41,4
10011,495,24,2025-04-04,155,4
10012,495,342,2025-04-04,127,5
10013,495,58,2025-04-04,117,3
10014,78,127,2024-12-22,107,2
10015,114,161,2025-03-31,105,4
10016,159,40,2025-08-09,133,3
10017,366,152,2024-06-18,98,1
10018,178,253,2024-02-08,21,4
10019,358,43,2025-07-14,33,4
10020,441,265,2024-02-24,97,4
10021,19,222,2025-06-09,95,3
10022,342,108,2024-02-23,74,2
10023,342,105,2024-02-23,94,3
10024,340,76,2024-06-05,68,5
10025,267,162,2025-08-27,103,4
10026,185,157,2025-08-23,54,1
10027,497,236,2025-11-02,115,2
10028,235,166,2025-06-23,84,5
10029,336,34,2025-12-24,128,5
10030,230,33,2025-09-18,90,5
10031,348,254,2025-10-28,143,4
10032,455,259,2024-10-17,55,1
10033,134,301,2025-04-18,75,5
10034,199,78,2025-07-16,111,3
10035,319,213,2025-05-09,164,4
10036,542,199,2024-05-26,36,3
10037,211,139,2025-12-09,165,4
10038,356,160,2025-09-06,97,2
10039,542,91,2024-02-07,43,3
10040,542,284,2024-02-07,15,4
10041,92,105,2024-05-22,148,5
10042,92,182,2024-05-22,127,3
10043,166,191,2025-02-19,39,3
10044,90,228,2024-08-20,130,1
10045,36,124,2025-05-27,52,5
10046,499,50,2024-04-21,47,4
10047,239,198,2025-11-19,96,5
10048,239,317,2025-11-19,93,3
10049,239,65,2025-11-19,164,3
10050,247,251,2025-09-07,81,2
10051,276,122,2024-04-10,162,3
10052,375,126,2025-02-11,135,1
10053,326,233,2024-08-31,50,1
10054,287,55,2025-12-09,15,4
10055,120,209,2025-01-18,127,3
10056,278,323,2025-10-06,20,4
10057,478,3,2024-08-09,160,3
10058,164,117,2024-10-01,36,3
10059,164,293,2024-10-01,156,4
10060,164,214,2024-10-01,151,5
10061,12,313,2025-11-10,151,3
10062,93,93,2025-05-04,105,5
10063,227,154,2025-04-20,125,3
10064,500,53,2024-11-19,24,4
10065,517,257,2024-01-21,148,1
10066,419,226,2025-11-12,152,3
10067,346,179,2025-01-09,43,4
10068,337,170,2025-06-11,152,5
10069,464,13,2025-09-19,125,3
10070,169,148,2025-01-17,18,1
10071,169,91,2025-01-17,64,4
10072,169,300,2025-01-17,101,3
10073,169,103,2025-01-17,109,4
10074,345,220,2024-09-18,71,2
10075,57,11,2024-04-06,148,2
10076,485,165,2024-03-05,162,3
10077,485,173,2024-03-05,66,1
10078,485,256,2024-03-05,109,3
10079,485,164,2024-03-05,15,3
10080,485,176,2024-03-05,163,3
10081,212,81,2024-09-24,93,4
10082,212,243,2024-09-24,82,1
10083,212,190,2024-09-24,110,1
10084,212,6,2024-09-24,117,5
10085,222,161,2024-08-16,77,5
10086,222,316,2024-08-16,53,5
10087,177,229,2025-06-04,160,1
10088,6,10,2024-06-26,126,3
10089,481,169,2024-11-10,124,5
10090,150,327,2025-05-07,36,5
10091,93,340,2024-05-07,71,2
10092,378,254,2025-04-14,85,5
10093,359,231,2025-01-19,109,4
10094,261,215,2025-07-26,139,2
10095,261,163,2025-07-26,59,3
10096,261,61,2025-07-26,78,5
10097,241,146,2024-07-21,73,5
10098,110,99,2025-06-26,130,3
10099,409,196,2025-05-11,96,2
10100,133,123,2024-04-15,104,4
10101,281,76,2024-10-27,79,5
10102,127,139,2025-01-22,160,2
10103,101,257,2024-07-14,28,2
10104,101,220,2024-07-14,45,4
10105,101,146,2024-07-15,161,5
10106,101,218,2024-07-15,41,4
10107,263,59,2024-06-12,143,2
10108,37,233,2024-03-27,17,3
10109,37,61,2024-03-27,63,1
10110,37,124,2024-03-27,156,5
10111,37,227,2024-03-27,30,2
10112,37,39,2024-03-27,163,1
10113,53,220,2025-06-27,92,5
10114,53,166,2025-06-27,78,3
10115,131,152,2024-05-16,139,1
10116,490,186,2024-02-24,74,3
10117,453,306,2025-07-18,92,1
10118,286,329,2024-12-18,120,3
10119,519,306,2025-07-15,99,1
10120,463,94,2024-04-09,21,4
10121,341,102,2025-01-17,151,5
10122,341,111,2025-01-17,34,1
10123,174,346,2025-03-14,141,5
10124,174,287,2025-03-14,117,5
10125,174,271,2025-03-14,43,4
10126,174,160,2025-03-14,133,3
10127,274,325,2024-08-06,136,1
10128,438,180,2025-11-29,24,4
10129,488,55,2024-02-10,131,5
10130,239,270,2025-07-21,72,5
10131,55,4,2025-11-03,93,4
10132,55,97,2025-11-03,86,5
10133,55,103,2025-11-03,124,4
10134,339,192,2025-12-05,114,4
10135,527,114,2025-04-01,60,4
10136,295,212,2024-01-15,130,4
10137,359,258,2025-03-30,161,4
10138,164,278,2024-03-11,147,3
10139,525,165,2025-01-15,48,5
10140,181,230,2024-12-20,32,4
10141,391,128,2024-04-18,70,2
10142,169,349,2025-08-31,93,4
10143,169,265,2025-08-31,24,1
10144,169,153,2025-09-01,104,4
10145,169,198,2025-09-01,33,4
10146,109,102,2024-04-26,153,5
10147,301,253,2025-10-11,115,5
10148,301,238,2025-10-11,67,5
10149,301,230,2025-10-11,59,5
10150,366,129,2025-04-28,49,5
10151,109,17,2024-06-19,23,2
10152,367,300,2025-11-16,99,5
10153,367,338,2025-11-16,124,2
10154,367,262,2025-11-16,41,5
10155,329,110,2025-09-05,102,1
10156,33,254,2024-12-08,99,5
10157,261,92,2024-06-18,150,2
10158,261,345,2024-06-18,94,4
10159,261,304,2024-06-18,127,4
10160,261,140,2024-06-18,97,4
10161,261,108,2024-06-18,125,5
10162,261,115,2024-06-18,119,5
10163,125,3,2025-10-02,134,5
10164,59,182,2025-07-23,85,1
10165,448,260,2025-12-21,115,2
10166,169,117,2025-11-15,112,5
10167,335,46,2025-10-02,55,2
10168,16,322,2024-08-15,107,5
10169,212,207,2025-12-20,151,3
10170,212,182,2025-12-20,53,3
10171,212,330,2025-12-20,63,5
10172,514,251,2025-10-09,55,5
10173,407,46,2025-05-15,152,1
10174,274,198,2025-10-01,115,2
10175,405,294,2024-05-23,68,5
10176,405,150,2024-05-23,162,3
10177,70,314,2025-01-08,148,4
10178,197,76,2024-10-06,29,2
10179,325,73,2025-12-22,154,4
10180,283,308,2025-09-03,140,5
10181,283,271,2025-09-03,157,4
10182,283,67,2025-09-03,94,3
10183,283,37,2025-09-03,49,4
10184,198,13,2024-06-16,102,3
10185,541,63,2025-07-26,105,5
10186,505,92,2024-03-16,58,4
10187,505,337,2024-03-16,165,1
10188,505,105,2024-03-16,33,3
10189,505,294,2024-03-16,140,5
10190,19,120,2024-06-26,102,4
10191,19,261,2024-06-26,41,4
10192,19,68,2024-06-26,91,5
10193,19,47,2024-06-26,82,1
10194,19,129,2024-06-26,52,5
10195,19,173,2024-06-27,103,4
10196,306,195,2024-04-22,21,1
10197,545,217,2024-02-14,16,2
10198,262,200,2025-07-01,160,1
10199,364,238,2024-02-06,141,4
10200,312,320,2025-02-14,28,1
10201,312,122,2025-02-14,153,4
10202,312,227,2025-02-14,98,2
10203,312,304,2025-02-14,78,5
10204,5,137,2025-02-14,122,5
10205,5,161,2025-02-14,86,1
10206,9,199,2024-10-27,72,4
10207,102,61,2025-05-01,129,3
10208,247,85,2025-07-08,145,5
10209,473,180,2024-07-12,81,5
10210,444,101,2024-01-17,85,3
10211,444,270,2024-01-17,144,5
10212,444,141,2024-01-17,122,3
10213,139,147,2025-06-25,109,1
10214,225,342,2025-11-22,95,4
10215,225,345,2025-11-22,38,3
10216,225,339,2025-11-22,19,4
10217,225,293,2025-11-22,90,5
10218,538,212,2025-08-13,133,1
10219,122,334,2025-01-08,157,5
10220,429,39,2025-04-30,71,2
10221,72,24,2025-09-27,130,3
10222,72,224,2025-09-27,31,4
10223,61,52,2025-02-03,82,5
10224,428,252,2024-08-11,82,3
10225,214,215,2025-05-01,144,4
10226,516,155,2025-01-15,87,3
10227,65,267,2025-01-18,64,3
10228,475,204,2024-10-17,18,1
10229,283,14,2025-08-26,129,5
10230,170,134,2024-05-22,129,5
10231,90,21,2024-10-22,146,3
10232,17,78,2025-01-28,150,4
10233,167,38,2024-08-30,91,4
10234,102,302,2024-06-15,155,4
10235,520,33,2024-01-24,150,2
10236,213,288,2025-09-22,133,5
10237,213,59,2025-09-23,43,4
10238,213,8,2025-09-23,20,2
10239,22,65,2024-07-19,148,4
10240,22,306,2024-07-19,97,3
10241,22,160,2024-07-19,54,5
10242,459,273,2024-05-06,61,4
10243,459,320,2024-05-06,155,5
10244,459,219,2024-05-07,163,2
10245,459,258,2024-05-07,136,4
10246,163,272,2024-02-18,136,1
10247,159,312,2025-04-21,88,5
10248,528,344,2025-05-30,27,4
10249,493,323,2025-07-06,116,3
10250,499,51,2025-01-16,70,3
10251,408,58,2025-10-21,152,4
10252,408,330,2025-10-22,76,4
10253,408,323,2025-10-22,133,3
10254,408,41,2025-10-22,133,4
10255,91,169,2024-06-06,99,5
10256,334,303,2025-04-04,152,4
10257,275,170,2025-05-22,112,3
10258,231,345,2025-01-13,129,5
10259,247,270,2024-01-30,95,2
10260,363,108,2025-06-13,53,4
10261,465,284,2024-07-03,113,4
10262,548,4,2024-11-01,47,5
10263,66,203,2025-04-22,24,3
10264,66,167,2025-04-22,111,4
10265,66,154,2025-04-22,72,4
10266,66,232,2025-04-22,48,4
10267,450,217,2025-10-10,142,4
10268,216,346,2024-04-18,164,4
10269,251,298,2024-01-10,115,1
10270,214,224,2024-08-26,33,4
10271,530,259,2025-12-02,165,4
10272,530,72,2025-12-02,36,4
10273,530,15,2025-12-02,42,3
10274,341,206,2024-04-14,71,4
10275,328,261,2024-03-03,105,2
10276,311,60,2025-01-12,104,5
10277,17,45,2025-04-20,153,4
10278,4,238,2024-06-06,19,2
10279,176,342,2024-08-26,116,5
10280,375,278,2025-06-02,137,4
10281,477,223,2025-08-29,40,4
10282,131,323,2025-06-29,155,4
10283,131,252,2025-06-29,82,4
10284,276,329,2024-10-07,163,3
10285,276,107,2024-10-08,117,5
10286,146,276,2024-12-02,125,4
10287,146,122,2024-12-02,123,2
10288,126,220,2025-01-10,152,2
10289,154,150,2025-09-13,118,1
10290,154,208,2025-09-13,157,4
10291,109,320,2024-12-15,76,1
10292,505,82,2024-01-19,25,2
10293,525,40,2024-03-29,164,2
10294,320,321,2024-04-26,129,2
10295,320,141,2024-04-26,48,2
10296,320,13,2024-04-26,25,4
10297,516,30,2024-08-12,102,3
10298,70,117,2025-06-18,47,5
10299,402,2,2025-08-30,70,5
10300,537,253,2025-08-18,155,5
10301,537,31,2025-08-18,129,2
10302,537,68,2025-08-18,130,5
10303,537,165,2025-08-18,140,3
10304,58,335,2024-09-20,26,3
10305,89,155,2024-06-01,121,3
10306,474,117,2024-07-04,48,2
10307,529,2,2024-10-29,54,5
10308,529,136,2024-10-29,110,2
10309,529,145,2024-10-29,22,1
10310,229,122,2025-06-25,56,5
10311,260,172,2025-03-17,120,4
10312,167,306,2024-01-26,23,4
10313,440,86,2025-07-01,71,5
10314,440,24,2025-07-01,88,2
10315,440,65,2025-07-01,106,1
10316,440,153,2025-07-01,31,4
10317,288,262,2025-08-15,118,3
10318,383,14,2025-10-28,153,5
10319,383,94,2025-10-28,157,5
10320,68,344,2025-07-29,144,1
10321,117,154,2024-06-30,87,4
10322,117,23,2024-06-30,66,2
10323,306,101,2024-07-12,69,4
10324,510,163,2025-09-11,165,1
10325,510,247,2025-09-11,73,3
10326,510,230,2025-09-11,143,4
10327,510,193,2025-09-12,39,4
10328,510,216,2025-09-12,139,1
10329,510,95,2024-12-06,128,4
10330,6,164,2025-07-26,135,1
10331,131,93,2024-09-18,50,1
10332,521,232,2025-01-03,132,5
10333,137,243,2024-09-21,157,5
10334,527,121,2024-08-08,123,4
10335,503,270,2024-09-15,106,3
10336,86,177,2024-12-06,60,5
10337,478,179,2025-02-22,132,4
10338,338,273,2025-06-16,92,5
10339,482,40,2025-03-15,146,3
10340,427,60,2024-12-05,27,3
10341,321,1,2025-12-27,53,3
10342,29,348,2024-07-28,90,4
10343,31,80,2025-05-24,103,5
10344,65,184,2025-03-12,17,4
10345,65,26,2025-03-12,107,2
10346,65,76,2025-03-12,26,4
10347,65,247,2025-03-12,86,5
10348,282,222,2024-10-20,73,2
10349,282,292,2024-10-21,29,1
10350,282,343,2024-10-21,111,4
10351,282,202,2024-10-21,53,3
10352,409,124,2025-03-11,28,1
10353,409,122,2025-03-12,21,3
10354,409,97,2025-03-12,142,3
10355,409,341,2025-03-12,101,3
10356,519,264,2025-07-16,26,4
10357,275,244,2025-09-06,113,4
10358,530,261,2024-07-10,93,5
10359,154,260,2024-12-22,85,3
10360,508,250,2025-12-11,115,3
10361,544,150,2024-05-31,79,2
10362,412,73,2025-07-25,115,2
10363,369,291,2024-09-07,133,2
10364,369,211,2024-09-07,74,3
10365,369,257,2024-09-07,52,4
10366,369,335,2024-09-07,120,4
10367,42,103,2024-06-03,25,4
10368,38,324,2025-01-15,141,5
10369,269,201,2025-07-16,138,5
10370,19,273,2025-03-08,124,5
10371,443,170,2025-08-05,161,2
10372,167,21,2024-06-13,151,3
10373,167,104,2024-06-14,163,5
10374,238,294,2025-01-14,154,5
10375,440,230,2025-04-27,133,2
10376,542,346,2025-06-25,128,4
10377,542,160,2025-06-25,137,2
10378,542,202,2025-06-25,116,5
10379,542,276,2025-06-25,102,5
10380,347,264,2025-11-20,162,2
10381,51,289,2025-04-27,47,1
10382,291,329,2024-05-17,125,5
10383,9,108,2025-11-27,114,3
10384,9,154,2025-11-27,136,1
10385,9,267,2025-11-27,23,3
10386,280,275,2024-08-26,162,2
10387,314,341,2025-05-22,57,4
10388,314,233,2025-05-22,131,4
10389,314,308,2025-05-23,145,3
10390,314,82,2025-05-23,124,5
10391,217,28,2025-04-25,57,1
10392,217,341,2025-04-25,42,3
10393,217,337,2025-04-25,84,4
10394,217,160,2025-04-25,83,3
10395,193,16,2024-04-27,101,2
10396,193,142,2024-04-27,75,2
10397,193,20,2024-04-28,141,1
10398,193,145,2024-04-28,50,5
10399,193,4,2024-04-28,119,3
10400,193,231,2024-04-28,146,4
10401,242,304,2024-04-14,92,4
10402,410,268,2024-09-06,144,3
10403,325,186,2024-10-28,19,2
10404,209,139,2024-12-31,147,3
10405,346,230,2025-01-08,165,5
10406,327,101,2025-04-28,95,2
10407,348,259,2024-01-02,71,2
10408,313,301,2025-08-12,150,4
10409,32,201,2024-04-14,100,4
10410,282,50,2025-04-17,87,2
10411,420,259,2025-07-25,146,4
10412,76,99,2024-09-26,102,5
10413,33,200,2024-10-19,60,5
10414,33,65,2024-10-19,72,5
10415,94,322,2024-10-18,61,1
10416,258,121,2024-11-13,161,3
10417,526,122,2025-04-18,138,5
10418,10,260,2025-03-10,165,4
10419,10,336,2025-03-10,156,4
10420,199,249,2025-03-02,64,5
10421,270,32,2024-10-25,48,3
10422,411,322,2025-12-29,76,4
10423,411,39,2025-12-29,110,1
10424,411,16,2025-12-30,43,3
10425,411,324,2025-12-30,125,5
10426,275,274,2025-11-25,105,5
10427,233,345,2025-07-10,96,5
10428,74,8,2025-07-19,89,4
10429,227,255,2025-01-15,100,4
10430,227,189,2025-01-15,95,3
10431,227,285,2025-01-15,26,3
10432,227,230,2025-01-15,65,5
10433,264,39,2024-07-30,93,2
10434,495,164,2024-05-03,45,2
10435,495,350,2024-05-04,152,2
10436,495,74,2024-05-04,161,4
10437,495,337,2024-05-04,105,5
10438,376,217,2024-06-14,99,5
10439,10,91,2024-03-18,128,1
10440,458,329,2025-06-13,74,2
10441,94,117,2025-08-02,69,5
10442,205,68,2025-11-11,149,3
10443,360,146,2025-05-07,146,5
10444,176,66,2025-07-10,126,5
10445,79,28,2025-09-16,22,2
10446,27,327,2024-12-04,75,3
10447,527,10,2025-08-18,91,1
10448,248,51,2025-04-06,122,4
10449,352,219,2024-03-07,161,2
10450,352,78,2024-03-07,127,5
10451,352,332,2024-03-07,96,5
10452,479,166,2025-11-12,146,4
10453,433,134,2025-10-22,73,2
10454,433,237,2025-10-22,92,5
10455,433,334,2025-10-22,73,3
10456,144,189,2025-03-17,105,5
10457,468,141,2024-11-30,137,5
10458,468,322,2024-12-01,87,2
10459,468,127,2024-12-01,109,3
10460,468,33,2024-12-01,20,4
10461,328,122,2024-04-02,75,2
10462,460,309,2024-03-13,34,4
10463,85,165,2025-09-30,141,3
10464,292,226,2024-08-30,83,1
10465,441,143,2025-10-02,86,5
10466,184,193,2025-07-01,157,5
10467,61,1,2024-01-20,105,5
10468,522,184,2025-10-14,51,5
10469,522,253,2025-10-14,97,4
10470,53,306,2024-08-18,98,5
10471,53,28,2024-08-18,84,5
10472,132,214,2024-08-22,149,5
10473,323,136,2025-11-24,126,5
10474,323,291,2025-11-24,63,5
10475,323,263,2025-11-24,162,3
10476,323,182,2025-11-24,130,5
10477,479,194,2024-12-23,31,4
10478,220,83,2025-12-30,133,4
10479,429,208,2025-11-14,96,5
10480,350,82,2024-04-18,141,5
10481,350,168,2024-04-19,69,5
10482,350,90,2024-04-19,75,5
10483,350,76,2024-04-19,154,5
10484,391,344,2024-01-26,110,5
10485,297,56,2025-03-30,135,4
10486,75,24,2025-12-20,130,5
10487,439,39,2025-03-20,33,2
10488,183,238,2024-09-20,121,2
10489,169,129,2025-09-08,19,3
10490,233,17,2024-10-01,163,4
10491,484,337,2024-07-27,156,4
10492,23,338,2024-03-10,131,3
10493,214,290,2024-02-01,83,2
10494,428,188,2025-01-20,130,3
10495,303,31,2024-08-10,127,2
10496,109,77,2025-08-23,125,5
10497,85,1,2025-04-15,127,4
10498,266,291,2024-03-04,82,1
10499,173,179,2025-04-05,118,2
10500,177,42,2024-02-05,144,5
10501,367,276,2025-06-21,59,3
10502,147,126,2024-07-30,102,4
10503,435,15,2024-05-28,89,1
10504,395,253,2024-03-05,127,1
10505,259,36,2025-03-21,51,4
10506,400,134,2024-01-01,107,4
10507,15,247,2025-05-07,144,5
10508,217,229,2025-09-14,120,3
10509,336,345,2024-04-13,37,5
10510,461,224,2025-10-18,98,2
10511,378,195,2024-02-20,93,5
10512,274,318,2024-03-20,155,3
10513,191,281,2025-06-15,159,5
10514,308,169,2024-01-19,118,5
10515,308,146,2024-01-20,124,5
10516,119,202,2024-03-15,17,4
10517,135,77,2025-12-14,161,5
10518,394,327,2024-09-28,102,3
10519,394,252,2024-09-29,107,4
10520,394,136,2024-09-29,115,4
10521,357,211,2025-01-24,149,4
10522,357,237,2025-01-24,31,3
10523,253,91,2024-04-28,146,4
10524,152,292,2025-02-10,71,2
10525,303,115,2024-11-11,102,5
10526,440,196,2024-06-14,32,4
10527,48,80,2024-03-18,64,2
10528,48,108,2024-03-18,137,3
10529,48,181,2024-03-18,155,5
10530,48,87,2024-03-18,137,4
10531,48,176,2024-03-18,89,3
10532,48,295,2024-03-19,147,5
10533,193,164,2025-12-02,26,3
10534,193,214,2025-12-02,86,4
10535,193,314,2025-12-02,40,1
10536,193,132,2025-12-02,66,4
10537,454,67,2024-05-18,54,1
10538,476,348,2025-10-16,27,4
10539,476,141,2025-10-16,141,2
10540,476,123,2025-10-16,131,4
10541,94,97,2024-02-21,131,4
10542,94,310,2024-02-21,34,4
10543,94,243,2024-02-21,159,4
10544,94,145,2024-02-21,138,3
10545,94,14,2024-02-22,129,2
10546,309,173,2025-06-16,52,5
10547,508,189,2025-01-01,76,4
10548,508,205,2025-01-01,162,5
10549,508,311,2025-01-02,57,1
10550,508,130,2025-01-02,126,4
10551,279,12,2024-10-06,51,5
10552,54,36,2025-09-07,78,3
10553,526,28,2025-03-19,129,5
10554,108,150,2025-06-03,146,5
10555,136,121,2024-05-05,155,4
10556,136,303,2024-05-05,165,1
10557,253,146,2025-05-04,106,1
10558,253,29,2025-05-04,91,4
10559,281,140,2024-05-12,102,3
10560,281,273,2024-05-13,128,5
10561,281,315,2024-05-13,124,1
10562,281,166,2024-05-13,127,5
10563,354,111,2025-05-23,110,5
10564,74,329,2025-11-01,31,3
10565,266,23,2024-06-30,153,5
10566,496,342,2024-04-09,43,4
10567,426,277,2024-08-13,114,4
10568,446,346,2025-07-27,120,4
10569,474,62,2024-05-14,36,5
10570,230,196,2025-07-21,77,3
10571,20,165,2025-03-30,126,4
10572,59,275,2024-03-24,95,3
10573,319,304,2024-02-10,29,4
10574,358,305,2024-11-28,120,5
10575,198,40,2025-08-11,135,4
10576,499,2,2025-02-23,28,1
10577,480,318,2024-02-14,98,4
10578,275,66,2025-07-17,136,3
10579,479,255,2025-07-18,150,3
10580,372,80,2025-02-11,85,4
10581,398,226,2024-09-23,102,3
10582,347,302,2025-01-19,114,4
10583,347,116,2025-01-19,125,3
10584,347,201,2025-01-19,58,5
10585,442,223,2024-05-13,131,1
10586,442,23,2024-05-13,45,4
10587,442,136,2024-05-14,93,4
10588,442,48,2024-05-14,156,5
10589,246,264,2024-06-14,80,5
10590,158,127,2024-01-06,125,5
10591,521,142,2025-10-29,91,2
10592,521,13,2025-10-29,152,5
10593,521,316,2025-10-29,47,5
10594,521,160,2025-10-29,161,4
10595,488,291,2024-07-19,25,2
10596,488,11,2024-07-19,73,2
10597,483,53,2024-09-01,153,4
10598,97,79,2024-09-06,161,3
10599,284,247,2024-06-06,108,2
10600,481,58,2024-04-22,46,3
10601,190,286,2025-07-02,160,2
10602,459,287,2024-04-08,134,4
10603,305,56,2025-02-23,104,2
10604,521,311,2024-05-30,124,4
10605,501,258,2025-12-16,90,5
10606,528,262,2024-03-30,161,3
10607,156,213,2025-04-09,98,3
10608,14,278,2025-05-03,73,5
10609,195,122,2025-03-27,107,2
10610,516,297,2025-06-20,107,4
10611,207,278,2025-11-28,75,5
10612,501,156,2024-01-10,96,3
10613,194,16,2024-01-14,164,5
10614,388,46,2024-03-19,142,1
10615,174,263,2025-07-27,80,5
10616,256,108,2025-06-05,158,4
10617,419,85,2024-06-01,126,4
10618,353,203,2025-07-08,163,5
10619,520,145,2024-08-30,113,4
10620,142,329,2025-04-10,140,3
10621,142,322,2025-04-10,66,4
10622,142,122,2025-04-10,136,4
10623,142,172,2025-04-11,85,5
10624,142,322,2025-04-11,85,4
10625,523,295,2025-07-26,63,1
10626,523,32,2025-07-26,20,3
10627,523,122,2025-07-26,87,3
10628,547,38,2024-07-28,57,1
10629,369,99,2025-05-16,47,5
10630,102,127,2024-02-11,64,5
10631,180,94,2024-07-22,85,3
10632,170,63,2025-12-25,110,2
10633,255,287,2024-04-16,96,3
10634,264,291,2025-12-26,106,4
10635,114,28,2024-11-13,127,4
10636,338,319,2024-10-28,52,3
10637,175,32,2024-02-27,143,3
10638,424,279,2025-07-14,123,3
10639,196,13,2024-03-09,90,5
10640,196,224,2024-03-09,141,5
10641,196,28,2024-03-09,24,3
10642,196,348,2024-03-09,131,2
10643,425,237,2024-09-08,132,1
10644,425,201,2024-09-08,133,4
10645,425,68,2024-09-08,66,5
10646,444,309,2024-03-09,118,3
10647,444,28,2024-03-09,97,5
10648,444,349,2024-03-10,121,3
10649,237,242,2025-03-19,90,1
10650,177,57,2025-07-22,98,5
10651,96,273,2024-01-12,73,4
10652,29,248,2025-02-20,90,4
10653,474,254,2025-10-18,64,5
10654,314,12,2025-05-16,123,3
10655,501,134,2025-02-17,146,5
10656,315,323,2024-01-16,46,4
10657,84,130,2025-04-14,162,3
10658,456,117,2024-07-29,160,3
10659,307,265,2024-07-06,95,2
10660,307,105,2024-07-06,137,5
10661,307,77,2024-07-06,66,4
10662,307,336,2024-07-06,75,3
10663,70,273,2024-08-12,98,5
10664,81,302,2025-05-01,145,4
10665,122,301,2025-12-09,123,3
10666,382,160,2024-10-26,38,4
10667,490,104,2024-01-24,76,3
10668,386,273,2024-12-19,67,3
10669,157,305,2024-07-05,135,5
10670,54,252,2025-10-19,94,5
10671,53,106,2024-11-20,96,4
10672,136,16,2024-10-26,31,3
10673,410,126,2025-10-31,73,4
10674,476,30,2024-08-22,91,3
10675,225,212,2024-04-28,38,3
10676,355,249,2024-11-26,133,4
10677,448,295,2025-05-27,71,1
10678,9,157,2024-05-08,48,2
10679,406,22,2025-07-11,136,5
10680,62,253,2025-08-03,129,2
10681,156,155,2025-02-22,75,4
10682,105,17,2024-08-15,38,5
10683,193,292,2025-10-24,88,3
10684,526,47,2025-12-02,130,4
10685,392,269,2025-09-18,158,5
10686,104,177,2025-08-22,148,2
10687,463,13,2025-07-29,160,4
10688,228,264,2024-02-22,151,2
10689,66,266,2024-11-29,78,1
10690,497,170,2024-12-08,73,4
10691,9,56,2024-09-12,91,3
10692,9,288,2024-09-12,134,4
10693,9,52,2024-09-12,36,4
10694,9,154,2024-09-12,27,4
10695,541,37,2025-12-20,159,5
10696,443,266,2025-05-18,162,5
10697,504,254,2025-09-25,35,3
10698,318,251,2025-10-01,145,1
10699,368,157,2024-12-23,146,2
10700,206,310,2024-05-15,79,3
10701,231,236,2025-10-29,81,5
10702,231,76,2025-10-29,133,4
10703,231,205,2025-10-29,24,4
10704,24,39,2025-01-18,115,5
10705,190,285,2024-08-04,91,4
10706,34,260,2024-11-11,149,3
10707,40,144,2024-03-13,144,5
10708,263,322,2025-10-01,55,5
10709,217,243,2024-04-08,43,4
10710,204,8,2024-07-04,77,3
10711,87,319,2025-12-02,137,5
10712,451,290,2025-01-25,118,4
10713,467,137,2025-10-05,57,5
10714,462,232,2024-12-20,81,4
10715,462,269,2024-12-20,139,5
10716,462,35,2024-12-20,88,3
10717,462,253,2024-12-20,48,1
10718,242,127,2025-05-30,93,4
10719,356,160,2025-09-08,45,5
10720,323,268,2024-06-20,112,5
10721,279,127,2024-01-14,64,5
10722,48,151,2025-05-31,103,4
10723,516,176,2025-11-12,85,2
10724,84,73,2025-04-06,150,4
10725,492,309,2025-03-25,73,4
10726,30,205,2024-02-11,159,2
10727,410,334,2025-05-11,98,3
10728,410,147,2025-05-12,20,4
10729,493,250,2024-05-26,87,5
10730,504,115,2025-08-05,84,4
10731,87,131,2024-10-29,82,3
10732,291,157,2024-01-23,105,1
10733,94,78,2024-08-10,67,4
10734,144,63,2025-12-13,113,4
10735,144,129,2025-12-14,77,3
10736,144,117,2025-12-14,164,5
10737,144,284,2025-12-14,43,2
10738,144,16,2025-12-14,86,4
10739,449,221,2024-03-25,77,4
10740,361,175,2025-10-21,15,2
10741,53,335,2025-03-29,80,4
10742,464,39,2025-05-05,69,4
10743,368,254,2024-01-30,107,5
10744,335,178,2024-01-29,144,4
10745,363,27,2025-06-15,21,2
10746,443,52,2024-10-17,108,5
10747,171,256,2024-11-23,112,5
10748,171,256,2024-11-23,101,4
10749,171,113,2024-11-23,38,5
10750,171,230,2024-11-23,108,5
10751,250,276,2024-05-15,75,5
10752,465,162,2024-12-07,111,1
10753,122,304,2025-11-18,159,4
10754,82,152,2024-07-27,81,5
10755,518,245,2024-05-20,71,3
10756,40,100,2025-12-25,86,3
10757,370,295,2025-12-23,101,5
10758,389,312,2024-03-27,117,5
10759,382,74,2024-05-28,38,4
10760,197,199,2025-11-05,103,5
10761,197,286,2025-11-05,125,3
10762,197,214,2025-11-05,152,5
10763,149,213,2024-01-05,35,5
10764,345,282,2024-09-10,104,5
10765,254,75,2024-08-07,49,5
10766,334,288,2025-10-11,163,5
10767,486,17,2025-02-17,100,5
10768,393,152,2025-10-06,31,3
10769,137,4,2025-08-29,151,5
10770,93,326,2024-08-15,66,5
10771,110,268,2024-08-15,98,3
10772,220,37,2025-04-06,113,4
10773,124,318,2024-08-08,101,4
10774,124,295,2024-08-08,25,3
10775,124,284,2024-08-08,142,5
10776,124,130,2024-08-09,18,1
10777,124,163,2024-08-08,86,5
10778,124,279,2024-08-09,150,5
10779,194,1,2024-06-26,129,3
10780,158,144,2025-12-29,143,5
10781,304,139,2024-03-16,16,3
10782,7,24,2024-09-04,154,2
10783,284,30,2025-07-20,92,5
10784,520,45,2025-06-23,86,4
10785,501,266,2025-10-15,158,2
10786,501,167,2025-10-15,104,2
10787,501,283,2025-10-15,78,3
10788,309,314,2025-04-22,44,5
10789,219,190,2024-10-04,71,2
10790,364,93,2024-05-11,36,5
10791,261,72,2025-02-26,100,2
10792,261,257,2025-02-26,98,4
10793,261,339,2025-02-26,15,2
10794,261,259,2025-02-26,117,5
10795,10,278,2024-02-04,119,4
10796,341,171,2025-12-30,110,3
10797,341,286,2025-12-30,67,3
10798,360,49,2024-10-08,132,3
10799,82,56,2025-02-22,116,2
10800,205,329,2025-11-17,71,1
10801,205,143,2025-11-18,165,4
10802,280,29,2025-05-02,39,2
10803,280,245,2025-05-02,84,1
10804,280,313,2025-05-02,72,1
10805,148,93,2025-07-05,92,1
10806,549,33,2025-01-07,134,3
10807,355,205,2024-10-08,161,2
10808,355,49,2024-10-08,86,3
10809,355,74,2024-10-08,99,3
10810,63,318,2024-11-13,121,5
10811,77,83,2025-01-09,59,1
10812,426,39,2025-07-25,119,2
10813,426,274,2025-07-25,91,5
10814,426,217,2025-07-25,140,5
10815,74,302,2024-09-01,154,3
10816,464,186,2025-07-09,144,4
10817,491,166,2025-07-23,85,4
10818,400,173,2024-03-25,135,3
10819,19,26,2025-01-16,53,3
10820,243,209,2024-04-26,108,3
10821,301,127,2024-09-07,134,3
10822,59,245,2025-03-24,39,2
10823,460,77,2024-07-31,105,3
10824,550,226,2024-06-17,70,5
10825,2,327,2024-03-07,27,2
10826,2,235,2024-03-07,106,2
10827,2,112,2024-03-07,156,5
10828,7,103,2025-10-07,139,3
10829,515,50,2025-12-09,147,4
10830,91,325,2025-02-27,115,1
10831,91,14,2025-02-27,69,3
10832,91,213,2025-02-27,146,3
10833,91,268,2025-02-27,145,4
10834,85,302,2024-04-29,88,3
10835,240,233,2024-12-07,129,5
10836,493,202,2024-02-03,104,5
10837,306,82,2024-09-25,76,5
10838,125,78,2024-02-17,161,3
10839,506,321,2025-03-19,163,2
10840,315,83,2024-04-07,108,5
10841,100,79,2024-02-04,149,4
10842,403,241,2025-11-25,73,3
10843,507,287,2024-09-27,103,2
10844,465,333,2025-06-09,62,3
10845,261,17,2024-04-29,154,5
10846,269,53,2024-04-18,79,5
10847,528,260,2024-11-06,29,4
10848,337,273,2025-07-04,104,5
10849,337,307,2025-07-04,145,4
10850,337,162,2025-07-04,96,5
10851,337,325,2025-07-04,62,5
10852,106,10,2025-06-30,145,3
10853,514,229,2025-12-09,137,4
10854,231,176,2024-10-15,22,2
10855,125,36,2025-10-17,151,2
10856,52,140,2025-07-01,19,4
10857,212,115,2024-10-29,42,2
10858,212,230,2024-10-29,128,3
10859,212,177,2024-10-29,40,1
10860,212,288,2024-10-29,51,5
10861,301,116,2024-08-13,48,4
10862,467,51,2025-10-16,33,4
10863,500,326,2024-10-22,69,4
10864,17,56,2024-07-15,102,4
10865,349,330,2025-08-31,121,1
10866,220,282,2024-06-20,40,5
10867,507,292,2024-03-20,79,4
10868,154,185,2025-03-11,164,5
10869,154,314,2025-03-11,70,5
10870,59,281,2024-07-11,87,4
10871,33,323,2025-09-20,150,5
10872,122,62,2025-10-06,150,4
10873,242,22,2025-04-21,146,2
10874,116,241,2024-09-10,16,3
10875,116,282,2024-09-10,139,1
10876,272,323,2025-03-06,150,4
10877,334,238,2024-07-20,102,1
10878,495,298,2024-12-01,140,4
10879,495,1,2024-12-01,35,3
10880,495,180,2024-12-01,90,3
10881,495,149,2024-12-01,105,4
10882,495,199,2024-12-01,83,5
10883,495,24,2024-12-01,108,2
10884,178,347,2025-07-20,108,3
10885,178,265,2025-07-20,109,5
10886,178,63,2025-07-20,26,4
10887,178,15,2025-07-20,98,4
10888,18,121,2025-09-21,91,5
10889,474,97,2024-08-06,134,1
10890,527,60,2025-05-09,115,4
10891,527,325,2025-05-09,95,2
10892,527,133,2025-05-09,77,2
10893,407,303,2024-04-22,162,5
10894,151,164,2024-08-06,156,3
10895,358,344,2025-12-24,164,1
10896,503,279,2024-08-27,73,2
10897,286,302,2025-12-23,126,2
10898,121,80,2025-08-07,40,3
10899,121,166,2025-08-08,156,2
10900,1,15,2025-03-28,57,4
10901,36,146,2024-06-14,131,4
10902,538,98,2024-07-09,158,3
10903,472,103,2024-02-27,95,3
10904,198,81,2025-12-25,27,4
10905,538,28,2025-05-09,143,4
10906,173,127,2024-05-19,154,5
10907,487,334,2024-06-05,85,3
10908,408,99,2024-09-25,107,5
10909,408,188,2024-09-26,42,4
10910,408,247,2024-09-26,119,5
10911,408,78,2024-09-26,49,5
10912,302,20,2025-12-07,45,5
10913,66,91,2025-07-07,151,3
10914,431,153,2024-12-21,37,5
10915,162,25,2025-09-13,29,3
10916,278,181,2025-05-26,86,1
10917,235,91,2024-04-07,141,3
10918,125,63,2025-01-14,110,3
10919,224,185,2024-08-13,35,2
10920,229,137,2024-05-26,77,5
10921,229,122,2024-05-27,158,5
10922,229,335,2024-05-27,162,4
10923,229,269,2024-05-27,108,4
10924,229,2,2024-05-27,83,5
10925,498,256,2024-01-29,44,4
10926,184,134,2025-12-26,94,1
10927,138,215,2024-11-02,134,5
10928,138,214,2024-11-02,103,4
10929,138,167,2024-11-03,69,5
10930,497,114,2025-06-12,136,3
10931,304,56,2025-12-03,100,5
10932,304,344,2025-12-04,150,4
10933,249,114,2024-08-23,76,4
10934,491,237,2025-09-17,75,2
10935,113,265,2025-07-11,79,3
10936,399,272,2024-11-10,56,3
10937,452,160,2024-01-11,62,4
10938,452,306,2024-01-11,53,5
10939,452,148,2024-01-11,99,5
10940,452,343,2024-01-11,142,3
10941,373,267,2024-01-31,117,2
10942,373,162,2024-01-31,163,3
10943,373,22,2024-01-31,86,4
10944,373,215,2024-01-31,150,3
10945,373,273,2024-01-31,106,1
10946,224,241,2025-11-07,137,4
10947,224,314,2025-11-07,80,4
10948,224,81,2025-11-07,125,1
10949,224,39,2025-11-08,90,4
10950,164,194,2025-07-17,147,5
10951,468,116,2025-03-28,164,4
10952,273,256,2024-05-06,82,5
10953,124,163,2024-06-27,135,5
10954,471,247,2024-05-28,151,5
10955,306,94,2025-12-11,165,5
10956,78,300,2025-12-26,105,5
10957,154,96,2025-06-28,93,4
10958,263,13,2024-06-15,28,4
10959,356,247,2025-06-15,18,1
10960,38,264,2024-10-15,78,3
10961,268,171,2025-07-21,47,1
10962,32,97,2025-01-08,119,5
10963,32,113,2025-01-08,135,5
10964,32,232,2025-01-08,51,4
10965,421,264,2025-08-10,153,3
10966,411,91,2024-11-06,54,1
10967,491,11,2024-06-15,70,4
10968,550,128,2025-01-09,125,2
10969,448,104,2025-10-24,74,3
10970,85,301,2024-01-11,58,2
10971,64,162,2024-03-04,22,4
10972,182,319,2025-05-29,111,4
10973,182,251,2025-05-29,129,4
10974,182,75,2025-05-29,139,5
10975,182,343,2025-05-29,69,3
10976,182,113,2025-05-30,90,1
10977,411,139,2025-08-14,45,5
10978,107,25,2024-09-18,91,2
10979,60,138,2025-10-24,157,5
10980,326,101,2025-11-27,92,5
10981,327,204,2024-03-06,80,5
10982,122,99,2025-12-12,40,2
10983,4,141,2025-10-19,112,1
10984,536,152,2025-07-18,75,3
10985,370,251,2024-10-10,114,4
10986,325,115,2024-12-17,140,1
10987,340,250,2024-07-31,110,5
10988,340,189,2024-07-31,120,1
10989,340,40,2024-07-31,155,5
10990,340,241,2024-07-31,63,4
10991,340,209,2024-07-31,108,4
10992,340,123,2024-07-31,138,4
10993,492,304,2025-10-22,54,5
10994,373,237,2024-06-14,159,4
10995,22,21,2025-08-09,125,4
10996,517,40,2025-12-22,55,3
10997,224,349,2025-06-16,68,3
10998,390,51,2025-07-21,157,1
10999,435,322,2025-02-26,88,5
11000,194,73,2024-01-15,71,5
11001,227,97,2024-08-29,152,5
11002,227,11,2024-08-30,144,4
11003,26,14,2024-07-15,131,4
11004,428,113,2024-06-22,95,5
11005,531,245,2024-05-01,144,2
11006,114,346,2024-12-06,127,2
11007,207,130,2025-10-08,115,5
11008,88,243,2024-10-21,159,5
11009,335,84,2025-04-20,29,4
11010,335,61,2025-04-20,59,5
11011,350,39,2025-04-01,108,1
11012,490,348,2024-04-25,113,3
11013,418,209,2025-07-29,41,4
11014,400,140,2024-03-19,157,4
11015,403,45,2025-05-04,118,2
11016,403,262,2025-05-05,102,3
11017,403,91,2025-05-05,125,4
11018,403,36,2025-05-05,47,4
11019,403,225,2025-05-05,101,2
11020,403,81,2025-05-05,52,1
11021,412,229,2024-10-09,164,3
11022,245,338,2025-03-27,126,4
11023,71,326,2024-07-08,156,3
11024,71,263,2024-07-09,86,4
11025,290,336,2025-10-01,156,4
11026,290,186,2025-10-01,152,4
11027,290,330,2025-10-01,23,1
11028,290,155,2025-10-01,116,3
11029,145,21,2024-08-01,95,4
11030,145,101,2024-08-01,71,3
11031,310,160,2024-04-18,60,5
11032,280,58,2024-12-07,128,5
11033,246,196,2025-02-01,20,1
11034,99,117,2024-03-26,32,3
11035,203,324,2024-01-27,125,4
11036,86,270,2024-10-12,20,4
11037,287,298,2024-07-27,76,3
11038,374,161,2025-01-08,80,4
11039,481,99,2024-04-21,87,4
11040,469,323,2025-06-11,66,2
11041,138,297,2024-09-29,77,5
11042,219,283,2025-04-08,161,4
11043,7,191,2025-10-28,127,5
11044,18,308,2024-06-19,78,3
11045,474,66,2024-03-12,151,4
11046,220,308,2025-07-31,124,4
11047,467,126,2024-01-22,78,3
11048,179,2,2024-06-03,100,5
11049,549,52,2025-11-22,128,5
11050,485,195,2025-04-07,46,5
11051,485,38,2025-04-07,130,2
11052,485,88,2025-04-07,163,3
11053,485,277,2025-04-07,33,1
11054,485,222,2025-04-07,119,5
11055,485,332,2025-04-08,28,3
11056,424,271,2025-01-11,102,1
11057,114,21,2025-12-22,116,5
11058,243,59,2024-06-01,61,5
11059,296,292,2025-07-08,70,4
11060,436,268,2025-04-04,103,5
11061,393,114,2025-01-08,129,2
11062,387,111,2025-05-04,124,4
11063,307,295,2024-06-10,63,4
11064,172,31,2025-07-13,35,5
11065,185,137,2025-04-16,162,4
11066,494,100,2025-07-14,95,1
11067,361,258,2024-08-15,134,2
11068,486,187,2025-04-19,134,5
11069,321,307,2024-08-08,135,5
11070,247,151,2025-04-17,163,4
11071,153,14,2024-03-17,44,3
11072,371,72,2024-07-13,93,3
11073,419,61,2025-08-07,134,3
11074,37,114,2025-03-14,97,3
11075,37,244,2025-03-14,93,5
11076,37,330,2025-03-14,61,5
11077,37,76,2025-03-14,101,5
11078,37,302,2025-03-14,16,3
11079,37,161,2025-03-14,67,3
11080,89,247,2024-11-16,72,2
11081,295,166,2025-11-03,58,2
11082,30,149,2025-06-30,146,3
11083,539,219,2025-04-25,65,4
11084,539,205,2025-04-26,66,3
11085,539,340,2025-04-26,49,5
11086,539,205,2025-04-26,161,3
11087,374,309,2024-08-20,30,3
11088,310,259,2024-04-11,88,5
11089,58,94,2024-07-31,129,4
11090,58,256,2024-07-31,78,2
11091,58,276,2024-07-31,142,1
11092,103,340,2025-08-11,114,4
11093,29,254,2025-05-27,161,5
11094,26,226,2024-05-28,144,5
11095,332,150,2024-10-25,94,5
11096,177,61,2025-07-18,141,4
11097,310,25,2024-07-23,59,4
11098,430,132,2024-06-12,135,3
11099,297,64,2025-03-26,25,4
11100,470,10,2024-08-06,141,5
11101,410,152,2024-04-04,73,2
11102,307,102,2024-05-23,58,5
11103,307,272,2024-05-23,67,3
11104,307,134,2024-05-24,95,4
11105,307,287,2024-05-24,160,5
11106,307,286,2024-05-24,90,4
11107,390,13,2024-03-08,79,4
11108,313,128,2025-02-26,68,5
11109,87,270,2025-12-10,141,5
11110,87,161,2025-12-10,141,4
11111,87,300,2025-12-10,153,4
11112,87,262,2025-12-10,87,3
11113,455,25,2024-07-18,75,5
11114,135,303,2024-06-06,25,4
11115,293,117,2024-04-15,150,3
11116,392,293,2025-03-18,86,5
11117,59,167,2025-05-09,115,4
11118,159,287,2024-10-16,61,1
11119,134,116,2024-06-07,105,3
11120,429,18,2024-08-29,152,4
11121,429,87,2024-08-29,50,4
11122,429,153,2024-08-29,156,3
11123,429,337,2024-08-29,40,4
11124,429,299,2024-08-29,139,4
11125,429,347,2024-08-30,104,3
11126,342,51,2024-04-27,58,4
11127,379,303,2024-01-14,151,5
11128,376,98,2024-04-30,107,4
11129,305,53,2024-03-29,152,2
11130,241,56,2025-07-05,56,3
11131,459,144,2024-04-23,40,5
11132,105,101,2025-11-11,131,3
11133,105,66,2025-11-11,133,5
11134,251,160,2025-07-08,109,2
11135,102,185,2025-01-03,93,1
11136,515,50,2025-05-17,128,1
11137,205,212,2024-06-27,150,4
11138,388,279,2025-05-15,145,5
11139,83,101,2024-02-09,118,2
11140,247,116,2025-08-04,126,5
11141,491,70,2024-11-08,145,3
11142,130,154,2025-04-05,70,3
11143,241,15,2024-09-19,72,5
11144,241,162,2024-09-19,93,4
11145,241,71,2024-09-19,23,4
11146,496,128,2025-09-04,23,2
11147,496,73,2025-09-04,135,4
11148,547,166,2024-04-01,59,4
11149,374,157,2024-06-04,124,5
11150,188,304,2025-10-26,106,4
11151,75,304,2025-10-23,62,3
11152,256,225,2025-02-10,98,5
11153,507,254,2024-01-16,53,5
11154,215,65,2024-06-05,70,5
11155,215,126,2024-06-05,108,2
11156,66,20,2025-12-21,144,3
11157,400,178,2025-10-25,89,4
11158,21,174,2025-05-07,26,4
11159,21,54,2025-05-07,59,3
11160,21,294,2025-05-07,122,5
11161,21,337,2025-05-08,58,4
11162,407,170,2024-07-26,139,3
11163,307,76,2024-07-15,25,4
11164,307,47,2024-07-16,59,2
11165,307,126,2024-07-16,60,5
11166,307,198,2024-07-16,109,3
11167,412,176,2024-10-16,130,3
11168,311,13,2025-06-21,38,4
11169,427,17,2025-01-06,72,5
11170,19,82,2024-09-23,93,3
11171,334,189,2025-09-14,103,4
11172,216,9,2025-03-05,44,5
11173,353,175,2025-09-22,130,3
11174,367,77,2024-03-06,64,4
11175,532,93,2025-09-12,121,5
11176,502,95,2024-11-16,17,2
11177,208,290,2024-06-06,122,4
11178,127,121,2024-01-14,149,1
11179,497,181,2024-12-28,46,3
11180,442,298,2024-05-24,74,4
11181,198,346,2025-10-03,133,4
11182,198,28,2025-10-03,61,5
11183,229,322,2024-08-15,102,5
11184,266,258,2024-06-06,21,4
11185,144,40,2025-07-12,105,3
11186,144,153,2025-07-12,164,1
11187,144,297,2025-07-12,75,3
11188,144,273,2025-07-13,162,4
11189,470,311,2024-06-27,17,2
11190,57,347,2025-01-16,124,5
11191,42,36,2025-08-01,80,3
11192,82,181,2024-11-10,90,5
11193,429,115,2025-10-01,105,5
11194,429,187,2025-10-01,153,2
11195,362,296,2025-09-13,140,2
11196,156,242,2025-06-15,67,5
11197,156,177,2025-06-15,34,4
11198,156,37,2025-06-15,129,3
11199,338,279,2024-06-07,27,4
11200,468,166,2024-03-09,75,3
11201,88,144,2024-12-20,126,4
11202,143,71,2025-03-13,67,1
11203,29,143,2025-07-14,152,5
11204,29,191,2025-07-14,116,2
11205,29,107,2025-07-14,105,5
11206,334,79,2024-11-16,117,3
11207,166,346,2025-08-01,114,2
11208,413,306,2024-08-19,153,5
11209,263,317,2025-10-27,111,3
11210,546,336,2025-12-22,38,2
11211,146,328,2024-10-18,69,3
11212,329,196,2024-02-09,44,3
11213,329,281,2024-02-10,160,5
11214,329,307,2024-02-10,94,3
11215,149,113,2024-07-08,121,4
11216,152,178,2024-08-07,113,5
11217,443,285,2025-07-22,103,4
11218,424,55,2024-02-08,138,3
11219,424,46,2024-02-08,33,3
11220,424,345,2024-02-08,121,4
11221,424,58,2024-02-08,125,3
11222,404,46,2024-05-08,121,2
11223,448,151,2024-08-07,154,3
11224,25,5,2025-01-13,142,5
11225,25,256,2025-01-13,99,1
11226,528,45,2025-03-22,72,5
11227,400,179,2025-05-07,127,1
11228,292,342,2024-06-20,77,5
11229,23,206,2024-08-05,83,5
11230,117,251,2025-07-31,151,1
11231,401,162,2025-03-09,53,1
11232,416,136,2024-01-27,24,3
11233,59,161,2024-09-02,29,3
11234,414,277,2025-07-07,127,5
11235,252,175,2024-09-28,87,2
11236,337,342,2024-11-28,68,5
11237,351,333,2024-08-30,131,4
11238,146,325,2025-07-21,96,4
11239,400,314,2024-12-05,143,2
11240,335,76,2024-01-17,117,3
11241,277,227,2024-02-13,136,5
11242,271,174,2025-09-24,25,3
11243,393,328,2024-04-13,136,4
11244,393,165,2024-04-13,109,1
11245,393,192,2024-04-13,96,5
11246,393,265,2024-04-13,113,2
11247,60,278,2025-11-02,160,5
11248,412,119,2025-07-20,164,4
11249,243,112,2024-12-29,154,4
11250,184,75,2025-02-14,86,1
11251,175,283,2025-09-23,48,3
11252,529,6,2024-01-28,75,3
11253,199,128,2024-07-08,65,2
11254,316,113,2025-12-14,37,2
11255,391,70,2025-01-25,49,5
11256,263,179,2025-04-01,161,2
11257,263,116,2025-04-02,89,4
11258,263,11,2025-04-02,41,4
11259,546,310,2024-11-07,101,4
11260,88,120,2025-12-18,18,1
11261,205,234,2025-09-21,165,4
11262,539,178,2025-04-29,164,2
11263,227,278,2025-08-16,123,5
11264,134,247,2025-10-25,143,5
11265,198,245,2025-07-17,33,2
11266,429,200,2024-08-19,125,4
11267,466,5,2025-12-21,33,2
11268,118,10,2024-11-10,120,4
11269,272,184,2025-12-16,29,4
11270,65,309,2025-12-01,142,5
11271,311,106,2024-03-29,130,2
11272,290,251,2024-12-05,112,3
11273,22,97,2024-11-20,114,3
11274,508,269,2024-08-29,83,5
11275,39,150,2025-01-17,25,2
11276,39,60,2025-01-17,96,3
11277,39,333,2025-01-17,102,4
11278,39,189,2025-01-17,45,5
11279,531,78,2024-01-22,99,2
11280,487,50,2025-04-22,18,2
11281,292,38,2025-01-25,46,1
11282,292,294,2025-01-26,145,2
11283,198,120,2024-12-02,26,4
11284,458,122,2025-09-05,97,1
11285,149,313,2025-06-04,16,3
11286,211,15,2025-10-27,109,4
11287,214,341,2025-12-18,98,5
11288,383,153,2024-01-08,37,5
11289,354,220,2024-12-11,55,3
11290,354,6,2024-12-11,145,1
11291,354,218,2024-12-11,154,5
11292,336,335,2024-02-06,63,3
11293,13,224,2024-07-16,101,5
11294,46,200,2024-07-02,86,3
11295,53,293,2024-08-22,83,4
11296,428,137,2024-06-03,139,2
11297,428,217,2024-06-04,74,2
11298,428,136,2024-06-04,30,2
11299,428,334,2024-06-04,38,1
11300,56,344,2025-03-12,17,3
11301,56,139,2025-03-12,15,4
11302,56,323,2025-03-12,88,4
11303,56,84,2025-03-12,163,3
11304,56,233,2025-03-12,118,3
11305,56,99,2025-03-13,100,3
11306,149,339,2025-01-01,50,5
11307,160,321,2025-05-16,92,4
11308,160,175,2025-05-16,44,3
11309,160,307,2025-05-16,111,2
11310,160,236,2025-05-16,121,4
11311,75,251,2025-02-20,122,4
11312,57,283,2024-07-24,108,3
11313,80,75,2024-07-24,74,5
11314,80,105,2024-07-24,115,4
11315,80,91,2024-07-24,143,5
11316,80,298,2024-07-24,104,2
11317,490,329,2024-09-28,68,1
11318,288,152,2025-11-23,154,5
11319,393,268,2025-09-02,53,2
11320,171,57,2024-09-03,42,2
11321,458,248,2024-01-01,95,3
11322,379,265,2025-07-13,83,5
11323,283,259,2025-12-12,55,5
11324,283,336,2025-12-12,64,4
11325,76,159,2024-12-02,53,5
11326,28,171,2024-06-18,69,2
11327,188,206,2025-08-16,148,2
11328,550,271,2025-06-23,43,1
11329,422,116,2024-06-26,27,1
11330,313,33,2024-06-10,58,5
11331,46,314,2024-01-10,57,5
11332,522,332,2025-11-22,139,4
11333,142,116,2025-05-15,127,3
11334,142,349,2025-05-15,160,2
11335,142,128,2025-05-15,118,4
11336,142,253,2025-05-15,128,2
11337,462,304,2024-12-08,78,4
11338,462,66,2024-12-08,58,4
11339,462,295,2024-12-08,39,5
11340,462,232,2024-12-08,35,5
11341,243,245,2025-08-07,146,3
11342,535,333,2025-02-21,50,4
11343,398,350,2025-10-11,26,4
11344,472,220,2025-01-31,73,4
11345,123,222,2024-07-31,123,3
11346,123,109,2024-07-31,111,2
11347,156,282,2025-02-17,70,5
11348,156,326,2025-02-17,146,4
11349,156,25,2025-02-17,38,4
11350,156,47,2025-02-18,72,2
11351,2,202,2025-01-13,133,5
11352,195,8,2024-05-07,88,5
11353,145,99,2025-01-04,153,5
11354,192,43,2024-08-10,129,2
11355,220,259,2024-02-12,144,5
11356,278,344,2024-02-04,148,3
11357,247,33,2024-07-24,49,5
11358,117,247,2025-03-14,98,4
11359,117,244,2025-03-14,114,4
11360,117,215,2025-03-15,158,4
11361,171,4,2024-09-19,145,3
11362,248,14,2025-10-25,26,3
11363,434,193,2025-10-25,89,4
11364,444,144,2025-07-01,66,5
11365,23,111,2025-10-18,74,2
11366,180,276,2025-04-21,146,5
11367,119,59,2024-06-22,114,5
11368,164,151,2024-08-01,49,3
11369,21,13,2025-02-16,31,4
11370,350,177,2024-04-30,134,4
11371,147,326,2025-03-22,119,4
11372,171,52,2024-03-28,101,5
11373,92,209,2025-09-20,104,2
11374,92,23,2025-09-20,113,2
11375,92,318,2025-09-20,64,4
11376,285,76,2025-01-18,29,4
11377,285,258,2025-01-18,116,5
11378,285,130,2025-01-18,91,2
11379,58,314,2024-06-14,155,2
11380,105,347,2025-04-07,145,5
11381,307,9,2024-09-16,63,2
11382,307,326,2024-09-16,73,4
11383,307,126,2024-09-17,101,2
11384,307,295,2024-09-17,34,4
11385,307,294,2024-09-17,83,1
11386,307,202,2024-09-17,90,2
11387,297,94,2024-04-19,151,4
11388,426,249,2024-07-22,113,2
11389,176,55,2024-01-04,153,3
11390,329,77,2025-10-16,152,3
11391,280,170,2024-11-26,89,5
11392,543,3,2025-11-28,155,4
11393,270,118,2024-11-30,103,3
11394,281,104,2025-03-08,98,3
11395,27,144,2025-08-04,141,5
11396,469,89,2025-09-12,148,5
11397,469,139,2025-09-12,149,4
11398,469,56,2025-09-12,70,4
11399,469,280,2025-09-12,41,5
11400,469,168,2025-09-12,60,4
11401,389,193,2025-06-18,138,3
11402,61,187,2024-09-14,61,1
11403,283,230,2025-02-11,93,4
11404,422,287,2024-11-24,142,4
11405,422,145,2024-11-24,45,1
11406,422,39,2024-11-24,134,5
11407,422,262,2024-11-25,77,2
11408,236,320,2025-03-27,31,4
11409,493,46,2024-01-30,83,5
11410,529,257,2024-02-23,86,1
11411,17,332,2024-10-14,30,4
11412,408,3,2025-04-16,154,2
11413,408,112,2025-04-16,110,5
11414,408,68,2025-04-17,92,2
11415,408,250,2025-04-17,82,5
11416,408,1,2025-04-17,32,3
11417,442,18,2025-05-07,85,5
11418,6,140,2025-07-16,39,5
11419,6,230,2025-07-16,17,4
11420,6,235,2025-07-16,139,3
11421,231,313,2024-03-13,136,3
11422,182,295,2024-10-29,67,2
11423,474,66,2024-08-22,91,4
11424,474,230,2024-08-22,147,5
11425,474,244,2024-08-22,164,3
11426,474,153,2024-08-22,33,4
11427,489,347,2025-04-22,134,5
11428,420,328,2024-06-24,47,4
11429,246,291,2025-10-31,83,3
11430,4,185,2024-12-19,158,5
11431,4,248,2024-12-20,54,3
11432,4,165,2024-12-20,103,4
11433,4,96,2024-12-20,75,5
11434,444,39,2024-05-06,44,3
11435,399,254,2024-09-20,57,5
11436,403,186,2025-10-29,82,3
11437,403,350,2025-10-29,144,3
11438,403,225,2025-10-29,45,5
11439,403,36,2025-10-29,160,4
11440,19,164,2024-01-31,62,4
11441,19,325,2024-01-31,121,3
11442,19,12,2024-01-31,73,4
11443,124,59,2025-12-29,126,4
11444,294,9,2025-05-05,99,3
11445,469,297,2024-05-18,21,4
11446,222,161,2025-08-01,56,2
11447,52,294,2024-03-30,72,4
11448,279,214,2025-05-09,120,3
11449,487,176,2024-12-25,69,2
11450,487,48,2024-12-25,78,2
11451,351,259,2025-02-03,37,4
11452,264,296,2025-11-26,110,3
11453,175,25,2024-07-31,146,4
11454,550,95,2025-08-26,98,5
11455,130,135,2024-04-06,58,3
11456,517,111,2024-01-15,129,1
11457,82,247,2024-10-19,152,4
11458,187,233,2025-01-01,33,1
11459,187,241,2025-01-01,36,5
11460,427,70,2024-03-16,106,5
11461,427,143,2024-03-16,140,5
11462,427,130,2024-03-17,82,5
11463,501,234,2025-10-14,103,3
11464,546,94,2024-03-17,165,5
11465,546,184,2024-03-17,100,3
11466,546,251,2024-03-17,122,4
11467,546,177,2024-03-17,34,2
11468,365,72,2025-03-15,55,1
11469,217,259,2025-07-21,109,2
11470,345,66,2024-09-11,41,3
11471,448,134,2024-07-07,61,5
11472,2,117,2024-02-20,84,1
11473,277,55,2025-09-16,64,5
11474,64,100,2025-08-19,83,1
11475,51,204,2025-04-19,158,3
11476,106,26,2024-03-16,73,3
11477,414,123,2025-01-08,163,4
11478,414,66,2025-01-08,126,5
11479,414,329,2025-01-08,18,4
11480,414,127,2025-01-09,22,1
11481,414,298,2025-01-09,131,5
11482,279,283,2025-11-23,89,4
11483,285,66,2024-06-09,79,5
11484,214,47,2024-04-06,52,2
11485,434,31,2025-05-16,127,4
11486,364,170,2025-10-19,42,4
11487,364,73,2025-10-19,95,3
11488,364,277,2025-10-19,74,3
11489,364,105,2025-10-19,93,5
11490,281,213,2025-02-20,64,5
11491,147,112,2025-11-20,21,3
11492,338,154,2024-05-20,88,5
11493,373,233,2024-07-11,85,2
11494,158,270,2025-08-31,156,5
11495,545,53,2024-02-14,31,3
11496,49,339,2025-01-23,127,2
11497,182,281,2024-07-06,97,3
11498,95,319,2025-12-17,67,4
11499,72,310,2025-02-20,36,5
11500,42,61,2025-09-15,164,3
11501,460,86,2024-12-16,86,5
11502,421,268,2024-04-16,135,4
11503,421,24,2024-04-16,123,4
11504,17,135,2025-03-26,29,4
11505,99,42,2025-04-25,64,5
11506,515,189,2025-05-10,80,2
11507,394,150,2025-07-29,86,2
11508,394,315,2025-07-30,79,1
11509,394,88,2025-07-30,36,3
11510,394,293,2025-07-30,121,5
11511,151,216,2024-06-10,69,2
11512,511,205,2024-06-01,67,5
11513,205,194,2025-09-12,136,1
11514,88,15,2025-07-26,164,4
11515,433,350,2025-10-17,160,2
11516,523,85,2024-11-02,132,5
11517,173,211,2025-03-22,29,4
11518,10,311,2025-05-19,83,2
11519,279,271,2024-07-18,26,1
11520,451,183,2025-07-17,95,5
11521,71,226,2024-12-01,82,1
11522,258,83,2024-10-23,34,2
11523,484,235,2025-05-30,87,1
11524,484,13,2025-05-30,107,1
11525,484,125,2025-05-30,132,5
11526,370,43,2025-04-19,75,1
11527,338,257,2024-10-23,118,4
11528,419,155,2024-11-25,82,3
11529,419,37,2024-11-25,44,4
11530,419,311,2024-11-25,36,5
11531,419,62,2024-11-25,126,4
11532,290,315,2024-06-06,122,4
11533,3,83,2024-08-12,126,3
11534,3,234,2024-08-12,69,4
11535,3,191,2024-08-12,80,5
11536,3,118,2024-08-12,136,5
11537,3,259,2024-08-12,111,2
11538,3,102,2024-08-12,104,2
11539,482,157,2024-02-10,62,4
11540,42,55,2025-08-03,46,3
11541,372,78,2024-01-14,99,5
11542,50,200,2025-09-08,48,1
11543,50,271,2025-09-08,86,1
11544,50,152,2025-09-08,120,3
11545,513,282,2025-12-20,123,2
11546,171,61,2025-03-21,130,3
11547,18,301,2024-03-12,163,2
11548,18,211,2024-03-12,112,5
11549,18,141,2024-03-12,92,4
11550,532,217,2024-02-03,141,4
11551,532,173,2024-02-04,51,5
11552,107,128,2025-07-27,65,5
11553,140,265,2025-07-03,114,4
11554,440,270,2024-10-10,130,5
11555,323,72,2024-05-06,163,5
11556,321,82,2025-12-06,98,5
11557,241,65,2024-05-16,95,4
11558,471,312,2025-11-29,104,2
11559,188,325,2025-02-15,136,2
11560,208,326,2025-04-30,71,1
11561,155,344,2024-06-11,65,2
11562,208,142,2025-03-13,105,4
11563,457,150,2025-11-01,154,4
11564,439,237,2024-01-01,114,5
11565,472,344,2024-05-14,118,2
11566,519,151,2025-08-16,63,3
11567,43,275,2024-07-27,16,2
11568,334,97,2025-05-12,121,3
11569,183,159,2025-07-02,140,4
11570,90,321,2024-06-24,66,5
11571,268,241,2025-02-12,101,5
11572,275,334,2024-08-19,59,3
11573,466,2,2024-10-12,102,5
11574,466,190,2024-10-12,108,3
11575,466,104,2024-10-12,69,3
11576,466,136,2024-10-12,128,4
11577,151,267,2025-11-30,115,3
11578,398,323,2025-11-07,111,4
11579,516,350,2024-12-26,43,5
11580,516,183,2024-12-26,70,4
11581,516,78,2024-12-26,33,4
11582,522,324,2025-04-24,138,2
11583,409,196,2025-11-16,68,5
11584,302,166,2025-09-01,60,5
11585,125,248,2025-03-21,121,4
11586,107,209,2025-06-26,72,5
11587,535,258,2025-06-07,117,3
11588,186,118,2025-02-10,116,5
11589,7,264,2024-08-27,156,5
11590,411,253,2024-06-18,112,4
11591,165,234,2025-05-02,110,2
11592,222,344,2025-01-04,147,2
11593,472,184,2025-01-01,60,1
11594,472,36,2025-01-02,126,5
11595,472,253,2025-01-02,109,1
11596,212,189,2025-03-10,64,5
11597,424,194,2024-02-21,80,5
11598,176,270,2025-04-12,24,3
11599,229,237,2024-07-24,78,4
11600,134,299,2024-09-29,117,5
11601,231,134,2025-12-05,79,1
11602,450,191,2024-11-09,79,5
11603,501,107,2024-04-26,64,4
11604,371,327,2024-12-24,136,2
11605,120,158,2024-06-17,143,5
11606,395,237,2025-12-18,83,3
11607,466,160,2024-10-04,97,2
11608,405,281,2024-05-20,57,1
11609,215,52,2024-05-07,159,4
11610,131,216,2025-09-19,135,4
11611,302,67,2025-10-15,121,4
11612,302,13,2025-10-15,75,5
11613,302,317,2025-10-15,49,5
11614,302,128,2025-10-16,118,2
11615,263,2,2025-12-09,45,4
11616,263,133,2025-12-09,157,5
11617,263,277,2025-12-09,41,1
11618,246,8,2025-05-22,24,3
11619,277,247,2025-05-23,79,4
11620,26,287,2024-05-16,149,5
11621,347,295,2025-10-03,76,5
11622,347,39,2025-10-03,50,4
11623,347,287,2025-10-03,123,5
11624,450,227,2025-07-11,155,1
11625,211,145,2025-09-03,34,1
11626,211,201,2025-09-03,46,4
11627,499,287,2024-01-04,132,3
11628,143,39,2024-09-10,73,5
11629,291,350,2025-05-28,106,5
11630,349,308,2024-07-17,138,2
11631,111,115,2024-09-12,158,4
11632,438,339,2024-02-11,70,5
11633,111,120,2024-04-09,43,5
11634,111,25,2024-04-09,110,3
11635,111,70,2024-04-10,36,4
11636,111,201,2024-04-10,87,3
11637,111,333,2024-04-10,69,5
11638,111,86,2024-04-10,158,5
11639,275,300,2025-07-31,80,1
11640,275,112,2025-07-31,74,5
11641,275,246,2025-07-31,104,4
11642,518,81,2025-11-30,75,5
11643,333,302,2024-02-06,99,1
11644,107,26,2025-11-12,149,4
11645,168,350,2025-05-08,98,5
11646,50,68,2025-09-18,45,4
11647,427,335,2024-08-06,138,5
11648,314,64,2025-03-03,123,1
11649,125,271,2025-06-15,113,3
11650,287,226,2025-10-22,87,3
11651,391,158,2024-09-05,45,3
11652,391,43,2024-09-06,137,5
11653,391,263,2024-09-06,95,3
11654,294,117,2025-03-06,147,4
11655,163,204,2025-08-20,73,5
11656,70,314,2024-08-26,99,5
11657,92,136,2024-08-10,84,5
11658,223,55,2024-06-19,68,4
11659,223,213,2024-06-19,134,2
11660,223,38,2024-06-19,58,5
11661,223,47,2024-06-19,123,5
11662,279,25,2024-03-21,75,2
11663,478,169,2025-09-29,117,5
11664,427,232,2024-04-20,95,3
11665,64,15,2024-05-28,142,5
11666,417,287,2025-11-14,27,2
11667,417,54,2025-11-14,148,4
11668,417,42,2025-11-14,59,5
11669,222,41,2024-10-11,96,1
11670,10,108,2024-08-17,103,2
11671,539,291,2025-12-15,53,5
11672,108,205,2025-07-10,163,4
11673,374,205,2025-08-15,83,3
11674,374,307,2025-08-15,58,3
11675,58,265,2024-06-21,135,5
11676,23,338,2024-03-08,157,4
11677,109,120,2025-01-06,152,3
11678,74,133,2024-01-28,71,3
11679,381,203,2024-03-27,131,5
11680,84,290,2025-09-17,113,3
11681,371,213,2025-07-28,101,4
11682,371,1,2025-07-28,47,5
11683,508,26,2024-06-08,126,2
11684,57,128,2025-07-25,75,5
11685,238,272,2024-06-23,34,2
11686,71,231,2025-09-08,158,3
11687,71,20,2025-09-08,119,5
11688,71,255,2025-09-08,165,5
11689,71,280,2025-09-08,105,4
11690,78,121,2024-04-14,24,3
11691,353,224,2025-04-20,91,5
11692,407,41,2024-04-27,158,5
11693,535,179,2024-05-24,136,5
11694,292,241,2025-12-09,159,5
11695,80,228,2024-03-13,108,5
11696,111,288,2024-09-08,161,3
11697,468,58,2024-12-25,98,2
11698,468,184,2024-12-25,89,1
11699,468,104,2024-12-25,137,5
11700,474,190,2025-04-03,126,5
11701,170,180,2024-08-05,40,2
11702,170,151,2024-08-05,73,4
11703,446,312,2025-03-03,106,5
11704,285,232,2024-05-10,97,3
11705,441,259,2025-01-01,57,1
11706,306,64,2025-09-26,135,4
11707,306,153,2025-09-26,74,2
11708,306,46,2025-09-27,99,5
11709,201,236,2025-12-30,136,3
11710,201,252,2025-12-30,45,4
11711,201,203,2025-12-30,62,3
11712,201,163,2025-12-30,79,5
11713,201,44,2025-12-30,133,1
11714,358,121,2025-05-05,159,5
11715,257,256,2025-07-13,130,3
11716,165,19,2025-12-08,86,4
11717,6,237,2024-12-15,138,5
11718,382,93,2025-11-25,94,4
11719,382,51,2025-11-25,66,5
11720,382,327,2025-11-25,72,2
11721,277,148,2025-07-19,16,3
11722,253,25,2025-04-22,88,5
11723,253,96,2025-04-22,99,5
11724,253,64,2025-04-22,53,1
11725,253,112,2025-04-22,38,2
11726,68,295,2025-05-22,149,4
11727,254,215,2025-07-25,136,5
11728,84,199,2024-07-08,101,5
11729,204,15,2025-11-16,81,3
11730,57,258,2025-09-14,155,3
11731,494,119,2024-05-01,130,5
11732,284,130,2025-03-21,126,2
11733,231,198,2025-11-22,99,2
11734,231,205,2025-11-23,117,5
11735,231,271,2025-11-23,159,2
11736,231,144,2025-11-23,81,1
11737,427,59,2024-09-06,148,1
11738,362,298,2024-12-08,77,4
11739,362,191,2024-12-08,136,2
11740,296,250,2025-09-24,106,3
11741,49,300,2025-11-04,151,5
11742,495,133,2024-09-06,60,4
11743,1,214,2024-06-22,164,5
11744,1,51,2024-06-22,28,3
11745,1,40,2024-06-23,18,1
11746,136,222,2025-10-03,49,3
11747,94,70,2024-05-24,19,4
11748,479,259,2025-12-11,106,5
11749,518,191,2025-12-16,102,3
11750,96,14,2025-10-02,96,5
11751,85,44,2025-08-02,134,2
11752,448,330,2025-10-10,138,5
11753,222,78,2025-05-22,160,4
11754,281,302,2024-08-23,118,2
11755,281,144,2024-08-23,106,5
11756,281,127,2024-08-23,84,2
11757,281,222,2024-08-23,114,3
11758,281,40,2024-08-23,158,4
11759,281,140,2024-08-23,148,2
11760,503,233,2024-02-28,119,3
11761,356,322,2024-09-12,49,5
11762,471,217,2025-07-18,87,5
11763,224,116,2025-12-31,66,3
11764,372,224,2024-06-13,51,3
11765,121,55,2024-08-03,67,4
11766,12,97,2025-02-27,90,4
11767,12,326,2025-02-27,141,5
11768,249,283,2025-11-11,119,3
11769,91,123,2025-03-04,139,2
11770,76,305,2025-08-23,103,4
11771,315,64,2025-08-27,18,2
11772,188,269,2024-09-24,147,4
11773,450,95,2024-12-23,63,4
11774,260,313,2025-08-05,107,5
11775,260,313,2025-08-05,18,3
11776,260,192,2025-08-05,54,4
11777,115,23,2024-04-06,75,3
11778,128,328,2025-01-08,64,1
11779,129,111,2025-06-27,86,3
11780,275,93,2025-09-18,146,5
11781,161,241,2024-11-02,58,3
11782,400,248,2025-03-05,104,5
11783,438,244,2025-02-16,89,5
11784,147,228,2024-03-23,158,4
11785,147,24,2024-03-23,62,4
11786,147,197,2024-03-23,122,3
11787,147,46,2024-03-23,154,4
11788,475,177,2024-08-31,158,3
11789,169,312,2025-08-01,118,3
11790,307,76,2025-06-19,100,4
11791,413,123,2024-10-11,55,4
11792,315,241,2024-11-29,146,5
11793,3,15,2025-01-06,82,2
11794,3,126,2025-01-06,97,5
11795,3,256,2025-01-06,158,3
11796,3,325,2025-01-06,127,2
11797,3,118,2025-01-06,48,4
11798,3,141,2025-01-06,83,2
11799,519,194,2025-08-27,94,4
11800,252,84,2025-12-06,109,3
11801,392,205,2025-12-31,155,5
11802,299,271,2024-12-29,150,3
11803,195,222,2024-12-07,54,2
11804,297,35,2025-08-17,163,3
11805,7,184,2025-02-17,66,5
11806,90,132,2025-11-13,142,2
11807,537,135,2024-09-22,44,4
11808,522,165,2024-01-22,88,5
11809,518,45,2024-08-11,58,5
11810,225,236,2024-12-14,109,1
11811,467,212,2024-10-17,115,4
11812,216,321,2025-09-10,85,5
11813,216,73,2025-09-10,48,3
11814,216,194,2025-09-11,99,2
11815,327,202,2024-02-06,162,2
11816,454,257,2024-02-16,136,5
11817,446,101,2024-04-07,48,4
11818,493,112,2024-01-07,104,5
11819,319,47,2024-06-03,113,1
11820,379,173,2024-10-02,164,5
11821,172,13,2025-08-23,71,3
11822,543,54,2025-11-06,129,5
11823,244,239,2025-06-13,22,3
11824,157,153,2024-03-09,81,4
11825,417,299,2025-07-11,161,5
11826,103,167,2025-01-16,60,5
11827,182,244,2025-08-11,31,1
11828,140,30,2025-02-23,57,5
11829,243,221,2024-10-10,133,1
11830,507,289,2024-05-28,77,4
11831,180,265,2024-03-11,113,4
11832,538,239,2025-12-31,65,3
11833,174,152,2024-08-18,73,3
11834,174,128,2024-08-18,64,4
11835,302,160,2025-03-20,156,4
11836,137,130,2024-01-03,154,5
11837,490,201,2024-07-09,103,3
11838,424,116,2025-12-23,107,3
11839,424,276,2025-12-23,131,5
11840,439,242,2025-02-05,113,5
11841,479,279,2025-10-24,112,4
11842,437,2,2024-06-07,124,4
11843,437,67,2024-06-07,92,5
11844,177,109,2024-06-09,77,5
11845,483,146,2025-08-25,151,5
11846,483,136,2025-08-25,72,2
11847,483,349,2025-08-25,131,5
11848,413,220,2024-02-20,151,3
11849,134,237,2024-12-13,33,2
11850,268,102,2024-04-29,77,5
11851,249,101,2024-12-22,34,2
11852,156,126,2025-03-11,126,1
11853,210,308,2024-05-01,140,5
11854,312,299,2025-02-07,139,2
11855,312,279,2025-02-07,81,2
11856,312,57,2025-02-08,81,4
11857,432,226,2025-12-01,159,4
11858,411,103,2025-09-30,78,5
11859,41,230,2024-08-12,143,2
11860,32,305,2024-05-16,154,4
11861,257,298,2025-06-29,90,3
11862,31,80,2025-05-29,96,5
11863,390,175,2024-09-20,157,3
11864,487,57,2024-06-08,62,5
11865,521,277,2024-06-07,146,5
11866,165,105,2024-09-19,76,4
11867,146,5,2025-06-05,133,2
11868,402,212,2025-03-03,105,5
11869,101,293,2024-08-04,46,5
11870,334,89,2025-04-21,106,5
11871,466,190,2024-12-04,78,5
11872,287,119,2025-07-25,126,2
11873,209,304,2024-03-13,85,4
11874,281,241,2024-11-28,163,4
11875,281,196,2024-11-28,37,3
11876,281,151,2024-11-28,153,3
11877,281,162,2024-11-28,71,4
11878,428,104,2024-01-26,63,1
11879,314,59,2025-02-16,98,5
11880,314,45,2025-02-16,72,5
11881,416,48,2025-05-13,23,4
11882,108,198,2024-10-10,135,5
11883,216,262,2024-11-28,58,5
11884,252,137,2024-12-18,163,5
11885,162,196,2025-02-14,29,3
11886,396,171,2024-04-22,153,2
11887,16,28,2024-08-14,92,3
11888,16,166,2024-12-13,154,4
11889,333,77,2025-04-20,157,4
11890,333,182,2025-04-20,137,1
11891,496,213,2025-07-22,65,4
11892,416,113,2024-04-24,122,2
11893,383,279,2025-06-04,54,4
11894,383,88,2025-06-04,32,1
11895,383,292,2025-06-04,107,2
11896,383,193,2025-06-04,129,5
11897,383,56,2025-06-04,109,5
11898,210,61,2024-11-08,92,4
11899,474,63,2024-05-29,158,3
11900,145,72,2024-04-13,165,3
11901,342,239,2024-01-31,135,4
11902,342,222,2024-01-31,71,2
11903,441,136,2024-06-10,129,3
11904,279,216,2024-12-16,40,4
11905,292,268,2025-04-10,110,5
11906,477,323,2025-12-02,86,5
11907,477,5,2025-12-02,91,3
11908,477,224,2025-12-02,153,2
11909,477,167,2025-12-03,165,2
11910,230,81,2025-05-13,144,5
11911,364,261,2025-12-04,92,4
11912,338,190,2025-07-06,30,3
11913,291,30,2025-04-05,15,4
11914,115,120,2024-04-26,114,5
11915,115,275,2024-04-26,19,1
11916,115,184,2024-04-27,77,2
11917,453,191,2025-01-30,117,3
11918,453,96,2025-01-30,120,3
11919,453,104,2025-01-31,132,2
11920,453,306,2025-01-31,165,5
11921,395,111,2025-02-28,117,4
11922,60,178,2024-10-24,137,2
11923,272,21,2024-02-04,103,4
11924,273,211,2024-11-16,23,3
11925,350,302,2024-10-28,129,5
11926,214,51,2025-03-19,145,5
11927,490,203,2024-09-28,112,5
11928,215,254,2025-08-06,73,5
11929,215,348,2025-08-06,114,5
11930,419,180,2024-03-25,48,1
11931,419,163,2024-03-26,21,3
11932,356,94,2025-05-09,79,4
11933,502,26,2025-07-16,155,3
11934,255,241,2024-03-15,82,4
11935,497,114,2024-08-30,133,4
11936,429,171,2025-03-16,21,4
11937,429,218,2025-03-16,88,1
11938,429,334,2025-03-17,140,4
11939,429,164,2025-03-17,156,4
11940,429,132,2025-03-17,108,5
11941,429,229,2025-03-17,111,2
11942,523,116,2024-07-11,149,4
11943,208,255,2024-04-09,37,4
11944,238,158,2024-08-01,31,1
11945,199,59,2025-03-03,133,4
11946,64,148,2024-11-25,133,5
11947,480,278,2024-09-12,100,3
11948,480,25,2024-09-12,84,4
11949,435,61,2025-02-22,158,3
11950,376,222,2025-04-06,84,2
11951,376,234,2025-04-06,87,4
11952,376,104,2025-04-06,127,2
11953,225,244,2025-12-05,143,5
11954,288,224,2024-03-06,160,4
11955,184,284,2025-04-14,45,3
11956,430,279,2025-05-31,96,4
11957,207,174,2024-09-15,99,1
11958,464,154,2025-01-13,158,2
11959,464,37,2025-01-13,54,1
11960,464,273,2025-01-13,77,2
11961,430,38,2024-04-24,46,4
11962,151,62,2024-02-28,21,1
11963,393,187,2024-09-14,49,5
11964,357,158,2024-05-27,22,4
11965,548,179,2024-02-22,104,5
11966,293,327,2025-07-02,115,4
11967,221,316,2025-08-25,72,4
11968,364,135,2024-01-06,149,1
11969,364,188,2024-01-06,29,4
11970,364,314,2024-01-07,143,5
11971,364,297,2024-01-07,87,2
11972,364,232,2024-01-07,128,1
11973,125,343,2025-11-17,94,3
11974,62,282,2024-01-25,137,3
11975,264,88,2024-11-30,148,1
11976,102,61,2024-06-21,90,5
11977,234,252,2024-04-12,93,5
11978,494,334,2024-03-23,113,5
11979,474,70,2024-08-14,53,3
11980,483,120,2024-02-19,106,3
11981,338,332,2025-03-04,30,3
11982,383,311,2025-06-02,49,5
11983,383,95,2025-06-02,43,4
11984,383,322,2025-06-02,79,5
11985,383,276,2025-06-02,139,4
11986,383,49,2025-06-02,107,1
11987,20,29,2024-12-14,40,2
11988,259,183,2024-05-01,74,3
11989,520,149,2024-10-18,106,5
11990,259,148,2024-12-07,72,5
11991,304,194,2024-12-18,109,5
11992,379,350,2024-11-27,113,5
11993,379,44,2024-07-07,24,3
11994,206,45,2024-12-28,85,3
11995,459,147,2025-02-09,161,5
11996,489,315,2025-05-11,160,5
11997,230,176,2025-01-23,131,3
11998,6,143,2025-01-20,143,5
11999,462,60,2025-12-28,164,4
12000,426,45,2024-01-04,133,4
12001,438,298,2024-09-13,95,5
12002,438,103,2024-09-13,58,5
12003,438,83,2024-09-13,137,1
12004,471,62,2025-06-10,158,3
12005,124,42,2025-10-20,157,1
12006,124,120,2025-10-20,34,1
12007,124,193,2025-10-20,122,1
12008,124,251,2025-10-21,72,3
12009,124,177,2025-10-21,62,5
12010,124,62,2025-10-21,57,5
12011,122,241,2024-11-24,116,2
12012,410,261,2025-11-05,139,3
12013,372,112,2024-10-29,119,4
12014,349,27,2025-03-18,159,3
12015,398,78,2024-01-17,23,2
12016,544,291,2024-04-04,126,4
12017,392,237,2024-05-29,112,4
12018,392,143,2024-05-29,68,5
12019,146,121,2024-11-16,102,3
12020,114,141,2024-04-11,112,4
12021,25,253,2024-04-21,108,1
12022,35,7,2024-05-13,72,5
12023,233,251,2025-07-09,147,3
12024,351,197,2024-05-17,59,4
12025,333,193,2025-09-27,80,4
12026,518,243,2024-11-12,16,4
12027,476,284,2024-10-08,134,3
12028,476,222,2024-10-08,76,5
12029,476,224,2024-10-08,37,4
12030,476,55,2024-10-09,65,1
12031,11,211,2025-11-04,36,4
12032,11,159,2025-11-05,64,3
12033,470,23,2024-03-07,144,5
12034,244,142,2025-01-02,131,5
12035,383,13,2024-12-21,141,3
12036,452,208,2025-09-21,131,3
12037,465,206,2025-07-15,20,3
12038,327,227,2025-07-02,50,1
12039,219,258,2024-04-26,152,5
12040,455,227,2024-08-23,20,3
12041,505,54,2024-03-22,138,4
12042,505,91,2024-03-22,127,5
12043,505,8,2024-03-22,126,3
12044,505,28,2024-03-22,63,5
12045,505,3,2024-03-22,87,5
12046,505,187,2024-03-23,134,5
12047,88,122,2024-05-07,91,3
12048,207,251,2025-01-15,125,2
12049,207,66,2025-01-15,163,5
12050,207,297,2025-01-15,145,2
12051,126,142,2025-03-09,160,3
12052,92,175,2024-08-29,83,3
12053,357,120,2025-12-12,89,3
12054,357,59,2025-12-12,44,3
12055,357,308,2025-12-12,126,5
12056,15,296,2025-01-10,52,5
12057,215,40,2024-07-18,141,5
12058,488,56,2025-12-14,94,1
12059,455,268,2025-12-11,133,5
12060,300,106,2024-02-25,108,4
12061,360,133,2025-09-03,125,4
12062,376,81,2025-07-26,18,1
12063,376,265,2025-07-26,109,3
12064,424,338,2025-12-24,26,2
12065,356,285,2024-04-19,85,2
12066,356,278,2024-04-19,130,4
12067,356,10,2024-04-19,146,4
12068,356,139,2024-04-19,138,5
12069,20,270,2025-04-18,154,3
12070,350,7,2024-08-11,26,3
12071,128,209,2024-11-30,156,3
12072,220,126,2025-08-03,114,2
12073,142,245,2024-08-09,16,2
12074,239,321,2025-08-17,131,4
12075,507,326,2025-02-09,44,5
12076,180,95,2025-01-23,109,3
12077,64,338,2025-07-21,71,5
12078,549,234,2025-04-18,92,1
12079,151,244,2024-05-02,139,5
12080,151,254,2024-05-02,144,3
12081,151,1,2024-05-02,103,3
12082,151,329,2024-05-03,32,3
12083,475,56,2025-11-02,111,4
12084,523,263,2025-06-27,127,4
12085,418,332,2025-07-28,136,2
12086,274,347,2024-07-10,138,3
12087,66,170,2024-08-22,130,4
12088,116,300,2025-07-21,69,5
12089,306,294,2025-05-03,52,4
12090,425,257,2025-05-27,121,4
12091,425,178,2025-05-27,117,1
12092,425,281,2025-05-27,19,3
12093,425,274,2025-05-27,98,3
12094,425,339,2025-05-28,155,4
12095,425,331,2025-05-28,65,1
12096,317,31,2024-06-12,121,4
12097,30,249,2025-10-24,30,4
12098,223,300,2024-11-05,15,3
12099,223,172,2024-11-06,17,4
12100,223,215,2024-11-06,139,4
12101,223,38,2024-11-06,103,5
12102,256,205,2024-09-09,85,5
12103,127,104,2024-07-30,15,2
12104,127,256,2024-07-30,95,4
12105,127,154,2024-07-30,62,4
12106,127,78,2024-07-30,90,4
12107,90,75,2024-06-15,159,5
12108,90,198,2024-06-15,137,5
12109,90,82,2024-06-16,85,5
12110,90,286,2024-06-16,81,4
12111,404,179,2025-03-22,82,2
12112,210,301,2025-09-14,85,4
12113,524,187,2024-04-29,22,2
12114,37,56,2025-10-04,57,1
12115,37,108,2025-10-04,137,2
12116,37,84,2025-10-04,24,3
12117,461,21,2024-10-13,107,5
12118,368,166,2025-05-28,141,2
12119,444,287,2024-10-17,132,4
12120,444,270,2024-10-17,153,4
12121,444,346,2024-10-17,38,5
12122,74,9,2025-09-07,106,5
12123,548,6,2024-09-20,23,3
12124,536,104,2024-05-05,111,5
12125,269,84,2024-11-19,165,4
12126,446,166,2025-10-03,78,3
12127,479,1,2024-11-12,84,4
12128,63,317,2024-04-20,74,1
12129,117,297,2025-03-09,130,3
12130,484,19,2025-03-26,124,4
12131,484,151,2025-03-26,139,1
12132,484,22,2025-03-27,109,5
12133,160,277,2025-04-29,107,5
12134,28,250,2025-11-10,47,5
12135,283,145,2025-06-30,150,5
12136,150,64,2024-01-27,162,5
12137,39,305,2025-04-08,89,2
12138,39,1,2025-04-08,34,1
12139,39,46,2025-04-08,119,5
12140,39,26,2025-04-08,140,3
12141,57,335,2024-02-16,158,1
12142,520,63,2025-05-21,63,2
12143,520,62,2025-05-21,102,4
12144,520,27,2025-05-21,129,3
12145,520,268,2025-05-22,137,1
12146,145,300,2025-04-16,88,4
12147,267,198,2024-05-30,89,2
12148,439,128,2024-01-02,109,3
12149,359,225,2024-06-04,123,4
12150,229,212,2024-04-23,113,4
12151,88,155,2025-02-24,74,4
12152,75,58,2025-01-12,57,4
12153,75,102,2025-01-12,33,3
12154,75,22,2025-01-12,120,3
12155,75,202,2025-01-13,121,3
12156,457,341,2024-07-07,83,5
12157,407,328,2025-03-02,20,1
12158,281,196,2024-07-21,92,3
12159,281,338,2024-07-21,142,1
12160,281,38,2024-07-21,119,5
12161,281,322,2024-07-21,72,4
12162,281,178,2024-07-22,95,3
12163,369,45,2025-09-26,137,5
12164,174,134,2024-04-14,156,5
12165,364,317,2024-05-12,127,1
12166,364,204,2024-05-13,48,4
12167,364,133,2024-05-13,145,1
12168,364,194,2024-05-13,157,4
12169,107,228,2025-09-14,161,5
12170,107,23,2025-09-14,162,3
12171,107,37,2025-09-15,154,4
12172,292,21,2024-01-14,62,2
12173,225,179,2025-04-03,153,5
12174,451,182,2024-04-24,143,4
12175,518,22,2024-11-22,97,2
12176,516,193,2025-10-15,64,5
12177,272,176,2024-03-08,77,1
12178,512,340,2024-09-12,136,3
12179,512,211,2024-09-12,92,2
12180,512,16,2024-09-12,123,5
12181,196,212,2024-02-12,92,3
12182,196,306,2024-02-12,128,3
12183,160,65,2025-04-25,124,4
12184,160,35,2025-04-25,84,3
12185,121,215,2025-12-12,148,5
12186,440,233,2025-03-05,80,5
12187,346,109,2024-05-12,67,2
12188,172,176,2024-06-08,80,3
12189,361,102,2025-04-13,77,2
12190,516,283,2024-10-09,95,3
12191,415,150,2025-04-29,132,2
12192,490,106,2024-10-04,108,4
12193,490,106,2024-10-04,73,3
12194,490,65,2024-10-04,112,5
12195,115,171,2024-08-29,95,5
12196,170,348,2025-08-11,112,2
12197,439,332,2024-01-06,92,3
12198,439,272,2024-01-07,107,3
12199,439,334,2024-01-07,101,5
12200,296,332,2024-06-02,85,5
12201,158,30,2025-01-27,111,5
12202,158,191,2025-01-27,100,5
12203,290,230,2025-05-16,154,3
12204,250,42,2024-03-17,37,5
12205,86,315,2025-01-19,23,4
12206,304,179,2024-09-10,59,1
12207,11,183,2024-08-06,67,4
12208,407,240,2024-02-21,79,4
12209,140,203,2024-05-10,47,3
12210,67,306,2024-12-25,158,5
12211,393,77,2024-06-15,128,3
12212,326,107,2025-02-05,161,3
12213,534,60,2024-02-29,58,3
12214,247,99,2025-04-17,143,1
12215,277,347,2025-12-10,24,1
12216,267,260,2025-01-12,117,4
12217,30,77,2025-02-10,99,2
12218,30,161,2025-02-10,58,5
12219,140,280,2024-02-19,132,5
12220,20,241,2025-09-11,57,2
12221,285,78,2025-10-22,134,5
12222,233,184,2025-09-25,44,1
12223,331,232,2024-10-21,66,5
12224,519,29,2024-01-21,102,4
12225,99,212,2025-04-10,19,2
12226,515,150,2025-07-10,146,3
12227,146,347,2025-01-23,143,5
12228,187,252,2025-08-30,133,2
12229,407,23,2024-04-01,134,1
12230,367,127,2024-05-20,75,2
12231,116,268,2024-10-19,80,3
12232,116,307,2024-10-19,20,4
12233,116,339,2024-10-19,101,2
12234,116,166,2024-10-19,142,4
12235,374,347,2024-07-31,106,5
12236,130,56,2025-01-18,50,1
12237,130,340,2025-01-19,122,3
12238,452,336,2024-07-11,102,5
12239,120,81,2025-02-24,79,5
12240,175,294,2024-12-02,116,3
12241,498,204,2025-02-06,43,3
12242,96,77,2025-06-11,136,3
12243,96,64,2025-06-11,48,5
12244,96,117,2025-06-11,155,5
12245,96,346,2025-06-11,88,1
12246,268,333,2024-02-02,125,4
12247,433,236,2025-09-11,22,2
12248,268,227,2025-07-21,32,2
12249,219,133,2024-06-19,123,4
12250,63,331,2024-07-18,77,3
12251,376,82,2024-12-03,57,3
12252,257,52,2025-07-24,101,3
12253,26,192,2024-10-27,82,4
12254,504,348,2024-02-21,142,2
12255,33,61,2024-06-22,102,3
12256,244,121,2024-09-06,119,1
12257,244,142,2024-09-06,72,4
12258,244,276,2024-09-06,93,1
12259,244,199,2024-09-07,144,1
12260,5,275,2025-08-20,125,3
12261,5,56,2025-08-20,126,5
12262,5,56,2025-08-21,76,3
12263,5,38,2025-08-21,115,2
12264,5,320,2025-08-21,160,5
12265,360,193,2025-05-26,21,3
12266,435,60,2025-12-31,121,5
12267,154,191,2025-09-01,84,5
12268,434,197,2025-11-03,105,5
12269,273,341,2025-11-05,94,4
12270,440,213,2025-02-04,83,4
12271,384,202,2025-03-11,52,3
12272,214,213,2024-08-21,163,4
12273,214,33,2024-08-21,69,5
12274,47,245,2024-10-29,128,4
12275,23,157,2024-11-23,119,2
12276,413,15,2024-01-08,28,1
12277,413,188,2024-01-08,141,5
12278,311,180,2025-06-05,143,3
12279,462,296,2024-07-02,85,5
12280,462,320,2024-07-02,135,4
12281,462,190,2024-07-02,117,4
12282,462,247,2024-07-02,68,4
12283,485,110,2025-02-20,50,5
12284,485,258,2025-02-20,79,5
12285,485,281,2025-02-20,61,4
12286,269,62,2024-11-06,19,1
12287,30,137,2024-02-01,77,5
12288,30,31,2024-02-01,134,1
12289,30,301,2024-02-01,82,1
12290,30,205,2024-02-02,101,5
12291,161,143,2024-02-21,89,4
12292,44,193,2025-08-21,143,4
12293,433,207,2025-04-21,49,4
12294,220,311,2025-11-23,41,5
12295,86,184,2024-02-06,41,4
12296,57,10,2025-02-22,64,2
12297,93,252,2024-05-25,24,3
12298,506,49,2024-01-10,56,1
12299,303,63,2025-03-09,129,5
12300,529,15,2024-07-01,158,4
12301,387,170,2024-06-05,104,3
12302,395,322,2024-10-18,110,3
12303,246,309,2025-10-18,116,5
12304,246,70,2025-10-18,134,1
12305,246,205,2025-10-19,142,4
12306,246,220,2025-10-19,120,4
12307,134,283,2025-07-26,152,2
12308,439,220,2025-11-15,133,5
12309,439,102,2025-11-16,28,4
12310,439,34,2025-11-16,129,5
12311,226,305,2024-10-11,84,5
12312,421,111,2025-02-17,134,3
12313,390,232,2025-04-30,164,2
12314,390,84,2025-04-30,153,5
12315,390,7,2025-04-30,137,3
12316,124,264,2024-04-09,117,3
12317,124,276,2024-04-09,147,5
12318,124,135,2024-04-09,148,3
12319,124,47,2024-04-10,95,3
12320,482,303,2025-07-08,129,2
12321,482,43,2025-07-08,106,2
12322,482,46,2025-07-08,125,3
12323,26,150,2025-04-28,74,4
12324,317,98,2025-12-25,155,2
12325,488,222,2024-12-29,63,2
12326,352,128,2024-07-09,60,2
12327,352,271,2024-07-09,59,4
12328,352,39,2024-07-09,151,5
12329,352,306,2024-07-09,143,1
12330,357,237,2024-06-09,122,5
12331,357,59,2024-06-09,106,4
12332,259,288,2025-09-29,18,1
12333,416,228,2025-07-02,132,3
12334,335,171,2025-06-11,75,4
12335,335,69,2025-06-11,104,5
12336,477,228,2025-05-17,156,3
12337,496,60,2025-08-23,138,5
12338,284,217,2025-03-21,141,1
12339,320,169,2024-08-11,51,1
12340,345,322,2025-12-15,84,1
12341,135,186,2025-03-08,151,5
12342,53,13,2024-03-06,88,3
12343,286,136,2024-03-22,125,4
12344,489,317,2024-07-05,101,5
12345,298,66,2024-08-11,158,3
12346,461,109,2025-10-25,30,3
12347,478,204,2024-07-11,43,4
12348,60,299,2024-07-17,123,1
12349,316,235,2024-08-31,163,3
12350,11,294,2024-02-25,36,3
12351,481,39,2025-09-01,165,3
12352,481,167,2025-09-01,110,3
12353,481,302,2025-09-01,20,1
12354,186,128,2025-08-26,152,1
12355,26,255,2025-09-22,163,3
12356,109,124,2024-04-28,30,3
12357,333,114,2024-06-22,91,4
12358,215,238,2025-02-27,108,3
12359,126,297,2025-07-31,22,4
12360,325,167,2025-05-19,141,4
12361,215,310,2024-02-16,136,1
12362,510,136,2025-10-11,49,4
12363,510,64,2025-10-11,109,4
12364,510,6,2025-10-11,130,5
12365,510,265,2025-10-12,165,5
12366,303,248,2025-06-02,120,5
12367,493,270,2025-07-24,83,1
12368,92,38,2025-11-15,108,4
12369,109,209,2025-11-26,50,2
12370,109,239,2025-11-26,161,1
12371,109,27,2025-11-26,105,5
12372,92,121,2024-01-08,85,5
12373,149,221,2024-09-24,43,5
12374,149,252,2024-09-24,56,3
12375,68,213,2025-05-17,128,5
12376,448,241,2025-12-09,109,4
12377,45,41,2024-11-04,151,5
12378,271,258,2024-09-12,112,5
12379,271,12,2024-09-12,108,3
12380,271,48,2024-09-12,103,4
12381,271,134,2024-09-13,57,5
12382,347,227,2024-03-20,100,3
12383,347,172,2024-03-20,85,2
12384,347,199,2024-03-21,138,2
12385,347,25,2024-03-21,145,1
12386,347,241,2024-03-21,116,4
12387,347,149,2024-03-21,16,2
12388,230,235,2024-02-26,91,4
12389,307,265,2024-09-18,56,4
12390,92,319,2024-10-30,30,2
12391,55,308,2024-12-23,34,2
12392,295,22,2025-08-25,91,5
12393,142,47,2024-01-01,118,3
12394,396,344,2025-06-21,75,4
12395,258,166,2024-07-03,27,4
12396,409,258,2025-09-21,136,3
12397,186,265,2025-08-15,134,4
12398,218,220,2024-06-25,115,3
12399,59,310,2024-08-07,130,5
12400,59,215,2024-08-07,157,5
12401,59,19,2024-08-07,106,5
12402,549,85,2024-06-27,17,4
12403,36,56,2025-02-19,99,3
12404,111,55,2024-03-20,73,5
12405,111,310,2024-03-20,87,4
12406,111,258,2024-03-21,108,3
12407,111,213,2024-03-21,134,2
12408,111,211,2024-03-21,36,5
12409,111,194,2024-03-21,126,3
12410,222,59,2024-12-21,44,2
12411,509,98,2025-02-23,82,5
12412,141,176,2025-09-24,102,4
12413,141,333,2025-09-24,44,3
12414,141,134,2025-09-24,49,5
12415,365,101,2024-07-03,41,2
12416,466,88,2025-06-04,110,4
12417,246,350,2025-01-19,86,5
12418,246,249,2025-01-19,145,4
12419,71,335,2024-03-14,138,3
12420,97,273,2025-02-14,108,3
12421,97,252,2025-02-15,142,4
12422,97,117,2025-02-15,29,3
12423,148,135,2025-08-15,120,4
12424,89,139,2024-08-16,144,3
12425,188,170,2024-02-13,133,3
12426,306,95,2025-07-30,40,2
12427,306,156,2025-07-31,67,5
12428,316,133,2024-01-02,124,1
12429,316,332,2024-01-02,90,4
12430,316,108,2024-01-02,122,5
12431,316,22,2024-01-02,17,4
12432,446,315,2025-03-31,150,5
12433,313,26,2025-06-17,98,1
12434,94,197,2024-10-02,101,5
12435,94,238,2024-10-02,82,4
12436,94,117,2024-10-02,21,4
12437,243,332,2025-10-09,141,3
12438,497,138,2025-05-04,139,4
12439,359,341,2024-10-15,82,3
12440,179,322,2024-11-27,79,5
12441,179,225,2024-11-27,131,3
12442,342,91,2024-03-31,27,4
12443,476,109,2024-09-15,117,5
12444,138,346,2024-06-07,54,3
12445,212,239,2025-01-24,159,3
12446,212,297,2025-01-24,139,5
12447,154,36,2024-12-20,16,2
12448,169,57,2024-08-06,49,4
12449,359,23,2025-10-28,150,3
12450,196,255,2025-06-17,56,4
12451,196,98,2025-06-17,152,5
12452,196,122,2025-06-18,50,5
12453,463,145,2024-05-29,128,4
12454,463,104,2024-05-29,112,5
12455,463,217,2024-05-29,136,5
12456,463,56,2024-05-29,106,3
12457,166,172,2024-08-27,123,3
12458,418,245,2025-04-25,147,3
12459,5,78,2024-01-23,83,1
12460,5,197,2024-01-23,77,5
12461,5,10,2024-01-24,120,5
12462,5,62,2024-01-23,99,3
12463,15,122,2024-06-19,84,4
12464,191,204,2024-09-03,117,5
12465,108,102,2024-04-09,105,2
12466,58,51,2024-12-31,88,4
12467,114,169,2025-11-18,124,3
12468,535,100,2025-02-15,87,5
12469,418,166,2024-04-26,160,5
12470,411,233,2024-11-08,159,1
12471,529,139,2024-08-08,33,2
12472,472,60,2025-07-12,61,3
12473,189,117,2024-04-14,138,4
12474,189,341,2024-04-14,157,2
12475,189,341,2024-04-14,72,4
12476,332,161,2024-11-05,77,2
12477,445,228,2024-04-24,151,3
12478,368,30,2024-03-25,121,4
12479,309,316,2024-12-07,130,2
12480,196,5,2024-05-24,131,2
12481,196,213,2024-05-24,122,3
12482,196,28,2024-05-24,34,3
12483,196,73,2024-05-24,120,4
12484,196,28,2024-05-24,82,5
12485,196,166,2024-05-25,116,5
12486,331,295,2024-08-04,135,4
12487,315,326,2025-05-18,32,4
12488,454,274,2025-09-08,70,1
12489,445,202,2024-06-16,160,3
12490,447,64,2025-04-08,108,4
12491,91,214,2024-07-08,153,5
12492,174,278,2024-03-10,21,1
12493,343,272,2025-09-24,32,4
12494,343,21,2025-09-25,51,4
12495,302,324,2024-11-07,151,3
12496,302,249,2024-11-07,57,2
12497,302,142,2024-11-08,106,5
12498,443,225,2024-06-05,78,2
12499,106,26,2025-03-19,146,5
12500,284,97,2025-09-07,40,4
12501,277,263,2025-09-05,36,4
12502,268,134,2024-05-15,57,2
12503,367,24,2025-10-12,152,1
12504,191,163,2025-01-29,151,4
12505,332,104,2025-07-26,115,5
12506,539,343,2024-07-03,16,1
12507,520,10,2025-02-22,155,5
12508,520,71,2025-02-22,79,2
12509,520,282,2025-02-22,129,4
12510,520,194,2025-02-22,132,4
12511,59,280,2025-09-03,42,3
12512,249,98,2024-06-11,85,2
12513,203,51,2025-01-27,73,5
12514,352,332,2025-11-02,79,4
12515,352,274,2025-11-02,26,2
12516,352,41,2025-11-02,150,3
12517,444,137,2025-01-04,135,5
12518,181,290,2024-12-03,118,4
12519,421,224,2025-05-12,81,5
12520,539,345,2025-06-14,113,2
12521,170,130,2024-11-26,145,2
12522,181,157,2025-05-31,94,5
12523,50,45,2025-05-11,95,4
12524,476,162,2024-06-02,90,5
12525,133,169,2025-06-30,77,5
12526,144,97,2024-04-20,105,5
12527,210,273,2025-09-27,148,5
12528,380,336,2025-12-19,158,4
12529,345,64,2025-02-11,101,2
12530,545,129,2025-11-05,153,3
12531,107,227,2024-08-15,146,4
12532,338,287,2025-08-25,92,5
12533,252,36,2024-10-20,68,4
12534,475,331,2024-08-31,152,3
12535,380,317,2025-06-17,149,1
12536,276,265,2025-11-26,66,4
12537,261,86,2025-05-04,163,5
12538,59,333,2024-02-29,94,2
12539,253,203,2024-07-18,118,3
12540,127,256,2025-05-23,72,1
12541,127,298,2025-05-23,103,4
12542,127,183,2025-05-24,29,2
12543,127,252,2025-05-24,160,4
12544,439,128,2025-04-01,90,5
12545,244,306,2025-07-24,35,5
12546,138,318,2025-06-10,116,3
12547,138,30,2025-06-10,82,5
12548,138,305,2025-06-10,142,5
12549,416,181,2024-10-02,57,4
12550,297,134,2025-05-11,45,4
12551,52,315,2025-01-05,113,3
12552,52,81,2025-01-05,52,4
12553,297,169,2025-08-22,159,5
12554,224,196,2025-04-25,158,4
12555,40,167,2024-07-07,45,4
12556,358,101,2024-11-17,137,1
12557,97,227,2024-12-24,40,1
12558,304,122,2025-04-29,144,4
12559,269,323,2024-12-28,24,4
12560,176,112,2024-03-04,63,5
12561,176,220,2024-03-04,123,5
12562,176,101,2024-03-04,101,5
12563,176,190,2024-03-05,118,3
12564,455,171,2024-07-02,89,3
12565,482,265,2025-09-08,99,5
12566,236,119,2025-02-09,164,4
12567,450,344,2024-04-22,115,3
12568,53,65,2024-10-15,103,4
12569,290,101,2025-01-10,118,2
12570,36,216,2024-09-15,114,2
12571,385,83,2025-07-10,22,4
12572,32,65,2024-04-03,60,5
12573,340,41,2025-12-26,21,2
12574,340,144,2025-12-26,88,1
12575,340,218,2025-12-26,163,1
12576,340,258,2025-12-26,36,4
12577,158,57,2024-05-03,146,1
12578,158,270,2024-05-03,137,5
12579,158,146,2024-05-04,39,5
12580,77,99,2024-04-06,153,5
12581,77,137,2024-04-06,83,5
12582,383,172,2024-12-13,78,3
12583,499,257,2024-04-22,20,4
12584,36,287,2024-09-21,83,5
12585,490,87,2025-03-24,163,5
12586,3,46,2025-10-08,54,2
12587,3,273,2025-10-09,71,2
12588,3,234,2025-10-09,47,5
12589,3,108,2025-10-09,125,5
12590,3,334,2025-10-09,134,3
12591,3,42,2025-10-09,155,3
12592,412,33,2025-03-15,93,5
12593,105,328,2024-06-25,145,5
12594,224,91,2024-08-16,54,2
12595,27,121,2024-10-10,54,5
12596,50,138,2025-01-17,46,2
12597,50,73,2025-01-17,112,4
12598,50,246,2025-01-17,111,2
12599,303,326,2025-05-10,92,1
12600,40,185,2024-04-24,161,3
12601,401,86,2024-07-06,74,3
12602,103,8,2024-12-08,163,5
12603,103,249,2024-12-08,123,3
12604,103,105,2024-12-08,87,5
12605,386,128,2024-11-26,92,1
12606,386,38,2024-11-26,60,5
12607,386,241,2024-11-26,155,2
12608,386,75,2024-11-26,77,5
12609,105,327,2025-09-24,89,3
12610,156,293,2025-04-30,53,4
12611,532,58,2024-12-02,28,1
12612,162,20,2025-04-02,35,4
12613,385,127,2024-01-23,32,3
12614,517,277,2025-10-15,128,4
12615,517,130,2025-10-16,136,3
12616,517,43,2025-10-16,45,4
12617,517,213,2025-10-16,145,2
12618,517,296,2025-10-16,163,5
12619,96,318,2024-05-27,143,4
12620,335,243,2024-11-23,105,3
12621,443,251,2024-03-05,92,4
12622,322,67,2024-07-15,71,5
12623,343,186,2025-10-02,87,5
12624,215,327,2025-01-01,83,3
12625,137,42,2024-01-02,28,3
12626,137,16,2024-01-02,80,3
12627,137,129,2024-01-02,138,3
12628,505,89,2025-09-03,87,3
12629,505,87,2025-09-03,140,3
12630,505,214,2025-09-03,143,5
12631,505,219,2025-09-04,69,5
12632,505,71,2025-09-04,82,3
12633,29,214,2024-05-12,46,5
12634,470,25,2025-05-23,107,3
12635,203,251,2024-03-28,51,5
12636,348,149,2025-04-10,96,4
12637,193,250,2025-01-10,36,4
12638,466,120,2024-02-20,112,2
12639,236,52,2025-12-11,121,4
12640,314,235,2024-12-14,129,5
12641,478,164,2025-12-03,128,3
12642,478,276,2025-12-03,135,5
12643,478,117,2025-12-03,142,4
12644,478,303,2025-12-03,115,4
12645,85,39,2024-12-15,112,2
12646,211,156,2025-11-01,137,3
12647,509,8,2024-08-22,66,5
12648,149,154,2025-09-24,55,3
12649,151,338,2024-12-24,92,4
12650,475,169,2024-05-26,94,2
12651,512,75,2024-02-14,51,2
12652,139,117,2024-05-02,72,2
12653,23,300,2024-08-19,87,3
12654,133,269,2024-06-11,84,5
12655,59,232,2025-06-23,104,5
12656,169,61,2025-10-29,152,5
12657,454,296,2024-05-02,160,2
12658,224,51,2025-08-22,132,5
12659,427,24,2024-12-04,107,1
12660,434,307,2024-06-11,60,3
12661,250,71,2025-06-04,161,2
12662,250,61,2025-06-04,130,3
12663,222,134,2024-10-27,113,5
12664,90,324,2025-09-07,103,3
12665,229,315,2024-12-04,79,4
12666,159,27,2025-09-11,93,1
12667,506,217,2024-02-24,72,4
12668,506,91,2024-02-24,83,3
12669,289,150,2024-05-30,162,2
12670,127,78,2024-11-13,161,4
12671,127,334,2024-11-14,59,5
12672,127,9,2024-11-14,73,5
12673,127,290,2024-11-14,94,4
12674,513,154,2025-09-15,70,3
12675,323,175,2025-04-09,141,4
12676,323,175,2025-04-10,126,5
12677,323,135,2025-04-10,130,5
12678,323,5,2025-04-10,71,5
12679,95,231,2024-11-11,122,4
12680,514,146,2024-09-02,86,5
12681,317,257,2025-02-28,148,5
12682,486,5,2024-02-04,37,4
12683,353,348,2024-08-25,41,5
12684,304,182,2025-01-07,22,1
12685,509,270,2024-05-06,98,3
12686,309,123,2025-01-26,130,5
12687,466,185,2025-09-15,89,5
12688,466,224,2025-09-16,148,5
12689,466,104,2025-09-16,34,3
12690,466,18,2025-09-16,104,3
12691,466,122,2025-09-16,68,5
12692,466,303,2025-09-16,59,1
12693,73,108,2025-01-27,93,1
12694,228,209,2025-09-16,161,5
12695,228,246,2025-09-16,151,5
12696,228,47,2025-09-16,154,5
12697,43,136,2025-11-12,132,5
12698,81,227,2025-12-10,53,5
12699,452,85,2025-09-27,123,3
12700,199,106,2024-09-14,151,5
12701,60,41,2024-06-02,51,1
12702,351,144,2025-04-13,136,3
12703,150,135,2024-10-04,90,5
12704,530,343,2024-07-27,165,3
12705,21,285,2025-10-04,113,5
12706,28,339,2024-04-17,49,1
12707,377,23,2024-07-24,121,4
12708,229,4,2024-02-04,119,3
12709,229,160,2024-02-04,84,5
12710,229,317,2024-02-04,156,4
12711,422,9,2025-02-06,108,3
12712,422,341,2025-02-06,144,4
12713,422,151,2025-02-06,144,4
12714,422,141,2025-02-06,144,1
12715,495,66,2025-06-06,73,4
12716,495,43,2025-06-06,112,1
12717,495,225,2025-06-06,140,1
12718,495,83,2025-06-06,110,4
12719,89,311,2024-02-18,45,4
12720,285,117,2024-08-14,106,2
12721,86,36,2025-04-23,78,5
12722,345,64,2024-03-28,130,5
12723,547,76,2025-02-11,47,5
12724,336,296,2024-11-25,27,2
12725,488,102,2024-04-14,163,1
12726,84,271,2024-08-16,42,2
12727,364,338,2025-09-08,128,5
12728,364,345,2025-09-08,133,3
12729,364,236,2025-09-08,119,1
12730,364,45,2025-09-08,67,5
12731,363,59,2025-01-14,27,2
12732,145,122,2025-10-25,48,5
12733,519,143,2024-09-25,45,2
12734,519,220,2024-09-26,70,4
12735,175,196,2024-02-25,140,1
12736,175,125,2024-02-25,92,5
12737,175,342,2024-02-25,80,4
12738,175,214,2024-02-25,60,4
12739,318,90,2024-07-04,108,4
12740,318,259,2024-07-04,95,2
12741,318,177,2024-07-04,23,4
12742,389,192,2025-09-13,156,2
12743,389,315,2025-09-13,95,4
12744,389,119,2025-09-14,164,5
12745,389,302,2025-09-14,79,5
12746,461,148,2025-08-26,116,5
12747,319,300,2024-05-19,54,5
12748,91,127,2024-10-17,95,5
12749,91,349,2024-10-17,84,4
12750,91,162,2024-10-18,118,3
12751,91,126,2024-10-18,133,5
12752,91,153,2024-10-18,136,3
12753,167,290,2025-05-09,148,2
12754,430,132,2025-12-21,25,4
12755,457,30,2024-04-05,104,3
12756,13,121,2024-03-29,142,5
12757,135,315,2025-01-10,27,1
12758,135,280,2025-01-10,115,5
12759,24,209,2024-12-21,33,4
12760,376,78,2024-10-07,82,5
12761,181,228,2025-08-09,122,3
12762,369,56,2025-05-08,69,5
12763,481,242,2024-01-30,134,1
12764,255,5,2024-05-07,23,2
12765,255,254,2024-05-07,65,5
12766,255,39,2024-05-08,108,2
12767,255,348,2024-05-08,84,5
12768,255,255,2024-05-08,160,3
12769,43,51,2025-11-28,41,5
12770,183,80,2024-07-16,98,4
12771,457,74,2024-08-04,76,2
12772,71,43,2025-07-23,151,4
12773,169,52,2024-06-19,41,3
12774,459,109,2025-10-21,98,4
12775,167,71,2024-01-13,80,1
12776,159,86,2024-10-24,146,3
12777,427,293,2025-12-18,143,4
12778,459,61,2025-11-17,91,5
12779,299,207,2024-02-05,121,3
12780,249,94,2024-04-04,62,5
12781,287,298,2025-01-23,78,5
12782,284,73,2025-06-08,18,2
12783,344,208,2024-03-13,112,5
12784,4,151,2025-05-23,76,3
12785,387,37,2024-03-06,32,4
12786,387,307,2024-03-06,45,5
12787,387,294,2024-03-06,35,2
12788,387,72,2024-03-06,135,4
12789,161,349,2024-02-04,29,4
12790,373,247,2025-01-10,112,4
12791,265,16,2025-11-26,146,5
12792,265,246,2025-11-26,149,3
12793,265,89,2025-11-26,150,5
12794,265,166,2025-11-26,132,5
12795,463,135,2024-06-26,129,5
12796,424,338,2024-12-18,158,5
12797,171,173,2024-03-02,33,1
12798,211,314,2024-12-20,107,5
12799,17,8,2024-09-04,32,3
12800,241,321,2025-12-23,106,5
12801,505,230,2025-08-16,129,3
12802,363,45,2024-03-26,47,5
12803,363,350,2024-03-26,113,4
12804,363,63,2024-03-27,59,3
12805,363,85,2024-03-27,57,5
12806,23,214,2025-10-04,86,4
12807,224,201,2025-04-05,104,1
12808,260,316,2024-02-18,71,1
12809,399,247,2024-07-21,18,4
12810,43,173,2025-08-27,141,4
12811,64,267,2024-05-22,150,5
12812,94,256,2025-09-27,101,5
12813,254,227,2024-12-23,155,3
12814,59,261,2025-06-09,153,5
12815,155,227,2024-08-16,78,2
12816,155,271,2024-08-16,125,3
12817,475,292,2024-06-27,84,5
12818,255,190,2024-09-26,89,5
12819,239,328,2024-04-27,97,5
12820,200,312,2025-01-17,108,3
12821,200,108,2025-01-17,130,4
12822,227,161,2024-03-07,147,3
12823,224,192,2024-07-15,161,2
12824,326,127,2024-11-01,113,5
12825,422,161,2024-01-01,24,1
12826,422,287,2024-01-01,53,3
12827,422,239,2024-01-01,110,5
12828,338,84,2025-03-14,39,2
12829,542,253,2024-06-08,120,2
12830,483,80,2025-06-10,49,3
12831,504,226,2024-08-03,156,3
12832,284,186,2025-05-19,32,4
12833,258,20,2024-09-17,121,2
12834,295,274,2025-06-22,140,3
12835,418,37,2025-06-26,124,3
12836,227,53,2024-02-27,136,4
12837,29,236,2024-02-11,74,3
12838,413,190,2024-12-20,121,3
12839,410,349,2024-01-13,142,4
12840,102,4,2025-02-06,94,3
12841,451,325,2024-05-05,123,5
12842,543,202,2025-05-22,144,2
12843,299,207,2025-06-19,152,3
12844,299,64,2025-06-19,35,3
12845,299,217,2025-06-19,38,5
12846,299,342,2025-06-19,43,2
12847,515,264,2024-07-30,150,2
12848,150,38,2025-12-26,92,3
12849,150,244,2025-12-26,125,4
12850,399,145,2025-10-06,149,5
12851,192,236,2024-08-27,135,1
12852,259,45,2025-01-16,97,4
12853,176,293,2024-09-08,109,4
12854,412,341,2024-06-08,34,4
12855,382,73,2025-05-05,42,5
12856,95,326,2024-02-24,91,3
12857,504,4,2025-01-17,82,5
12858,59,323,2025-09-30,126,1
12859,102,213,2024-09-15,72,3
12860,544,348,2024-01-08,162,4
12861,146,105,2024-01-27,15,2
12862,320,225,2024-03-17,82,3
12863,181,292,2024-08-22,143,2
12864,21,48,2025-02-13,78,3
12865,280,218,2024-04-03,27,1
12866,306,62,2024-12-12,94,5
12867,466,122,2024-03-16,129,5
12868,466,162,2024-03-16,117,5
12869,466,338,2024-03-16,70,3
12870,466,264,2024-03-16,76,2
12871,415,100,2025-06-16,135,4
12872,287,197,2025-09-29,164,4
12873,287,47,2025-09-29,18,2
12874,287,162,2025-09-29,21,3
12875,490,342,2024-02-10,69,4
12876,210,318,2024-03-09,134,5
12877,100,216,2024-05-31,22,2
12878,100,69,2024-06-01,165,5
12879,100,332,2024-06-01,32,3
12880,422,39,2025-05-15,54,4
12881,15,42,2024-05-14,132,4
12882,354,76,2025-07-20,71,1
12883,354,63,2025-07-21,117,4
12884,354,273,2025-07-21,116,5
12885,244,274,2024-04-16,127,3
12886,47,171,2024-05-30,53,3
12887,47,309,2024-05-30,57,5
12888,47,296,2024-05-30,120,3
12889,47,169,2024-05-30,70,4
12890,47,226,2024-05-30,145,2
12891,47,31,2024-05-30,30,1
12892,419,28,2024-11-07,78,4
12893,419,242,2024-11-07,103,4
12894,419,57,2024-11-07,35,3
12895,406,241,2024-11-01,85,1
12896,462,176,2024-05-21,129,4
12897,84,74,2025-03-08,71,4
12898,84,282,2025-03-08,82,3
12899,84,261,2025-03-08,93,5
12900,127,350,2025-02-11,165,4
12901,64,9,2025-10-06,105,5
12902,489,249,2025-01-18,75,3
12903,103,142,2025-12-02,117,4
12904,159,345,2024-09-21,16,4
12905,228,306,2024-04-05,144,5
12906,228,246,2024-04-05,150,3
12907,228,83,2024-04-06,29,3
12908,228,200,2024-04-06,23,3
12909,228,341,2024-04-06,74,5
12910,441,228,2025-11-25,23,2
12911,143,1,2025-09-17,150,5
12912,2,343,2025-05-14,129,4
12913,211,328,2025-03-07,80,3
12914,211,232,2025-03-07,51,3
12915,211,74,2025-03-07,85,1
12916,211,318,2025-03-07,144,3
12917,176,41,2025-10-27,101,3
12918,176,160,2025-10-28,114,5
12919,87,253,2024-10-05,160,3
12920,212,78,2024-09-15,62,3
12921,212,308,2024-09-15,165,5
12922,212,269,2024-09-15,40,4
12923,363,159,2024-07-27,62,4
12924,453,97,2024-02-12,162,3
12925,26,94,2024-01-11,20,4
12926,496,141,2024-09-27,40,4
12927,513,254,2024-01-01,142,5
12928,357,215,2025-03-13,75,1
12929,57,227,2024-06-19,41,3
12930,268,176,2024-12-05,126,5
12931,303,192,2025-11-16,94,4
12932,121,341,2025-11-27,160,4
12933,121,141,2025-11-27,97,3
12934,121,325,2025-11-27,140,3
12935,304,261,2024-07-14,143,5
12936,333,275,2025-02-22,144,4
12937,483,37,2025-05-30,84,5
12938,117,318,2025-10-24,62,2
12939,48,287,2024-12-21,45,4
12940,48,316,2024-12-21,115,3
12941,48,19,2024-12-21,128,2
12942,48,338,2024-12-21,119,2
12943,48,337,2024-12-21,165,3
12944,60,44,2024-02-27,75,2
12945,175,250,2024-06-30,157,3
12946,481,275,2025-03-04,57,3
12947,523,217,2025-05-30,162,4
12948,52,294,2025-12-29,92,3
12949,444,88,2025-07-31,165,4
12950,444,332,2025-07-31,151,4
12951,444,122,2025-07-31,143,5
12952,272,52,2024-11-21,82,3
12953,262,303,2024-09-10,150,5
12954,44,23,2024-04-29,44,4
12955,300,348,2024-12-12,96,4
12956,321,113,2025-01-11,86,4
12957,173,111,2025-10-10,76,4
12958,438,2,2024-02-27,71,1
12959,415,211,2024-05-22,115,5
12960,132,331,2025-06-29,120,5
12961,132,107,2025-06-30,107,1
12962,132,327,2025-06-30,121,3
12963,132,69,2025-06-30,105,3
12964,87,165,2025-06-04,117,3
12965,224,287,2024-10-24,98,5
12966,257,346,2025-07-01,63,3
12967,291,58,2024-02-16,126,4
12968,277,96,2025-11-28,105,2
12969,128,20,2024-06-10,101,2
12970,128,190,2024-06-10,44,5
12971,128,102,2024-06-11,38,5
12972,128,17,2024-06-11,87,4
12973,61,254,2024-12-14,19,1
12974,102,58,2024-05-20,131,4
12975,23,214,2024-06-20,56,3
12976,23,169,2024-06-20,140,4
12977,23,260,2024-06-20,159,3
12978,23,13,2024-06-21,80,2
12979,273,269,2025-05-23,119,3
12980,295,79,2024-06-02,73,3
12981,176,324,2024-11-06,89,5
12982,495,204,2025-01-20,136,5
12983,6,185,2025-06-21,151,5
12984,514,29,2024-12-17,92,5
12985,336,344,2025-06-12,131,3
12986,18,52,2025-07-17,70,5
12987,375,136,2025-03-12,91,3
12988,176,28,2024-02-01,131,4
12989,176,277,2024-02-02,132,5
12990,459,57,2024-10-17,119,3
12991,334,127,2025-10-26,34,1
12992,283,29,2024-03-09,78,5
12993,283,262,2024-03-10,35,2
12994,283,25,2024-03-10,82,5
12995,283,95,2024-03-10,39,5
12996,133,253,2025-12-12,110,2
12997,231,179,2024-03-05,152,5
12998,70,189,2025-02-16,115,2
12999,14,57,2025-11-09,99,2
13000,227,101,2024-10-17,79,4
13001,314,163,2024-07-05,41,2
13002,263,166,2024-11-13,62,5
13003,199,117,2024-11-11,118,2
13004,213,133,2024-05-16,164,3
13005,213,93,2024-05-16,94,5
13006,213,24,2024-05-16,101,3
13007,213,123,2024-05-16,144,5
13008,137,250,2025-08-25,157,5
13009,349,328,2024-04-17,52,4
13010,405,40,2024-05-04,93,5
13011,282,157,2024-05-10,81,4
13012,267,182,2024-08-12,122,5
13013,185,343,2025-02-25,122,3
13014,185,229,2025-02-25,128,3
13015,478,117,2025-12-29,118,3
13016,450,21,2025-11-22,42,4
13017,374,112,2024-05-08,88,1
13018,318,291,2025-03-04,150,2
13019,255,76,2024-06-27,114,5
13020,255,168,2024-06-27,128,5
13021,255,250,2024-06-27,133,5
13022,549,46,2025-08-06,88,4
13023,94,224,2024-01-06,94,5
13024,94,39,2024-01-06,123,3
13025,94,325,2024-01-06,158,4
13026,94,16,2024-01-06,104,5
13027,512,24,2024-10-19,119,4
13028,405,291,2024-06-27,164,5
13029,52,239,2024-09-21,51,5
13030,492,39,2024-11-06,148,4
13031,279,134,2025-11-04,88,2
13032,242,22,2024-07-14,68,5
13033,24,256,2025-08-19,133,5
13034,286,133,2025-07-23,125,3
13035,372,149,2024-04-20,133,4
13036,47,313,2024-02-21,117,4
13037,487,294,2024-10-25,52,1
13038,265,259,2024-05-03,107,4
13039,265,1,2024-05-03,121,2
13040,265,204,2024-05-03,159,5
13041,265,132,2024-05-03,140,4
13042,34,209,2025-10-30,149,1
13043,484,343,2024-04-28,34,4
13044,159,136,2025-06-23,80,5
13045,79,278,2025-06-09,108,5
13046,217,245,2025-03-29,121,5
13047,542,36,2025-03-05,85,3
13048,194,262,2024-09-19,112,2
13049,435,182,2024-06-25,45,4
13050,323,94,2025-04-25,161,3
13051,56,203,2025-11-04,137,4
13052,469,15,2024-06-23,148,4
13053,469,45,2024-06-23,161,4
13054,469,226,2024-06-23,135,5
13055,216,259,2024-08-13,137,3
13056,83,155,2024-01-08,98,4
13057,173,246,2024-11-19,125,3
13058,34,6,2024-01-13,144,3
13059,34,325,2024-01-13,119,5
13060,34,139,2024-01-13,39,5
13061,75,346,2025-07-13,149,4
13062,311,101,2025-04-12,136,5
13063,275,305,2024-08-24,115,3
13064,489,105,2024-09-07,143,4
13065,506,169,2024-02-03,156,3
13066,506,350,2024-02-03,47,3
13067,506,179,2024-02-03,103,5
13068,386,234,2024-02-08,102,4
13069,398,130,2025-07-08,156,5
13070,191,301,2024-06-26,76,3
13071,439,326,2025-09-06,37,4
13072,128,302,2024-09-01,81,5
13073,257,332,2025-06-06,16,2
13074,549,312,2024-08-16,121,3
13075,218,31,2024-03-16,52,4
13076,506,82,2025-04-25,35,1
13077,451,122,2024-08-11,111,3
13078,259,196,2024-01-25,82,5
13079,237,310,2024-08-15,30,4
13080,259,241,2025-05-05,156,4
13081,259,310,2025-05-05,92,3
13082,259,223,2025-05-05,16,3
13083,259,3,2025-05-05,129,3
13084,302,274,2025-07-02,76,2
13085,328,312,2024-06-11,116,3
13086,328,172,2024-06-12,103,4
13087,328,130,2024-06-12,150,2
13088,531,302,2024-03-23,117,5
13089,250,261,2025-05-26,154,4
13090,94,310,2025-03-07,20,3
13091,71,280,2025-10-26,131,2
13092,374,334,2024-04-14,79,4
13093,81,74,2025-11-24,157,3
13094,66,133,2025-12-15,125,5
13095,66,41,2025-12-16,45,5
13096,66,349,2025-12-16,134,5
13097,66,1,2025-12-16,21,3
13098,453,190,2024-12-02,164,4
13099,457,317,2025-02-19,29,1
13100,468,293,2024-12-24,165,5
13101,265,117,2024-12-09,115,4
13102,214,148,2024-11-24,92,5
13103,404,184,2024-09-06,119,5
13104,87,207,2025-01-14,103,5
13105,87,20,2025-01-14,68,3
13106,87,147,2025-01-14,90,2
13107,153,187,2025-07-22,154,5
13108,185,17,2024-07-16,129,5
13109,50,27,2024-04-12,58,1
13110,50,87,2024-04-13,71,5
13111,50,257,2024-04-13,86,1
13112,50,260,2024-04-13,80,3
13113,334,168,2025-06-26,127,1
13114,67,287,2025-07-19,145,5
13115,521,80,2024-09-16,101,5
13116,521,122,2024-09-16,118,3
13117,521,323,2024-09-16,141,4
13118,418,241,2024-09-12,110,4
13119,266,213,2024-06-09,96,4
13120,266,243,2024-06-09,152,5
13121,266,341,2024-06-09,55,3
13122,266,245,2024-06-09,91,2
13123,180,10,2024-09-27,162,4
13124,18,42,2025-03-28,84,3
13125,202,69,2024-07-14,26,4
13126,102,243,2025-06-12,160,4
13127,102,62,2025-06-12,138,4
13128,102,251,2025-06-13,143,3
13129,220,301,2024-11-12,146,3
13130,220,57,2024-11-12,62,3
13131,220,251,2024-11-12,145,4
13132,220,314,2024-11-12,152,5
13133,308,177,2025-04-03,87,5
13134,485,267,2025-12-30,141,5
13135,485,31,2025-12-30,68,2
13136,485,117,2025-12-31,54,4
13137,82,236,2025-11-03,113,5
13138,320,60,2025-02-26,159,4
13139,182,104,2024-10-25,80,1
13140,36,151,2025-11-17,51,5
13141,234,170,2025-11-19,61,4
13142,228,311,2025-10-14,154,2
13143,361,332,2024-07-31,144,5
13144,8,324,2024-06-28,93,3
13145,521,54,2025-11-04,135,5
13146,521,272,2025-11-05,26,2
13147,521,130,2025-11-05,118,2
13148,331,271,2024-03-15,136,3
13149,331,295,2024-03-15,83,4
13150,322,322,2025-03-13,116,4
13151,321,337,2024-11-28,133,4
13152,298,162,2025-01-31,132,1
13153,522,134,2025-06-27,69,5
13154,509,346,2025-08-04,131,5
13155,509,267,2025-08-04,99,5
13156,509,68,2025-08-04,104,4
13157,509,249,2025-08-04,112,5
13158,537,286,2025-05-03,133,4
13159,284,115,2024-07-12,132,2
13160,245,88,2025-09-08,98,4
13161,236,157,2025-05-19,148,5
13162,236,46,2025-05-19,96,4
13163,236,57,2025-05-19,42,4
13164,236,51,2025-05-19,78,4
13165,133,315,2024-05-16,122,1
13166,133,318,2024-05-17,150,4
13167,133,179,2024-05-17,162,4
13168,133,136,2024-05-17,95,5
13169,495,231,2025-07-27,85,5
13170,495,277,2025-07-27,93,4
13171,495,240,2025-07-27,74,5
13172,437,321,2024-03-19,66,3
13173,220,136,2024-07-03,107,3
13174,77,325,2025-05-08,149,5
13175,279,208,2024-01-07,117,1
13176,279,182,2024-01-07,152,1
13177,279,207,2024-01-08,154,5
13178,279,292,2024-01-08,118,5
13179,463,135,2025-03-27,142,1
13180,64,153,2025-03-10,32,2
13181,73,166,2025-06-20,21,4
13182,217,106,2025-06-18,123,4
13183,545,56,2025-01-31,153,5
13184,300,125,2025-01-12,61,5
13185,53,315,2024-10-20,133,5
13186,435,282,2025-11-23,87,5
13187,311,135,2024-03-06,101,4
13188,311,327,2024-03-06,15,4
13189,311,226,2024-03-06,18,2
13190,209,205,2025-07-20,128,4
13191,206,343,2025-02-01,157,3
13192,255,301,2025-11-20,63,3
13193,51,15,2024-12-03,98,4
13194,172,49,2024-11-21,119,5
13195,488,28,2025-12-09,29,4
13196,32,46,2025-01-11,83,4
13197,32,327,2025-01-11,49,5
13198,32,180,2025-01-11,32,2
13199,32,242,2025-01-12,157,5
13200,492,332,2025-08-04,138,4
13201,255,173,2025-05-06,111,3
13202,469,350,2024-06-13,46,5
13203,469,20,2024-06-14,91,5
13204,469,94,2024-06-14,65,4
13205,469,286,2024-06-14,149,5
13206,469,268,2024-06-14,30,1
13207,449,185,2024-06-21,130,5
13208,99,38,2024-10-29,98,5
13209,378,52,2024-04-14,102,4
13210,378,132,2024-04-14,56,2
13211,378,246,2024-04-14,159,5
13212,190,138,2025-11-06,104,4
13213,104,52,2025-08-21,163,4
13214,320,60,2025-05-17,55,2
13215,157,249,2024-12-05,77,3
13216,109,117,2024-08-12,122,5
13217,49,217,2024-04-11,146,3
13218,505,114,2024-07-26,123,3
13219,381,222,2025-02-26,147,3
13220,401,102,2025-06-27,34,2
13221,98,173,2025-05-23,138,5
13222,272,264,2024-06-26,125,4
13223,5,225,2025-11-04,103,3
13224,131,169,2024-03-14,29,4
13225,366,122,2024-05-15,157,4
13226,180,234,2024-08-13,36,3
13227,205,91,2024-06-09,106,5
13228,517,159,2025-03-26,35,5
13229,517,339,2024-06-18,65,4
13230,353,133,2025-09-09,103,2
13231,178,318,2024-10-13,152,4
13232,376,43,2024-08-01,87,3
13233,264,28,2024-02-20,121,2
13234,468,279,2025-04-26,81,5
13235,348,278,2025-06-19,149,4
13236,348,241,2025-06-19,145,2
13237,348,341,2025-06-19,94,4
13238,348,116,2025-06-19,45,4
13239,332,315,2025-12-15,79,5
13240,205,169,2024-08-01,149,4
13241,483,42,2024-05-26,39,5
13242,483,253,2024-05-26,83,5
13243,483,251,2024-05-26,129,5
13244,408,341,2024-06-09,141,3
13245,408,121,2024-06-09,90,3
13246,408,268,2024-06-09,64,5
13247,249,13,2024-01-11,84,2
13248,134,269,2024-07-05,80,5
13249,278,196,2024-06-22,154,3
13250,363,176,2024-10-23,136,3
13251,363,197,2024-10-23,90,2
13252,363,163,2024-10-23,98,5
13253,535,33,2024-07-04,32,1
13254,535,27,2024-07-04,93,3
13255,535,128,2024-07-04,52,5
13256,535,158,2024-07-04,25,4
13257,535,331,2024-07-04,65,3
13258,503,266,2025-04-26,139,1
13259,264,269,2025-07-14,142,1
13260,492,349,2024-07-28,94,1
13261,514,198,2025-02-13,60,3
13262,88,206,2024-02-16,103,1
13263,539,138,2025-03-23,140,5
13264,192,197,2025-11-22,113,5
13265,192,327,2025-11-22,92,3
13266,192,296,2025-11-22,162,3
13267,247,94,2024-11-19,106,2
13268,524,273,2025-07-14,105,1
13269,524,302,2025-07-14,159,4
13270,524,246,2025-07-15,98,4
13271,134,326,2024-10-05,35,5
13272,359,258,2025-05-18,86,4
13273,366,227,2025-07-24,44,3
13274,534,126,2024-09-30,17,4
13275,388,211,2024-02-04,34,4
13276,171,104,2024-02-14,99,3
13277,344,77,2025-03-14,140,3
13278,548,185,2024-09-29,35,3
13279,446,127,2025-10-27,139,2
13280,363,142,2025-07-21,31,4
13281,127,142,2024-09-03,126,4
13282,281,319,2024-03-23,133,3
13283,281,334,2024-03-23,95,3
13284,281,341,2024-03-23,34,1
13285,281,317,2024-03-23,61,5
13286,281,39,2024-03-24,156,4
13287,281,233,2024-03-24,102,5
13288,194,166,2025-03-31,122,1
13289,264,212,2024-09-24,53,1
13290,24,151,2025-11-08,66,4
13291,450,146,2025-09-06,52,4
13292,450,13,2025-09-07,76,5
13293,450,58,2025-09-07,118,5
13294,159,320,2025-04-23,135,3
13295,135,336,2024-08-11,80,3
13296,182,224,2024-07-20,102,5
13297,182,338,2024-07-20,96,1
13298,182,162,2024-07-20,29,3
13299,182,332,2024-07-20,86,5
13300,182,313,2024-07-21,145,3
13301,241,5,2025-10-22,165,3
13302,355,213,2024-03-29,26,3
13303,68,234,2024-10-04,41,1
13304,413,301,2024-08-09,59,4
13305,318,5,2024-04-27,30,2
13306,377,291,2025-11-06,149,2
13307,352,301,2024-12-19,46,2
13308,352,311,2024-12-19,101,4
13309,352,76,2024-12-19,165,3
13310,352,33,2024-12-19,164,1
13311,295,233,2024-06-11,27,3
13312,440,346,2025-10-17,42,5
13313,440,256,2025-10-17,95,3
13314,483,195,2025-11-25,79,5
13315,88,194,2025-11-03,109,1
13316,283,182,2025-04-11,93,5
13317,55,6,2025-05-20,104,3
13318,13,345,2024-01-18,68,4
13319,13,153,2024-01-18,152,5
13320,13,242,2024-01-19,65,5
13321,13,9,2024-01-19,17,1
13322,350,106,2025-08-31,122,3
13323,350,342,2025-08-31,61,3
13324,350,213,2025-08-31,133,3
13325,80,157,2025-02-06,95,3
13326,342,99,2024-03-01,67,5
13327,342,128,2024-03-01,156,1
13328,459,268,2025-05-08,30,2
13329,523,234,2024-11-25,135,2
13330,85,275,2024-10-14,112,5
13331,142,328,2025-01-05,153,5
13332,142,35,2025-01-05,25,2
13333,142,196,2025-01-05,115,5
13334,142,268,2025-01-05,110,4
13335,142,256,2025-01-05,44,3
13336,366,113,2024-07-16,135,1
13337,60,231,2024-07-12,138,1
13338,437,324,2025-06-23,126,4
13339,359,287,2025-07-11,150,1
13340,312,185,2024-04-25,164,4
13341,480,175,2024-09-09,23,2
13342,6,334,2024-12-11,153,4
13343,437,99,2025-12-03,42,5
13344,144,297,2024-02-08,86,1
13345,144,312,2024-02-08,48,4
13346,144,283,2024-02-09,91,5
13347,144,165,2024-02-09,112,5
13348,144,111,2024-02-09,150,4
13349,512,223,2025-02-19,25,2
13350,497,153,2025-05-14,56,5
13351,504,49,2024-07-26,87,5
13352,130,291,2025-03-29,66,2
13353,85,172,2024-10-22,134,4
13354,314,85,2025-05-16,78,3
13355,259,213,2024-03-19,121,5
13356,471,272,2024-09-03,142,5
13357,183,45,2024-08-07,96,4
13358,254,21,2024-03-26,148,2
13359,254,175,2024-03-26,162,2
13360,521,34,2024-02-17,96,1
13361,388,266,2025-04-28,86,4
13362,107,324,2024-11-18,116,4
13363,187,332,2024-11-12,15,4
13364,187,316,2024-11-13,92,1
13365,187,227,2024-11-13,116,3
13366,290,163,2025-07-21,135,5
13367,290,62,2025-07-21,92,4
13368,290,64,2025-07-21,36,5
13369,290,278,2025-07-21,57,4
13370,156,94,2024-03-30,54,4
13371,156,296,2024-03-30,70,3
13372,182,338,2025-12-09,139,4
13373,182,122,2025-12-09,143,1
13374,182,253,2025-12-09,126,1
13375,182,119,2025-12-09,31,2
13376,86,229,2024-09-30,44,5
13377,303,242,2025-08-02,67,4
13378,265,74,2025-12-08,145,3
13379,370,175,2024-05-20,115,4
13380,166,279,2024-12-01,89,3
13381,170,304,2025-10-02,163,2
13382,334,56,2025-05-25,28,2
13383,90,80,2025-01-10,142,5
13384,430,76,2024-07-20,159,2
13385,362,197,2024-05-15,68,3
13386,165,111,2025-09-09,16,1
13387,275,74,2025-05-25,143,3
13388,16,179,2024-11-23,33,2
13389,488,306,2024-04-07,131,5
13390,291,160,2025-03-24,146,3
13391,29,31,2024-04-29,17,3
13392,29,328,2024-04-29,154,5
13393,165,186,2025-09-26,77,4
13394,300,331,2024-04-09,106,5
13395,293,217,2025-04-13,143,4
13396,293,234,2025-04-13,158,2
13397,293,148,2025-04-13,72,4
13398,99,152,2024-08-25,71,1
13399,421,222,2024-07-07,124,4
13400,487,267,2025-03-21,129,4
13401,2,91,2025-05-13,42,4
13402,381,20,2025-03-17,108,5
13403,129,83,2025-01-23,23,4
13404,153,303,2025-02-18,24,2
13405,153,123,2025-02-18,151,5
13406,153,135,2025-02-18,145,5
13407,366,2,2024-12-17,57,3
13408,366,197,2024-12-17,30,4
13409,325,102,2025-11-26,54,5
13410,180,298,2024-02-09,156,5
13411,122,33,2025-04-08,29,4
13412,27,227,2024-04-19,89,4
13413,279,225,2025-05-18,63,4
13414,464,250,2024-03-19,85,5
13415,464,122,2024-03-20,91,5
13416,464,233,2024-03-20,82,3
13417,418,306,2024-12-06,123,5
13418,396,169,2024-06-25,86,1
13419,396,313,2024-04-12,125,1
13420,396,127,2024-04-12,56,3
13421,396,132,2024-04-12,19,1
13422,352,209,2025-10-15,77,3
13423,352,227,2025-10-15,67,3
13424,352,305,2025-10-15,104,5
13425,23,117,2024-09-21,93,4
13426,431,166,2024-12-01,63,3
13427,60,248,2025-05-28,91,5
13428,455,314,2025-06-23,143,5
13429,455,14,2025-06-24,101,2
13430,348,324,2025-04-05,85,4
13431,303,87,2025-04-13,154,4
13432,44,177,2024-02-19,76,2
13433,97,176,2025-06-16,17,1
13434,63,187,2024-07-11,92,1
13435,492,103,2024-04-08,25,2
13436,428,37,2024-02-25,87,1
13437,413,329,2024-05-20,108,5
13438,302,9,2024-09-28,163,4
13439,71,143,2025-02-08,108,2
13440,385,75,2025-02-23,108,4
13441,191,158,2025-07-28,18,3
13442,364,328,2024-12-27,52,5
13443,364,167,2024-12-27,140,4
13444,364,45,2024-12-27,118,4
13445,364,336,2024-12-27,107,5
13446,174,256,2025-06-19,162,2
13447,323,343,2024-09-17,75,4
13448,426,306,2025-01-30,17,3
13449,323,77,2025-02-15,29,3
13450,388,163,2024-11-19,119,5
13451,440,321,2025-09-06,81,4
13452,129,302,2025-01-21,131,2
13453,511,9,2025-07-18,94,4
13454,289,122,2024-03-21,120,5
13455,108,304,2025-09-02,80,4
13456,259,319,2024-09-23,79,5
13457,88,326,2025-12-13,15,4
13458,549,4,2024-01-13,150,3
13459,443,123,2024-07-28,36,4
13460,394,177,2025-07-30,137,4
13461,319,338,2024-06-25,99,2
13462,228,164,2025-12-31,121,3
13463,239,297,2024-04-15,137,5
13464,289,241,2024-08-15,98,3
13465,291,177,2024-11-03,34,2
13466,164,9,2025-07-04,129,3
13467,463,335,2025-10-31,30,2
13468,123,94,2024-10-02,148,4
13469,24,128,2025-08-22,39,4
13470,453,172,2025-02-14,157,3
13471,53,110,2024-09-16,31,2
13472,483,24,2025-06-11,109,5
13473,483,331,2025-06-12,92,3
13474,116,155,2025-04-22,136,2
13475,89,17,2024-12-29,153,2
13476,400,277,2025-07-25,68,4
13477,218,160,2025-04-01,99,3
13478,206,179,2024-10-09,151,1
13479,251,249,2024-05-09,87,4
13480,211,188,2024-04-22,91,5
13481,517,327,2024-02-19,85,4
13482,539,194,2024-05-06,31,1
13483,327,320,2024-01-26,90,5
13484,109,109,2025-10-03,116,4
13485,10,97,2025-03-30,120,5
13486,450,301,2024-10-22,32,4
13487,507,253,2025-12-09,45,4
13488,124,209,2024-09-16,125,5
13489,108,300,2025-12-19,30,1
13490,243,144,2024-03-20,139,5
13491,396,322,2025-06-22,72,2
13492,324,295,2024-08-10,157,4
13493,324,232,2024-08-10,116,2
13494,324,86,2024-08-10,35,4
13495,324,251,2024-08-10,82,2
13496,324,39,2024-08-10,100,2
13497,324,209,2024-08-10,101,1
13498,288,121,2024-06-18,86,1
13499,546,182,2024-12-31,147,4
13500,391,81,2024-07-30,161,5
13501,366,325,2025-04-14,78,4
13502,366,215,2025-04-15,115,4
13503,366,121,2025-04-15,93,4
13504,366,230,2025-04-15,38,2
13505,255,315,2025-08-18,101,1
13506,398,246,2025-07-03,153,2
13507,40,167,2024-01-28,140,5
13508,379,303,2025-03-07,35,5
13509,545,163,2025-03-27,55,5
13510,30,138,2025-05-29,82,4
13511,46,8,2025-01-16,145,5
13512,283,155,2025-04-17,71,4
13513,108,173,2024-12-26,144,5
13514,170,327,2025-06-26,69,5
13515,123,268,2024-08-22,57,4
13516,57,108,2024-10-12,148,4
13517,179,321,2025-04-19,95,4
13518,469,135,2025-11-21,84,5
13519,524,102,2024-01-04,112,3
13520,539,90,2025-11-21,122,3
13521,539,268,2025-03-24,74,2
13522,175,266,2024-07-26,105,5
13523,175,30,2024-07-26,159,1
13524,340,188,2024-06-08,34,4
13525,340,176,2024-06-08,83,4
13526,340,75,2024-06-08,105,3
13527,340,76,2024-06-09,80,2
13528,335,308,2025-11-01,144,3
13529,452,46,2025-12-07,120,2
13530,177,197,2025-03-30,116,3
13531,366,350,2025-10-08,79,3
13532,298,167,2025-03-22,34,3
13533,510,57,2025-10-28,106,5
13534,510,256,2025-10-28,151,5
13535,510,309,2025-10-28,50,4
13536,327,89,2025-07-06,137,5
13537,327,243,2025-07-06,76,4
13538,327,298,2025-07-06,88,2
13539,473,35,2025-10-08,142,5
13540,167,268,2025-11-19,86,3
13541,180,280,2024-03-22,59,5
13542,163,72,2024-12-14,64,3
13543,163,300,2024-12-14,18,2
13544,163,335,2024-12-14,85,5
13545,25,264,2025-08-27,117,3
13546,57,326,2025-08-26,30,2
13547,293,111,2024-10-16,103,4
13548,495,236,2024-08-02,86,4
13549,27,35,2025-03-17,137,5
13550,548,96,2025-02-28,66,2
13551,32,145,2025-04-28,99,5
13552,171,343,2024-03-03,114,1
13553,171,88,2024-03-04,26,1
13554,84,95,2025-08-21,155,5
13555,125,245,2024-07-11,149,5
13556,337,17,2024-08-13,148,3
13557,447,315,2025-12-27,114,4
13558,68,326,2024-05-18,147,2
13559,324,145,2025-09-10,155,4
13560,125,84,2024-01-10,68,5
13561,271,110,2024-10-08,159,5
13562,364,180,2024-07-26,96,3
13563,364,308,2024-07-26,80,2
13564,364,302,2024-07-26,162,3
13565,364,112,2024-07-26,86,3
13566,364,261,2024-07-27,148,4
13567,30,54,2025-05-13,111,3
13568,30,159,2025-05-13,139,4
13569,30,177,2025-05-13,46,5
13570,30,208,2025-05-13,52,4
13571,532,239,2024-01-03,100,4
13572,55,254,2024-08-07,40,5
13573,10,271,2025-08-04,27,4
13574,204,155,2024-06-18,19,3
13575,274,298,2025-06-23,153,5
13576,369,22,2025-09-21,78,3
13577,57,209,2025-01-05,114,3
13578,529,279,2024-06-25,38,5
13579,153,95,2025-04-07,116,5
13580,316,205,2025-04-26,63,4
13581,508,289,2025-02-22,165,4
13582,54,80,2025-03-14,123,4
13583,490,337,2024-03-26,25,4
13584,394,291,2024-08-02,38,1
13585,394,272,2024-08-02,90,5
13586,394,214,2024-08-02,88,4
13587,394,272,2024-08-02,156,5
13588,243,51,2025-07-27,72,4
13589,58,197,2024-10-08,165,2
13590,58,167,2024-10-08,162,5
13591,518,297,2025-10-04,20,2
13592,276,138,2025-05-29,93,5
13593,172,60,2024-02-21,87,2
13594,435,68,2024-04-15,101,2
13595,381,203,2025-11-09,69,5
13596,518,75,2025-04-16,107,2
13597,9,334,2025-05-02,112,5
13598,276,80,2025-04-25,131,5
13599,80,249,2025-10-05,65,5
13600,408,189,2024-06-26,20,3
13601,408,165,2024-06-26,112,1
13602,408,254,2024-06-26,150,5
13603,408,45,2024-06-26,96,3
13604,408,216,2024-06-26,163,5
13605,408,30,2024-06-27,139,5
13606,213,189,2024-05-31,146,1
13607,162,41,2024-07-19,120,3
13608,162,145,2024-07-19,100,3
13609,181,101,2025-02-09,77,1
13610,471,29,2024-09-07,131,5
13611,443,269,2024-09-10,78,2
13612,90,228,2025-12-24,163,4
13613,378,248,2024-05-04,163,4
13614,262,139,2025-02-16,118,5
13615,430,282,2024-07-19,162,5
13616,308,94,2025-04-06,92,4
13617,228,32,2025-03-08,76,4
13618,228,347,2025-03-09,53,5
13619,228,128,2025-03-09,111,5
13620,228,228,2025-03-09,59,5
13621,228,174,2025-03-09,146,5
13622,228,75,2025-03-09,113,2
13623,379,250,2025-03-10,127,1
13624,379,79,2025-03-10,38,2
13625,342,206,2025-09-02,84,5
13626,342,206,2025-09-02,118,5
13627,342,155,2025-09-02,76,5
13628,336,190,2025-08-16,72,2
13629,45,99,2025-09-12,160,5
13630,502,265,2024-06-13,103,5
13631,59,112,2025-10-06,128,1
13632,365,12,2024-06-28,149,5
13633,65,75,2024-11-18,154,4
13634,29,80,2024-07-08,144,4
13635,133,94,2025-03-09,150,3
13636,322,191,2024-01-22,63,5
13637,193,46,2024-08-30,87,4
13638,401,251,2024-06-19,25,2
13639,401,298,2024-06-19,162,5
13640,401,171,2024-06-19,18,1
13641,401,124,2024-06-19,95,4
13642,511,242,2025-02-24,33,4
13643,511,288,2025-02-24,82,5
13644,511,317,2025-02-25,55,5
13645,511,29,2025-02-24,155,4
13646,105,252,2024-08-25,156,4
13647,35,152,2025-04-23,131,4
13648,420,236,2024-11-28,96,5
13649,282,34,2025-10-23,105,3
13650,343,213,2024-11-11,154,4
13651,51,56,2025-10-02,97,4
13652,40,98,2025-05-13,63,3
13653,521,257,2025-10-08,99,3
13654,521,54,2025-10-08,101,4
13655,521,149,2025-10-08,127,4
13656,521,322,2025-10-08,71,3
13657,521,138,2025-10-08,17,3
13658,521,252,2025-10-08,45,5
13659,361,202,2024-08-14,149,5
13660,361,23,2024-08-14,49,5
13661,361,318,2024-08-14,135,3
13662,346,163,2025-07-31,141,2
13663,314,271,2025-08-15,28,4
13664,465,319,2025-03-13,97,4
13665,505,320,2024-08-11,52,5
13666,257,216,2025-12-30,83,2
13667,111,153,2025-03-16,162,4
13668,111,109,2025-03-16,51,2
13669,111,142,2025-03-16,53,2
13670,111,215,2025-03-16,160,5
13671,111,108,2025-03-17,119,4
13672,111,243,2025-03-17,101,4
13673,20,258,2025-11-14,119,4
13674,20,312,2025-11-14,67,5
13675,20,208,2025-11-14,23,1
13676,20,152,2025-11-14,96,3
13677,44,211,2024-09-30,35,5
13678,44,193,2024-09-30,87,4
13679,44,333,2024-09-30,75,5
13680,44,95,2024-09-30,102,5
13681,505,349,2025-12-27,116,5
13682,316,22,2025-08-28,109,5
13683,372,112,2024-01-03,113,4
13684,372,285,2024-01-03,94,3
13685,372,3,2024-01-03,151,5
13686,379,105,2025-01-19,139,5
13687,379,186,2025-01-20,20,4
13688,379,255,2025-01-20,127,3
13689,379,89,2025-01-20,30,1
13690,335,171,2025-02-13,149,4
13691,266,324,2024-05-26,107,4
13692,266,101,2024-05-27,18,2
13693,266,76,2024-05-27,40,3
13694,253,230,2025-05-23,98,4
13695,253,140,2025-05-24,59,5
13696,96,234,2025-02-25,53,3
13697,395,134,2025-10-28,140,4
13698,236,158,2025-08-14,85,3
13699,89,271,2024-02-20,129,4
13700,155,23,2025-04-08,119,5
13701,384,31,2025-05-17,144,5
13702,324,76,2024-04-06,84,5
13703,324,318,2024-04-06,144,1
13704,324,276,2024-04-06,21,4
13705,324,257,2024-04-06,16,1
13706,93,172,2025-04-05,125,5
13707,324,176,2024-10-29,157,5
13708,93,102,2025-01-13,129,1
13709,93,326,2025-01-14,142,4
13710,93,209,2025-01-14,158,5
13711,395,313,2024-08-14,137,1
13712,147,214,2025-09-25,59,5
13713,531,201,2024-10-28,124,2
13714,526,268,2024-12-18,104,4
13715,390,130,2024-03-06,27,3
13716,74,261,2025-11-21,86,5
13717,465,186,2024-02-05,35,4
13718,212,189,2025-05-21,43,5
13719,212,203,2025-05-21,69,5
13720,212,169,2025-05-21,97,4
13721,212,311,2025-05-22,85,1
13722,212,312,2025-05-21,69,5
13723,212,238,2025-05-22,106,5
13724,535,170,2024-05-26,60,3
13725,13,345,2024-06-04,110,2
13726,256,145,2024-05-30,142,5
13727,130,347,2025-04-18,157,5
13728,203,296,2024-07-20,132,4
13729,479,8,2025-08-17,110,2
13730,98,47,2025-07-31,107,4
13731,493,70,2025-08-30,92,5
13732,493,24,2025-08-30,121,4
13733,252,227,2024-08-22,75,4
13734,252,96,2024-08-22,90,3
13735,130,23,2024-07-01,94,5
13736,106,235,2024-09-23,83,3
13737,266,321,2025-10-16,125,5
13738,266,51,2025-10-16,108,3
13739,266,312,2025-10-16,133,5
13740,106,217,2025-07-05,143,4
13741,106,94,2025-07-05,84,2
13742,106,169,2025-07-05,162,4
13743,106,342,2025-07-06,154,3
13744,340,102,2025-11-06,84,3
13745,56,104,2024-05-23,21,1
13746,56,65,2024-05-23,94,5
13747,56,342,2024-05-23,153,5
13748,56,322,2024-05-23,111,2
13749,56,28,2024-05-23,165,5
13750,71,78,2025-06-03,87,4
13751,179,238,2024-12-31,84,4
13752,464,244,2024-12-22,121,4
13753,398,294,2024-10-21,143,5
13754,529,1,2025-06-25,32,3
13755,529,147,2025-06-25,17,1
13756,247,85,2024-03-28,138,4
13757,120,74,2024-05-04,143,5
13758,483,154,2025-06-03,32,1
13759,359,129,2025-05-19,139,1
13760,284,281,2025-10-28,122,3
13761,284,98,2025-10-28,132,5
13762,387,325,2025-12-15,102,4
13763,55,261,2025-08-19,152,3
13764,55,96,2025-08-19,80,5
13765,55,115,2025-08-19,53,3
13766,73,258,2024-11-23,105,2
13767,358,98,2025-07-30,116,2
13768,285,188,2025-12-29,86,5
13769,79,302,2025-01-05,83,4
13770,281,160,2025-05-13,41,2
13771,439,252,2025-12-07,47,5
13772,266,120,2024-08-16,110,5
13773,2,277,2025-02-11,21,4
13774,158,127,2024-08-29,79,5
13775,130,228,2025-08-21,138,5
13776,452,137,2025-01-01,78,5
13777,203,289,2024-03-24,34,4
13778,419,345,2025-12-29,20,2
13779,440,120,2025-07-20,55,5
13780,365,41,2024-03-06,99,2
13781,365,246,2024-03-06,88,4
13782,365,17,2024-03-07,154,5
13783,173,212,2025-07-14,146,5
13784,531,348,2025-04-15,85,2
13785,237,265,2025-06-22,141,5
13786,237,96,2025-06-22,69,3
13787,237,161,2025-06-22,119,5
13788,74,265,2025-06-29,155,5
13789,78,241,2024-02-29,88,1
13790,47,225,2024-12-07,143,5
13791,79,107,2025-06-03,59,3
13792,536,173,2025-05-13,162,5
13793,536,56,2025-05-13,39,2
13794,536,318,2025-05-14,20,4
13795,536,85,2025-05-14,112,4
13796,340,270,2024-08-17,118,2
13797,472,180,2024-04-27,144,2
13798,168,20,2024-02-25,20,4
13799,502,26,2025-07-04,108,5
13800,414,50,2024-12-10,97,3
13801,208,102,2024-08-25,109,3
13802,202,156,2024-09-10,116,4
13803,371,141,2024-12-14,159,1
13804,513,56,2025-10-21,151,4
13805,513,277,2025-10-21,86,4
13806,513,226,2025-10-21,26,2
13807,259,289,2024-02-01,149,5
13808,105,13,2025-01-17,149,5
13809,189,37,2024-10-30,68,5
13810,280,86,2024-09-09,42,5
13811,105,252,2025-11-17,64,5
13812,428,291,2024-08-08,159,3
13813,34,163,2025-12-01,55,4
13814,421,38,2025-11-27,90,1
13815,355,311,2025-04-10,124,1
13816,365,225,2024-07-09,133,3
13817,367,73,2024-07-05,113,2
13818,16,95,2024-07-31,132,4
13819,55,312,2025-11-22,139,3
13820,55,97,2025-11-22,151,5
13821,12,26,2024-06-02,38,4
13822,235,203,2024-11-29,159,4
13823,383,198,2024-05-12,156,3
13824,383,297,2024-05-12,102,5
13825,383,51,2024-05-12,154,3
13826,383,189,2024-05-12,106,4
13827,38,150,2024-03-17,23,3
13828,494,224,2024-10-13,116,1
13829,494,119,2024-10-13,76,2
13830,494,29,2024-10-13,111,5
13831,494,103,2024-10-13,107,2
13832,319,273,2025-01-04,81,3
13833,357,233,2025-03-25,66,5
13834,37,176,2025-02-01,124,3
13835,291,112,2025-09-22,130,5
13836,291,10,2024-03-20,69,3
13837,285,72,2025-04-01,149,5
13838,474,66,2025-07-04,157,2
13839,474,243,2025-07-04,157,5
13840,474,70,2025-07-04,62,3
13841,474,215,2025-07-04,165,2
13842,363,119,2025-09-05,139,2
13843,363,175,2025-09-05,137,4
13844,158,284,2024-03-25,100,3
13845,372,160,2024-07-14,49,4
13846,372,167,2024-07-14,35,3
13847,138,99,2024-06-25,132,2
13848,221,317,2024-12-19,92,5
13849,221,137,2024-12-19,71,3
13850,221,279,2024-12-19,37,5
13851,38,283,2024-04-01,124,5
13852,305,307,2025-04-13,112,5
13853,482,253,2025-08-12,125,3
13854,408,123,2025-10-28,57,4
13855,270,187,2025-06-27,67,5
13856,72,127,2025-03-25,20,3
13857,136,18,2025-08-16,91,4
13858,136,81,2025-08-16,137,3
13859,467,349,2025-01-13,157,4
13860,467,202,2025-01-13,127,3
13861,403,128,2025-07-04,122,5
13862,403,133,2025-07-04,106,2
13863,403,239,2025-07-04,118,4
13864,161,313,2024-12-30,89,5
13865,7,237,2024-05-24,130,3
13866,411,193,2024-01-26,160,5
13867,425,106,2025-05-27,89,4
13868,359,335,2025-07-10,122,3
13869,152,268,2025-05-30,81,3
13870,156,294,2025-08-02,108,2
13871,232,142,2025-05-16,94,4
13872,311,321,2024-02-06,116,2
13873,311,270,2024-02-06,131,5
13874,311,182,2024-02-06,127,5
13875,311,64,2024-02-06,27,4
13876,410,317,2024-05-30,72,3
13877,3,103,2025-08-17,155,4
13878,262,282,2025-11-24,16,1
13879,59,345,2025-08-04,55,2
13880,496,172,2024-07-03,131,1
13881,297,145,2024-08-05,65,2
13882,47,56,2024-11-05,123,3
13883,71,275,2024-01-22,17,4
13884,327,154,2025-12-19,162,1
13885,163,108,2024-03-11,153,1
13886,65,196,2024-08-10,77,4
13887,65,184,2024-08-10,56,5
13888,39,58,2025-07-16,43,5
13889,265,308,2025-12-04,59,5
13890,247,163,2025-08-07,25,4
13891,8,121,2024-11-01,93,2
13892,280,157,2025-04-10,72,4
13893,500,189,2025-07-02,160,5
13894,60,90,2024-03-16,134,5
13895,267,84,2025-03-06,21,1
13896,150,245,2025-03-22,145,4
13897,102,139,2024-01-08,133,2
13898,492,33,2024-01-05,78,5
13899,492,151,2024-01-05,68,5
13900,186,88,2025-05-07,107,1
13901,277,162,2024-01-31,41,2
13902,84,302,2024-09-11,78,5
13903,440,185,2025-12-01,66,3
13904,276,13,2024-10-05,130,2
13905,299,154,2025-04-29,94,4
13906,299,246,2025-04-29,50,4
13907,299,252,2025-04-29,40,4
13908,299,167,2025-04-29,150,5
13909,299,28,2025-04-30,52,3
13910,299,323,2025-04-30,98,5
13911,156,95,2024-05-16,111,3
13912,535,258,2024-06-03,87,3
13913,267,119,2024-01-12,146,4
13914,320,29,2025-09-11,148,1
13915,336,48,2024-02-05,39,5
13916,75,251,2024-03-16,107,5
13917,147,209,2025-03-21,100,4
13918,147,292,2025-03-21,134,3
13919,513,201,2024-09-08,135,4
13920,30,110,2025-11-01,20,1
13921,151,222,2024-11-26,106,5
13922,403,142,2024-01-29,89,5
13923,203,161,2024-03-08,114,1
13924,28,178,2025-07-13,84,1
13925,28,8,2025-07-13,130,3
13926,269,112,2024-07-15,155,5
13927,80,63,2025-06-20,132,3
13928,80,113,2025-06-20,56,2
13929,80,296,2025-06-20,88,2
13930,80,205,2025-06-20,104,1
13931,368,309,2025-05-18,60,4
13932,235,222,2025-12-13,126,3
13933,235,238,2025-12-13,90,5
13934,235,292,2025-12-14,156,2
13935,394,197,2024-12-05,83,3
13936,215,61,2025-05-24,160,3
13937,146,115,2025-12-02,22,1
13938,284,118,2025-05-27,47,3
13939,40,258,2025-07-10,126,4
13940,292,220,2025-04-05,106,2
13941,368,326,2025-05-19,15,1
13942,497,154,2025-10-11,112,4
13943,39,169,2024-10-27,154,1
13944,76,53,2024-04-07,163,5
13945,21,67,2024-11-05,134,5
13946,378,67,2024-07-25,153,2
13947,66,239,2024-11-04,151,5
13948,373,147,2024-10-25,91,2
13949,509,274,2024-11-03,135,4
13950,439,343,2024-10-31,148,5
13951,439,213,2024-10-31,124,5
13952,125,317,2024-02-14,47,1
13953,121,21,2025-07-26,96,2
13954,497,214,2024-05-08,104,2
13955,71,104,2024-11-18,78,3
13956,102,312,2025-03-23,148,1
13957,522,47,2024-06-13,115,3
13958,485,88,2025-05-14,106,5
13959,485,84,2025-05-14,99,4
13960,485,39,2025-05-14,51,2
13961,437,186,2025-11-06,113,5
13962,331,16,2025-02-20,128,1
13963,516,263,2025-12-12,121,2
13964,62,291,2025-09-05,140,2
13965,214,47,2024-02-01,98,3
13966,426,23,2025-05-30,79,1
13967,14,253,2024-11-10,138,2
13968,65,212,2025-06-08,143,5
13969,436,304,2024-01-10,155,5
13970,388,14,2025-12-14,119,4
13971,462,295,2024-02-15,159,5
13972,257,320,2025-03-23,40,3
13973,453,141,2025-06-18,160,2
13974,510,272,2025-09-15,143,1
13975,289,9,2025-03-13,124,4
13976,26,341,2025-12-24,165,4
13977,26,252,2025-12-24,149,1
13978,26,218,2025-12-25,51,4
13979,26,95,2025-12-25,143,5
13980,486,12,2024-07-07,141,3
13981,179,302,2024-06-10,128,5
13982,153,82,2025-08-10,92,3
13983,234,343,2024-08-30,48,5
13984,244,84,2024-05-09,84,3
13985,476,59,2025-06-17,67,5
13986,238,142,2025-03-17,70,5
13987,252,144,2025-01-10,109,4
13988,311,251,2024-10-03,49,5
13989,513,201,2024-02-23,65,2
13990,57,347,2025-07-12,15,3
13991,345,184,2025-08-06,157,3
13992,202,171,2025-06-01,38,3
13993,363,193,2024-11-20,160,5
13994,466,294,2025-06-08,136,5
13995,421,28,2025-05-22,142,2
13996,472,208,2025-04-14,87,3
13997,232,208,2024-11-04,133,4
13998,354,148,2025-07-23,58,5
13999,503,4,2025-01-14,105,4
14000,23,215,2024-04-16,142,4
14001,111,66,2025-02-22,59,3
14002,345,300,2025-01-22,74,4
14003,351,42,2024-02-10,86,4
14004,458,207,2025-06-21,130,5
14005,458,126,2025-06-22,87,5
14006,458,33,2025-06-22,162,3
14007,458,115,2025-06-22,153,2
14008,458,240,2025-06-22,63,5
14009,458,249,2025-06-22,82,3
14010,109,167,2024-06-03,150,2
14011,109,62,2024-06-03,25,2
14012,109,47,2024-06-04,26,1
14013,212,230,2024-11-16,94,4
14014,166,339,2025-09-20,99,1
14015,293,332,2025-05-17,72,3
14016,19,117,2025-07-09,147,3
14017,137,120,2025-06-04,164,2
14018,137,284,2025-06-04,95,5
14019,137,273,2025-06-04,108,3
14020,46,105,2024-10-21,128,4
14021,36,246,2025-02-26,149,4
14022,343,6,2025-08-02,103,5
14023,376,262,2024-03-12,81,5
14024,272,208,2025-11-23,95,5
14025,373,129,2025-12-31,112,2
14026,40,278,2025-09-16,79,3
14027,181,258,2024-01-17,66,3
14028,181,304,2024-01-18,162,1
14029,181,253,2024-01-18,147,3
14030,72,245,2025-01-10,146,4
14031,94,223,2025-01-17,62,2
14032,232,295,2025-07-17,106,3
14033,232,191,2025-07-18,40,4
14034,232,350,2025-07-18,106,3
14035,232,233,2025-07-18,150,4
14036,129,80,2025-09-27,106,3
14037,129,111,2025-09-27,80,5
14038,129,75,2025-09-27,120,4
14039,129,16,2025-09-27,103,4
14040,35,175,2024-10-12,87,4
14041,138,317,2025-01-08,82,4
14042,489,207,2025-10-02,118,3
14043,142,216,2025-05-14,24,3
14044,379,26,2024-06-05,105,4
14045,399,291,2025-09-24,50,3
14046,393,309,2024-04-19,100,3
14047,407,173,2024-08-11,114,5
14048,346,99,2025-10-05,88,4
14049,497,92,2025-09-10,43,2
14050,405,91,2024-08-13,16,1
14051,225,260,2024-04-20,116,3
14052,522,37,2024-09-22,69,3
14053,43,185,2024-07-24,38,2
14054,489,189,2024-06-01,128,5
14055,442,255,2025-11-28,87,5
14056,444,324,2024-03-02,102,5
14057,461,42,2025-07-21,142,5
14058,499,322,2024-09-16,65,4
14059,82,205,2024-05-29,42,5
14060,295,267,2025-10-10,33,1
14061,114,286,2025-06-01,77,3
14062,418,76,2025-03-25,51,5
14063,362,117,2025-12-31,99,4
14064,68,227,2024-11-02,40,3
14065,198,264,2024-04-07,62,5
14066,325,61,2024-07-26,92,3
14067,440,13,2025-08-05,123,5
14068,327,334,2024-11-18,115,4
14069,287,42,2024-03-13,109,3
14070,536,167,2024-08-11,86,3
14071,456,348,2024-03-14,123,5
14072,456,136,2024-03-14,148,4
14073,371,195,2024-02-16,53,2
14074,65,298,2025-11-01,117,3
14075,165,167,2025-02-14,63,4
14076,346,273,2025-10-23,86,4
14077,162,305,2025-02-11,79,5
14078,341,345,2024-06-02,42,3
14079,35,271,2025-06-09,27,1
14080,482,102,2025-10-13,82,5
14081,547,307,2024-08-06,148,2
14082,442,54,2024-02-03,151,4
14083,477,42,2024-01-13,140,5
14084,109,283,2024-08-17,136,5
14085,109,345,2024-08-17,155,5
14086,109,109,2024-08-17,41,2
14087,109,70,2024-08-17,150,4
14088,109,148,2024-08-18,36,4
14089,109,55,2024-08-18,80,5
14090,282,299,2025-02-14,120,2
14091,482,33,2024-01-01,92,3
14092,482,2,2024-01-01,164,3
14093,482,327,2024-01-01,78,4
14094,265,281,2024-09-16,18,1
14095,136,338,2025-12-26,82,5
14096,209,3,2024-03-13,47,4
14097,415,117,2024-04-05,146,4
14098,500,171,2024-06-03,102,4
14099,281,38,2025-03-29,62,5
14100,35,76,2024-11-24,101,3
14101,301,293,2025-06-25,140,2
14102,434,319,2025-10-06,149,5
14103,484,218,2025-11-09,23,2
14104,195,278,2024-10-19,131,5
14105,4,121,2025-09-29,135,3
14106,268,237,2025-12-12,90,3
14107,268,294,2025-12-12,121,1
14108,268,95,2025-12-12,73,4
14109,198,214,2025-04-14,82,5
14110,350,50,2024-09-19,101,4
14111,350,80,2024-09-19,87,3
14112,366,315,2025-12-20,100,5
14113,314,73,2025-10-13,23,4
14114,8,45,2024-01-29,28,1
14115,283,137,2025-02-14,106,3
14116,393,331,2024-06-30,114,4
14117,31,114,2024-08-07,73,5
14118,546,284,2024-02-01,101,2
14119,83,28,2024-06-16,86,2
14120,92,163,2024-08-04,143,1
14121,288,183,2024-05-20,146,1
14122,324,232,2024-01-15,97,5
14123,69,4,2024-03-18,147,3
14124,400,154,2025-02-24,79,4
14125,448,196,2025-11-18,97,5
14126,150,136,2025-05-18,154,4
14127,372,181,2024-07-26,138,4
14128,372,350,2024-07-26,106,3
14129,531,254,2025-01-15,145,5
14130,531,161,2025-01-15,120,4
14131,531,170,2025-01-15,60,5
14132,531,18,2025-01-15,131,3
14133,361,173,2025-05-29,50,2
14134,361,302,2025-05-29,150,3
14135,240,232,2025-08-01,132,5
14136,247,211,2024-04-15,137,3
14137,22,341,2024-01-21,73,2
14138,22,65,2024-01-21,73,5
14139,22,306,2024-01-22,61,3
14140,300,177,2025-10-18,107,3
14141,25,152,2024-07-05,110,2
14142,305,325,2024-11-17,90,3
14143,535,47,2024-01-15,60,3
14144,535,19,2024-01-15,151,5
14145,535,65,2024-01-15,28,1
14146,535,79,2024-01-15,165,2
14147,535,74,2024-01-15,164,3
14148,121,129,2024-09-07,123,5
14149,404,148,2024-11-22,75,5
14150,55,347,2025-10-27,142,5
14151,125,271,2024-02-09,138,4
14152,64,153,2025-09-05,90,4
14153,428,205,2024-06-23,99,4
14154,428,74,2024-06-23,56,5
14155,191,87,2024-06-09,114,4
14156,445,39,2025-06-29,109,4
14157,331,61,2025-11-18,38,4
14158,115,108,2025-03-01,104,3
14159,367,150,2025-01-07,133,3
14160,430,175,2024-06-03,159,5
14161,334,76,2024-03-26,22,1
14162,24,243,2024-09-22,131,4
14163,309,139,2025-11-20,137,2
14164,452,63,2024-08-04,45,5
14165,529,94,2024-07-12,159,5
14166,529,13,2024-07-12,117,4
14167,529,134,2024-07-12,55,2
14168,479,101,2024-02-15,156,1
14169,479,288,2024-02-15,94,4
14170,480,241,2025-08-23,124,5
14171,386,16,2025-07-19,111,2
14172,359,178,2025-12-03,152,4
14173,218,153,2024-07-27,163,2
14174,47,157,2025-02-27,84,4
14175,360,188,2025-06-12,29,4
14176,296,246,2025-06-13,121,3
14177,62,76,2025-10-04,92,5
14178,503,150,2024-05-30,136,5
14179,503,142,2024-05-31,88,5
14180,503,278,2024-05-31,38,5
14181,366,88,2024-03-25,122,5
14182,512,165,2025-12-20,106,5
14183,328,237,2025-08-10,101,4
14184,127,330,2024-01-25,158,2
14185,547,338,2025-11-25,154,3
14186,89,112,2024-05-03,55,4
14187,549,157,2024-03-24,163,5
14188,362,271,2024-10-01,37,4
14189,102,120,2025-03-14,110,3
14190,13,152,2024-07-23,142,2
14191,518,41,2024-04-13,107,3
14192,538,81,2025-07-12,81,5
14193,546,193,2025-08-19,109,5
14194,546,146,2025-08-20,121,4
14195,546,247,2025-08-20,23,3
14196,186,177,2025-03-28,150,3
14197,186,157,2025-03-28,89,1
14198,536,332,2025-07-08,84,5
14199,473,234,2024-04-21,135,4
14200,357,227,2024-07-07,115,5
14201,425,285,2025-10-31,109,5
14202,425,239,2025-11-01,145,3
14203,425,190,2025-11-01,157,5
14204,282,148,2025-10-21,133,5
14205,282,121,2025-10-22,56,4
14206,96,296,2025-07-25,118,1
14207,447,49,2025-02-21,37,2
14208,138,350,2025-01-20,99,4
14209,138,301,2025-01-21,132,4
14210,138,217,2025-01-21,124,5
14211,138,324,2025-01-21,162,2
14212,461,183,2024-12-12,103,1
14213,319,116,2024-08-05,116,4
14214,270,317,2024-01-08,103,3
14215,542,212,2025-12-18,152,5
14216,542,146,2025-12-18,74,1
14217,288,183,2025-10-03,54,3
14218,507,342,2025-10-15,87,5
14219,533,209,2024-08-18,147,4
14220,509,11,2025-03-23,149,2
14221,135,166,2024-03-29,89,2
14222,407,125,2025-08-25,147,2
14223,377,218,2025-11-29,146,3
14224,167,93,2024-02-15,105,2
14225,167,167,2024-02-16,155,4
14226,492,151,2024-07-23,152,5
14227,416,82,2024-06-11,39,3
14228,102,229,2025-01-19,85,4
14229,515,156,2024-01-18,81,3
14230,63,7,2025-02-18,88,3
14231,506,221,2024-02-08,111,4
14232,534,277,2024-06-04,144,5
14233,42,21,2025-09-10,17,3
14234,227,69,2025-12-20,99,4
14235,486,136,2025-07-06,36,2
14236,540,128,2024-11-06,73,2
14237,422,78,2024-02-29,160,5
14238,52,106,2024-06-20,124,3
14239,52,67,2024-06-21,163,4
14240,52,175,2024-06-21,164,2
14241,52,271,2024-06-21,91,4
14242,510,71,2025-09-02,17,2
14243,41,128,2025-03-04,124,5
14244,533,221,2024-04-10,99,5
14245,125,324,2025-02-13,32,2
14246,487,294,2024-06-06,92,1
14247,415,223,2025-11-26,161,4
14248,150,94,2024-03-31,103,3
14249,268,227,2024-03-27,30,4
14250,290,21,2025-04-05,102,4
14251,332,39,2024-01-30,97,3
14252,83,77,2025-11-04,17,3
14253,130,177,2024-01-07,138,5
14254,120,133,2024-02-22,133,5
14255,220,95,2025-10-01,44,2
14256,220,225,2025-10-01,51,5
14257,220,228,2025-10-02,50,1
14258,220,290,2025-10-02,103,5
14259,341,304,2024-06-07,154,5
14260,341,243,2024-06-07,87,2
14261,504,56,2025-06-14,145,5
14262,504,4,2025-06-14,36,5
14263,86,276,2025-02-07,86,4
14264,219,253,2025-06-11,76,5
14265,82,298,2024-06-24,111,5
14266,95,347,2025-12-19,33,1
14267,219,126,2024-03-31,61,5
14268,219,83,2024-03-31,51,3
14269,219,113,2024-03-31,112,2
14270,219,87,2024-03-31,113,5
14271,106,30,2025-07-09,161,5
14272,386,327,2024-04-07,20,3
14273,291,66,2024-04-20,63,5
14274,307,309,2024-07-04,159,5
14275,535,25,2024-03-02,126,4
14276,535,172,2024-03-02,99,3
14277,535,66,2024-03-02,31,4
14278,175,37,2024-01-17,78,2
14279,67,322,2024-07-21,49,5
14280,203,320,2024-08-15,20,3
14281,203,142,2024-08-15,159,4
14282,277,222,2024-08-13,94,1
14283,356,76,2024-04-08,81,2
14284,52,220,2024-04-12,102,1
14285,434,1,2024-04-03,78,2
14286,262,126,2024-08-03,81,4
14287,119,30,2025-05-04,151,4
14288,468,2,2025-08-15,158,4
14289,113,127,2024-06-03,63,2
14290,413,40,2024-10-31,155,4
14291,413,333,2024-10-31,123,3
14292,413,48,2024-10-31,51,2
14293,17,42,2024-08-13,137,4
14294,462,341,2024-01-08,110,5
14295,497,86,2024-08-24,74,3
14296,441,211,2025-03-31,119,3
14297,441,269,2025-03-31,95,4
14298,441,51,2025-03-31,136,5
14299,441,202,2025-03-31,92,4
14300,13,179,2025-05-06,72,5
14301,228,176,2024-08-31,115,3
14302,228,47,2024-08-31,22,4
14303,228,181,2024-08-31,80,5
14304,228,1,2024-08-31,154,5
14305,496,152,2025-03-23,154,3
14306,212,78,2025-12-09,114,5
14307,212,145,2025-12-09,88,4
14308,212,343,2025-12-09,165,5
14309,212,242,2025-12-10,34,4
14310,212,334,2025-12-10,81,1
14311,212,333,2025-12-10,96,5
14312,36,141,2024-05-06,74,5
14313,36,228,2024-05-06,154,2
14314,34,296,2025-07-15,76,3
14315,367,290,2024-12-30,98,2
14316,367,188,2024-12-30,40,4
14317,367,222,2024-12-30,157,5
14318,72,302,2024-09-15,45,2
14319,355,16,2024-03-07,102,4
14320,235,280,2024-07-11,30,3
14321,296,79,2025-06-18,25,4
14322,214,91,2024-09-29,79,5
14323,49,347,2024-08-11,164,5
14324,117,78,2024-01-19,102,3
14325,83,40,2024-03-12,49,2
14326,527,222,2025-08-16,160,5
14327,527,221,2025-08-16,157,1
14328,527,144,2025-08-16,108,5
14329,527,165,2025-08-16,41,5
14330,70,224,2024-06-10,99,4
14331,335,63,2024-04-26,73,3
14332,314,272,2024-09-21,143,3
14333,255,325,2025-08-15,73,1
14334,255,27,2025-08-16,116,5
14335,255,333,2025-08-16,73,1
14336,255,93,2025-08-16,142,5
14337,255,339,2025-08-16,25,3
14338,536,80,2024-04-16,122,5
14339,59,249,2025-11-11,137,4
14340,84,279,2025-03-08,102,4
14341,146,17,2024-10-03,153,2
14342,429,29,2024-09-07,83,4
14343,429,266,2024-09-07,120,2
14344,429,323,2024-09-07,85,1
14345,429,100,2024-09-07,92,5
14346,429,128,2024-09-08,43,5
14347,273,120,2024-08-14,129,2
14348,65,289,2025-04-08,73,3
14349,345,146,2024-02-21,100,5
14350,339,321,2025-02-25,119,1
14351,308,231,2025-09-20,82,3
14352,308,298,2025-09-20,26,1
14353,308,139,2025-09-20,137,2
14354,105,336,2025-12-21,47,4
14355,424,313,2024-09-14,107,3
14356,124,326,2024-01-14,119,4
14357,109,165,2024-07-18,151,4
14358,202,132,2025-10-20,43,4
14359,337,186,2024-01-17,22,1
14360,109,283,2024-08-05,121,5
14361,109,17,2024-08-05,78,3
14362,109,288,2024-08-05,25,1
14363,109,196,2024-08-05,132,1
14364,23,24,2024-02-17,98,4
14365,252,215,2025-07-27,126,2
14366,293,310,2025-05-01,73,5
14367,219,48,2025-12-29,53,2
14368,219,24,2025-12-29,130,3
14369,114,233,2024-05-18,101,4
14370,137,310,2024-10-17,114,5
14371,137,308,2024-10-17,157,2
14372,137,18,2024-10-17,57,2
14373,137,267,2024-10-17,132,2
14374,137,301,2024-10-17,70,4
14375,137,269,2024-10-17,118,3
14376,372,112,2024-11-10,135,4
14377,458,140,2024-01-09,45,2
14378,458,304,2024-01-09,39,5
14379,458,174,2024-01-09,163,2
14380,458,218,2024-01-09,147,2
14381,458,47,2024-01-10,34,3
14382,458,84,2024-01-10,146,4
14383,264,4,2024-04-28,83,1
14384,264,249,2024-04-28,106,3
14385,264,23,2024-04-28,151,3
14386,92,301,2025-01-25,73,4
14387,81,212,2024-03-29,44,5
14388,231,77,2025-11-30,121,5
14389,499,202,2024-09-18,128,4
14390,499,53,2024-09-18,111,5
14391,499,253,2024-09-18,73,5
14392,451,217,2025-01-06,140,5
14393,519,292,2024-12-15,115,3
14394,284,81,2025-03-31,73,1
14395,47,234,2025-11-17,112,3
14396,47,240,2025-11-17,129,4
14397,47,94,2025-11-17,89,5
14398,47,126,2025-11-17,127,5
14399,47,114,2025-11-18,73,5
14400,47,263,2025-11-17,143,1
14401,120,76,2025-09-16,67,5
14402,229,14,2024-07-05,116,3
14403,229,194,2024-07-05,96,2
14404,229,26,2024-07-05,74,4
14405,229,2,2024-07-05,73,2
14406,498,197,2024-03-09,63,2
14407,498,109,2024-03-10,43,5
14408,498,22,2024-03-10,17,3
14409,498,290,2024-03-10,161,4
14410,9,318,2025-05-27,140,4
14411,9,310,2025-05-28,30,4
14412,9,310,2025-05-28,96,4
14413,111,129,2024-01-15,53,5
14414,111,229,2024-01-15,163,5
14415,111,303,2024-01-15,153,2
14416,111,108,2024-01-15,77,4
14417,104,16,2024-11-14,115,2
14418,335,116,2024-06-13,35,4
14419,476,268,2025-09-03,98,5
14420,2,131,2025-06-24,22,1
14421,191,225,2024-10-09,33,1
14422,18,218,2025-05-01,116,3
14423,305,16,2025-07-03,122,2
14424,332,152,2024-11-29,15,4
14425,332,302,2024-11-29,153,3
14426,332,291,2024-11-29,90,2
14427,50,94,2024-09-04,71,5
14428,50,11,2024-09-04,145,2
14429,50,281,2024-09-04,159,5
14430,50,103,2024-09-04,140,1
14431,280,188,2025-12-10,131,5
14432,478,205,2024-06-22,108,3
14433,447,163,2025-06-17,106,5
14434,270,68,2024-10-09,99,3
14435,228,300,2025-09-04,55,2
14436,242,245,2025-03-17,92,4
14437,355,306,2024-04-04,91,2
14438,355,26,2024-04-04,26,3
14439,355,71,2024-04-04,161,4
14440,317,56,2024-12-23,134,1
14441,446,226,2024-12-09,50,4
14442,121,335,2025-01-27,150,1
14443,232,322,2024-09-14,41,4
14444,508,212,2024-09-01,60,5
14445,508,144,2024-09-01,41,1
14446,508,207,2024-09-01,102,5
14447,508,186,2024-09-01,143,4
14448,20,247,2024-06-14,35,1
14449,328,1,2024-06-25,125,5
14450,328,97,2024-06-25,83,5
14451,328,143,2024-06-26,29,3
14452,387,260,2024-01-03,70,3
14453,387,281,2024-01-03,123,4
14454,387,231,2024-01-03,15,2
14455,419,140,2024-12-23,80,4
14456,402,37,2025-04-05,129,2
14457,402,245,2025-04-05,102,5
14458,402,348,2025-04-05,61,4
14459,402,123,2025-04-06,80,3
14460,481,189,2024-06-05,84,4
14461,113,173,2025-05-15,91,4
14462,222,295,2024-08-12,106,4
14463,274,208,2024-03-13,35,5
14464,495,72,2025-03-24,70,5
14465,298,263,2025-04-13,31,4
14466,79,36,2025-01-09,103,5
14467,514,182,2025-09-14,93,4
14468,278,311,2025-02-15,121,5
14469,296,31,2024-09-30,16,1
14470,24,347,2025-06-04,87,3
14471,414,9,2024-11-17,80,1
14472,311,127,2025-05-08,62,4
14473,371,142,2025-06-20,59,4
14474,39,184,2024-12-06,161,5
14475,205,305,2025-04-26,156,4
14476,205,239,2025-04-26,130,5
14477,205,85,2025-04-26,16,1
14478,205,105,2025-04-26,94,5
14479,296,180,2024-01-22,35,2
14480,483,283,2024-01-07,44,4
14481,483,330,2024-01-07,133,5
14482,483,271,2024-01-07,68,3
14483,483,121,2024-01-07,92,3
14484,241,146,2025-07-12,107,2
14485,65,300,2024-01-03,125,2
14486,223,96,2024-12-22,28,1
14487,263,34,2024-12-28,101,3
14488,161,304,2025-07-21,16,3
14489,289,228,2024-07-24,135,5
14490,131,37,2025-01-18,103,1
14491,430,138,2025-04-12,90,3
14492,273,47,2024-02-16,144,4
14493,55,199,2025-09-22,49,5
14494,55,123,2025-09-22,142,3
14495,55,214,2025-09-22,82,4
14496,172,17,2024-10-16,154,4
14497,373,273,2024-01-28,118,4
14498,373,137,2024-01-29,132,4
14499,373,205,2024-01-28,81,4
14500,373,129,2024-01-29,135,3
14501,415,294,2025-07-08,145,5
14502,299,216,2024-06-16,18,2
14503,299,183,2024-06-17,111,3
14504,472,105,2025-09-06,24,3
14505,472,145,2025-09-06,86,3
14506,322,33,2024-06-19,38,5
14507,357,259,2024-05-11,83,4
14508,87,121,2025-06-17,60,4
14509,87,101,2025-06-17,81,3
14510,173,143,2025-08-30,134,2
14511,173,16,2025-08-30,79,5
14512,78,75,2024-09-13,92,4
14513,328,328,2024-08-05,143,4
14514,352,35,2025-12-15,47,1
14515,523,78,2025-02-04,119,1
14516,92,64,2025-06-23,106,4
14517,92,202,2025-06-23,60,3
14518,92,147,2025-06-23,156,4
14519,92,121,2025-06-23,126,3
14520,521,264,2025-06-26,88,1
14521,283,267,2024-07-09,159,1
14522,482,222,2024-10-01,145,3
14523,323,286,2025-02-03,110,3
14524,323,120,2025-02-03,150,5
14525,323,161,2025-02-03,66,1
14526,54,304,2025-04-18,146,3
14527,78,75,2025-03-25,52,3
14528,307,268,2024-10-09,21,2
14529,535,170,2024-05-07,82,4
14530,535,76,2024-05-07,156,5
14531,535,133,2024-05-07,15,4
14532,468,324,2024-08-08,83,4
14533,468,194,2024-08-08,23,1
14534,468,278,2024-08-09,31,3
14535,468,227,2024-08-09,126,2
14536,527,188,2025-11-12,91,5
14537,503,303,2025-07-26,64,4
14538,503,350,2025-07-26,120,3
14539,237,303,2025-09-03,63,5
14540,230,45,2025-02-16,129,5
14541,303,345,2025-02-01,110,3
14542,228,251,2024-05-12,130,2
14543,228,79,2024-05-12,120,5
14544,228,241,2024-05-12,94,4
14545,322,204,2024-02-20,91,4
14546,460,57,2024-12-11,143,5
14547,285,61,2025-01-15,106,2
14548,3,105,2025-05-12,87,5
14549,3,340,2025-05-12,113,5
14550,3,243,2025-05-12,157,5
14551,189,10,2025-12-09,74,3
14552,159,319,2025-02-09,23,1
14553,91,338,2025-01-23,101,5
14554,482,119,2025-04-06,43,3
14555,545,72,2024-07-30,23,4
14556,545,56,2024-07-30,137,5
14557,244,205,2025-06-18,124,4
14558,120,30,2024-08-03,71,4
14559,316,128,2024-03-15,42,4
14560,187,6,2025-06-27,118,1
14561,415,111,2024-03-08,98,3
14562,217,315,2024-07-24,59,5
14563,414,204,2025-04-10,131,5
14564,295,191,2025-11-09,29,4
14565,240,278,2025-03-12,98,1
14566,439,127,2024-06-30,39,4
14567,280,329,2025-06-17,142,4
14568,269,1,2024-03-03,153,3
14569,69,307,2024-08-12,133,2
14570,484,11,2025-07-04,80,3
14571,400,164,2025-09-20,15,3
14572,256,130,2025-12-31,16,1
14573,380,290,2025-03-15,143,5
14574,241,170,2024-09-05,43,5
14575,77,296,2025-05-24,109,5
14576,422,230,2024-06-09,19,3
14577,268,17,2024-04-07,63,3
14578,496,312,2025-10-06,101,5
14579,484,309,2025-03-07,58,5
14580,73,258,2024-06-16,162,1
14581,39,296,2024-09-29,105,2
14582,39,343,2024-09-29,103,5
14583,39,152,2024-09-29,150,4
14584,39,179,2024-09-29,156,2
14585,255,72,2025-07-11,142,5
14586,528,226,2024-01-31,45,3
14587,204,96,2024-09-06,84,3
14588,204,41,2024-09-06,61,2
14589,272,163,2025-01-22,138,3
14590,179,233,2024-03-11,56,4
14591,187,268,2025-05-08,155,3
14592,493,148,2024-02-26,91,5
14593,376,292,2025-03-15,133,4
14594,376,26,2025-03-15,99,1
14595,376,81,2025-03-15,83,3
14596,198,198,2025-01-03,86,5
14597,467,158,2024-09-15,164,1
14598,221,62,2025-03-11,140,5
14599,221,263,2025-03-11,150,5
14600,221,152,2025-03-11,37,3
14601,221,121,2025-03-11,151,2
14602,17,290,2024-08-26,155,4
14603,144,78,2025-01-18,31,4
14604,539,340,2024-04-12,147,3
14605,411,270,2025-06-08,56,5
14606,68,53,2025-11-11,53,2
14607,326,310,2025-10-02,138,3
14608,384,318,2024-01-03,118,5
14609,419,139,2025-01-15,56,5
14610,69,340,2024-02-18,48,2
14611,69,91,2024-02-18,156,4
14612,522,109,2025-01-29,64,1
14613,5,260,2024-04-21,159,4
14614,354,260,2025-06-21,115,5
14615,247,251,2025-08-06,24,4
14616,174,89,2025-06-04,70,2
14617,548,83,2024-01-05,146,3
14618,448,303,2024-07-24,98,5
14619,91,25,2024-08-30,157,4
14620,375,2,2024-09-28,135,4
14621,424,146,2025-06-04,81,2
14622,98,350,2025-01-26,148,2
14623,18,260,2024-07-27,93,4
14624,93,252,2024-06-17,47,3
14625,331,259,2025-06-05,124,4
14626,94,117,2024-02-22,157,5
14627,503,305,2024-04-08,136,5
14628,239,294,2025-04-14,118,4
14629,240,65,2024-06-26,43,3
14630,385,166,2024-09-16,158,5
14631,385,183,2024-09-17,147,5
14632,385,275,2024-09-17,33,1
14633,385,245,2024-09-17,80,4
14634,203,78,2024-12-08,142,5
14635,420,35,2025-08-18,81,2
14636,97,86,2024-12-29,26,4
14637,138,311,2024-05-19,128,5
14638,420,299,2025-12-14,157,3
14639,420,318,2025-12-14,109,4
14640,420,180,2025-12-14,94,5
14641,420,342,2025-12-15,84,3
14642,509,40,2025-04-21,115,3
14643,240,69,2025-11-17,33,4
14644,240,67,2025-11-17,114,5
14645,240,184,2025-11-18,113,4
14646,355,225,2025-08-07,74,3
14647,235,50,2025-05-17,105,5
14648,235,83,2025-05-17,98,5
14649,235,25,2025-05-17,94,5
14650,235,238,2025-05-18,18,3
14651,241,193,2024-08-22,126,5
14652,495,281,2025-07-16,19,1
14653,495,214,2025-07-16,116,3
14654,495,225,2025-07-16,91,4
14655,495,255,2025-07-17,104,4
14656,495,75,2025-07-17,42,1
14657,500,114,2025-08-05,95,2
14658,476,223,2024-03-16,154,4
14659,161,78,2024-10-11,15,3
14660,493,199,2025-02-19,142,4
14661,236,347,2025-02-23,33,3
14662,236,253,2025-02-23,132,3
14663,236,126,2025-02-23,117,5
14664,437,232,2025-05-20,106,1
14665,91,202,2025-06-26,159,3
14666,347,339,2024-05-02,69,4
14667,347,134,2024-05-02,161,5
14668,347,130,2024-05-02,148,1
14669,20,243,2025-09-13,164,5
14670,522,38,2024-04-21,107,5
14671,126,219,2025-09-30,118,1
14672,196,263,2025-07-27,130,4
14673,336,22,2024-06-29,112,5
14674,336,158,2024-06-29,165,5
14675,281,270,2025-07-27,115,5
14676,528,183,2024-08-07,77,5
14677,220,229,2024-05-29,123,5
14678,343,108,2024-03-09,163,5
14679,332,28,2025-05-06,56,3
14680,251,142,2025-04-09,91,2
14681,62,272,2024-06-13,34,1
14682,62,226,2024-06-13,22,3
14683,62,243,2024-06-13,129,3
14684,62,310,2024-06-13,144,4
14685,489,303,2024-06-16,113,2
14686,193,244,2024-01-21,87,2
14687,193,68,2024-01-21,139,5
14688,193,148,2024-01-21,147,1
14689,176,60,2025-02-09,62,5
14690,77,310,2024-10-26,165,4
14691,538,143,2024-03-02,164,2
14692,172,257,2024-03-03,79,5
14693,134,114,2025-04-09,145,4
14694,417,5,2024-12-14,157,4
14695,488,310,2024-08-24,67,4
14696,374,278,2024-05-31,128,3
14697,374,51,2024-05-31,156,4
14698,374,304,2024-05-31,22,3
14699,374,137,2024-05-31,140,5
14700,365,280,2025-07-12,149,1
14701,365,241,2025-07-12,72,4
14702,365,336,2025-07-12,156,5
14703,365,127,2025-07-12,76,3
14704,165,203,2024-12-30,161,2
14705,368,289,2025-06-30,98,4
14706,100,332,2025-07-13,148,5
14707,100,151,2025-07-13,96,5
14708,100,120,2025-07-13,157,1
14709,100,190,2025-07-13,27,2
14710,100,295,2025-07-13,89,5
14711,423,63,2025-01-27,114,5
14712,423,155,2025-01-27,94,1
14713,423,215,2025-01-27,115,4
14714,495,331,2024-12-26,82,2
14715,495,265,2024-12-26,85,4
14716,495,254,2024-12-27,70,4
14717,495,72,2024-12-27,17,4
14718,431,152,2024-04-23,82,1
14719,503,322,2024-12-06,51,5
14720,20,264,2024-06-18,110,3
14721,118,70,2025-01-09,153,5
14722,6,193,2025-08-16,61,2
14723,63,315,2025-11-30,122,5
14724,226,296,2025-05-20,114,3
14725,8,242,2025-08-29,104,3
14726,404,42,2024-12-10,66,5
14727,76,98,2024-03-20,96,4
14728,69,169,2024-01-08,56,4
14729,418,301,2024-05-12,134,3
14730,172,93,2025-08-26,153,4
14731,351,63,2024-06-15,115,5
14732,470,171,2024-02-03,68,2
14733,94,230,2024-08-28,72,3
14734,368,205,2024-11-07,98,2
14735,343,39,2024-12-09,122,2
14736,343,224,2024-12-10,134,4
14737,343,206,2024-12-10,134,5
14738,180,136,2025-08-21,78,4
14739,376,183,2024-01-15,144,5
14740,477,66,2024-09-11,127,4
14741,477,180,2024-09-12,41,1
14742,477,101,2024-09-12,159,2
14743,477,148,2024-09-12,52,5
14744,117,14,2024-09-01,149,2
14745,117,77,2024-09-01,22,3
14746,117,150,2024-09-01,133,5
14747,240,172,2024-04-28,129,1
14748,222,132,2025-03-19,90,4
14749,222,203,2025-03-19,158,5
14750,222,315,2025-03-19,158,2
14751,172,322,2024-07-25,65,5
14752,297,9,2024-12-27,33,4
14753,394,336,2025-07-02,90,3
14754,364,130,2025-01-31,123,3
14755,403,280,2024-07-27,34,4
14756,403,274,2024-07-27,23,4
14757,403,173,2024-07-28,57,5
14758,403,169,2024-07-28,20,4
14759,382,180,2024-02-02,32,3
14760,430,146,2024-01-16,159,3
14761,534,192,2025-05-02,130,2
14762,458,258,2025-09-25,115,5
14763,458,340,2025-09-25,161,3
14764,458,196,2025-09-25,162,4
14765,434,295,2024-04-13,137,3
14766,447,104,2025-05-22,70,3
14767,287,23,2024-10-14,123,4
14768,120,141,2025-06-30,87,5
14769,264,166,2025-01-31,117,3
14770,276,331,2024-11-26,135,1
14771,139,17,2025-05-20,16,4
14772,280,253,2025-01-26,158,5
14773,252,231,2024-04-14,58,3
14774,292,246,2024-11-20,121,5
14775,329,57,2025-06-02,111,5
14776,254,15,2025-02-28,96,5
14777,138,343,2024-12-23,100,3
14778,138,59,2024-12-23,160,5
14779,138,274,2024-12-23,119,2
14780,138,275,2024-12-23,116,5
14781,138,271,2024-12-23,118,5
14782,138,105,2024-12-23,113,2
14783,59,61,2024-06-10,140,2
14784,59,13,2024-06-11,163,3
14785,59,305,2024-06-11,92,5
14786,59,20,2024-06-11,84,1
14787,480,112,2025-11-22,105,3
14788,1,135,2025-10-08,52,4
14789,91,121,2024-03-01,63,5
14790,122,258,2025-10-27,35,1
14791,214,108,2025-08-12,101,1
14792,223,283,2025-07-06,158,3
14793,358,310,2024-01-04,92,5
14794,221,145,2024-11-09,108,2
14795,261,308,2025-03-03,39,3
14796,23,314,2024-05-09,46,3
14797,442,299,2025-10-05,20,1
14798,245,36,2025-06-27,63,5
14799,406,158,2024-10-16,33,2
14800,22,1,2024-03-09,156,3
14801,87,2,2024-05-01,151,1
14802,323,102,2024-08-17,44,4
14803,20,222,2025-08-19,98,3
14804,351,76,2024-05-30,28,3
14805,188,72,2024-11-11,135,3
14806,108,218,2025-03-20,142,3
14807,264,203,2025-03-30,163,4
14808,549,235,2024-06-30,23,1
14809,393,104,2025-07-09,78,2
14810,264,197,2024-06-15,81,5
14811,297,190,2024-03-21,92,2
14812,423,51,2024-05-08,57,3
14813,423,182,2024-05-09,131,3
14814,423,14,2024-05-08,133,4
14815,423,66,2024-05-09,137,3
14816,423,119,2024-05-09,102,5
14817,527,85,2025-07-13,151,1
14818,518,21,2025-08-04,149,4
14819,374,31,2025-08-13,85,4
14820,171,230,2024-05-17,128,5
14821,349,314,2024-02-29,83,3
14822,379,105,2024-06-08,40,5
14823,379,157,2024-06-08,25,4
14824,379,263,2024-06-08,144,5
14825,276,169,2024-10-02,108,5
14826,345,74,2024-01-18,78,2
14827,397,328,2024-03-02,110,4
14828,70,17,2025-05-18,74,5
14829,291,221,2025-04-20,105,4
14830,354,334,2024-03-27,57,5
14831,111,314,2025-12-12,40,2
14832,125,73,2024-12-15,138,2
14833,537,53,2025-04-26,66,4
14834,525,162,2024-03-31,157,5
14835,479,226,2024-04-05,114,4
14836,393,70,2025-05-02,124,4
14837,427,250,2024-06-27,32,4
14838,124,56,2025-08-12,129,4
14839,58,206,2024-07-01,26,4
14840,417,90,2025-04-18,133,3
14841,5,15,2024-12-25,119,4
14842,296,322,2024-04-14,31,4
14843,296,278,2024-04-15,38,3
14844,296,56,2024-04-15,131,1
14845,296,343,2024-04-15,91,3
14846,134,343,2024-03-12,67,5
14847,474,188,2025-02-12,128,5
14848,474,301,2025-02-12,147,4
14849,353,103,2024-07-07,70,1
14850,392,235,2025-11-11,152,3
14851,409,59,2024-03-02,125,4
14852,493,104,2025-07-02,114,1
14853,287,126,2025-09-14,130,2
14854,287,198,2025-09-14,142,4
14855,287,162,2025-09-14,162,5
14856,287,299,2025-09-14,70,4
14857,351,307,2024-02-14,148,5
14858,88,327,2025-01-02,68,2
14859,88,153,2025-01-03,162,4
14860,88,301,2025-01-03,89,3
14861,88,334,2025-01-03,55,5
14862,142,339,2024-11-29,116,5
14863,487,152,2025-04-25,101,5
14864,9,10,2024-06-08,105,5
14865,216,249,2025-01-29,127,4
14866,57,196,2025-11-07,75,3
14867,362,292,2025-06-27,107,5
14868,350,139,2024-10-13,51,5
14869,151,250,2024-03-03,32,1
14870,461,336,2024-01-31,126,1
14871,105,199,2024-03-16,31,4
14872,42,325,2024-10-14,95,4
14873,422,344,2024-06-12,133,5
14874,79,160,2025-12-20,115,4
14875,127,20,2024-04-24,119,4
14876,503,205,2024-03-08,155,5
14877,117,196,2025-04-26,67,2
14878,87,99,2024-07-21,89,4
14879,540,319,2025-10-15,46,4
14880,463,321,2025-06-13,97,5
14881,113,273,2024-10-11,62,5
14882,47,73,2025-08-07,63,2
14883,145,302,2024-08-09,94,3
14884,87,104,2024-03-06,119,5
14885,47,157,2024-08-08,94,2
14886,253,168,2024-02-09,75,4
14887,181,269,2024-10-15,81,3
14888,104,333,2025-11-18,77,5
14889,104,333,2025-11-18,85,5
14890,390,315,2025-07-29,162,5
14891,268,235,2025-07-23,72,1
14892,348,66,2024-11-21,100,5
14893,471,8,2025-03-01,47,3
14894,300,93,2024-06-10,157,3
14895,548,243,2024-09-09,117,3
14896,79,266,2025-01-13,150,5
14897,109,321,2024-11-02,120,5
14898,109,152,2024-11-03,143,4
14899,109,264,2024-11-03,127,1
14900,109,197,2024-11-03,29,4
14901,109,281,2024-11-03,143,4
14902,309,309,2025-06-23,160,1
14903,309,308,2025-06-23,107,3
14904,440,270,2025-05-25,83,4
14905,440,229,2025-05-25,33,2
14906,440,38,2025-05-25,126,5
14907,145,37,2025-05-21,79,3
14908,388,21,2025-06-26,105,3
14909,62,234,2024-12-14,109,4
14910,62,241,2024-12-14,105,4
14911,62,347,2024-12-14,113,2
14912,62,13,2024-12-14,64,3
14913,526,73,2024-11-08,51,5
14914,483,46,2025-04-25,109,3
14915,144,239,2024-09-13,118,3
14916,144,108,2024-09-13,116,5
14917,144,186,2024-09-13,113,3
14918,144,334,2024-09-13,63,4
14919,201,180,2025-02-12,107,3
14920,201,261,2025-02-12,110,5
14921,201,306,2025-02-12,141,3
14922,201,333,2025-02-12,138,4
14923,201,1,2025-02-13,16,2
14924,213,262,2024-02-16,88,4
14925,492,291,2024-01-11,71,4
14926,244,237,2025-10-25,38,4
14927,244,336,2025-10-26,135,5
14928,244,2,2025-10-26,157,2
14929,414,254,2025-04-14,109,3
14930,251,300,2024-07-06,164,2
14931,26,14,2025-07-18,140,5
14932,326,220,2025-05-28,28,1
14933,395,267,2025-05-10,89,4
14934,284,142,2025-01-29,46,4
14935,71,104,2024-07-23,34,1
14936,402,271,2024-01-06,119,5
14937,262,51,2025-02-07,87,5
14938,291,280,2025-05-10,101,5
14939,335,171,2025-06-30,155,5
14940,335,227,2025-06-30,67,2
14941,476,88,2025-10-17,111,5
14942,299,18,2025-03-17,92,5
14943,49,36,2025-08-19,16,3
14944,207,336,2024-01-09,90,3
14945,335,39,2024-04-17,164,3
14946,110,257,2025-07-07,94,3
14947,110,227,2025-07-07,123,5
14948,110,309,2025-07-08,144,5
14949,488,317,2025-04-23,67,5
14950,350,73,2025-01-24,164,2
14951,121,111,2024-03-06,141,4
14952,373,317,2025-11-16,54,5
14953,140,26,2025-10-21,133,3
14954,140,195,2025-10-22,52,2
14955,433,350,2025-03-09,43,4
14956,407,303,2025-02-15,73,5
14957,407,49,2025-02-15,109,4
14958,407,142,2025-02-15,29,4
14959,407,191,2025-02-15,81,1
14960,53,277,2025-10-30,20,3
14961,53,225,2025-10-31,127,1
14962,53,43,2025-10-31,158,4
14963,53,89,2025-10-31,37,5
14964,242,291,2025-01-27,102,4
14965,242,291,2025-01-27,72,5
14966,242,327,2025-01-27,74,5
14967,305,235,2024-11-29,122,2
14968,344,209,2024-12-08,90,4
14969,522,141,2024-09-25,145,5
14970,66,199,2025-10-02,164,4
14971,498,248,2024-05-15,59,5
14972,350,57,2025-05-07,153,3
14973,13,102,2024-07-16,159,3
14974,13,310,2024-07-16,59,2
14975,266,40,2025-11-26,77,4
14976,266,127,2025-11-26,127,5
14977,266,333,2025-11-26,43,4
14978,512,224,2024-07-09,158,1
14979,16,104,2024-04-07,84,5
14980,187,306,2025-06-22,77,5
14981,419,217,2025-10-03,76,5
14982,480,154,2025-11-24,51,4
14983,430,135,2024-06-05,72,5
14984,174,171,2025-04-03,82,3
14985,431,13,2025-05-18,154,4
14986,310,57,2024-09-30,124,4
14987,469,305,2024-03-13,139,4
14988,469,103,2024-03-13,132,4
14989,469,207,2024-03-13,158,5
14990,332,315,2024-11-13,114,3
14991,113,310,2025-12-07,102,4
14992,113,74,2025-12-07,148,2
14993,113,119,2025-12-08,165,3
14994,187,127,2025-06-18,76,5
14995,409,76,2024-12-01,56,5
14996,235,117,2024-05-06,44,2
14997,383,98,2025-03-09,20,4
14998,383,207,2025-03-09,95,3
14999,383,199,2025-03-09,112,3
15000,383,62,2025-03-10,94,5
