user_id,recommendation_rank,favorite_genre,show_id,title,release_year,total_sessions,total_watch_minutes,avg_rating
1,1,Horror,56,Midnight City,2017,68,6902,3.37
1,2,Horror,139,Circuit Run,2000,67,6192,3.64
1,3,Horror,163,Legacy Diaries 163,2021,58,5859,3.69
1,4,Horror,23,Frontier Protocol,2019,51,5585,3.76
1,5,Horror,10,Empire Dreams,1996,51,5303,3.76
2,1,Sci-Fi,253,Voyage Protocol 253,2002,65,6502,3.26
2,2,Sci-Fi,265,Voyage Run 265,2014,57,5967,3.86
2,3,Sci-Fi,36,Pulse Run,1999,61,5807,3.54
2,4,Sci-Fi,83,Circuit Protocol 83,1995,62,5789,3.65
2,5,Sci-Fi,298,Archive Files 298,2006,50,5108,3.58
3,1,Sci-Fi,169,Voyage House 169,2022,64,6660,3.55
3,2,Sci-Fi,36,Pulse Run,1999,61,5807,3.54
3,3,Sci-Fi,184,Pulse Dreams,2014,54,5177,3.5
3,4,Sci-Fi,228,Witness Road 228,2016,46,5054,3.33
3,5,Sci-Fi,24,Legacy Files,2004,49,4921,3.45
4,1,Documentary,325,Pulse Protocol 325,2024,59,6282,3.44
4,2,Documentary,117,Horizon Run 117,2010,58,5853,3.59
4,3,Documentary,273,Voyage Protocol 273,2006,55,5687,3.73
4,4,Documentary,338,Horizon Run 338,1993,57,5644,3.35
4,5,Documentary,224,Legacy House 224,1999,55,5111,3.58
5,1,Documentary,117,Horizon Run 117,2010,58,5853,3.59
5,2,Documentary,273,Voyage Protocol 273,2006,55,5687,3.73
5,3,Documentary,338,Horizon Run 338,1993,57,5644,3.35
5,4,Documentary,224,Legacy House 224,1999,55,5111,3.58
5,5,Documentary,165,Kingdom Road 165,2008,53,5088,3.66
6,1,Romance,61,Frontier City 61,2017,64,6568,3.19
6,2,Romance,108,Signal City,2018,60,6327,3.4
6,3,Romance,9,Circuit Season,2009,60,5957,3.3
6,4,Romance,57,Witness Diaries 57,2018,52,5380,3.58
6,5,Romance,97,Archive Run 97,2015,50,5249,3.52
7,1,Action,101,Empire Dreams 101,2023,66,6436,3.17
7,2,Action,13,Frontier Stories 13,1993,61,6280,3.62
7,3,Action,294,Frontier Run 294,2011,65,6237,3.55
7,4,Action,336,Midnight Dreams 336,1991,62,6132,3.6
7,5,Action,122,Voyage House 122,2013,61,6103,3.39
8,1,Crime,179,Midnight Road 179,2010,58,5842,3.31
8,2,Crime,291,Signal Dreams 291,2001,59,5547,3.42
8,3,Crime,205,Horizon Files,2018,49,5247,3.78
8,4,Crime,304,Horizon Protocol 304,1990,51,5140,3.9
8,5,Crime,152,Horizon Protocol 152,2016,52,5129,3.1
9,1,Horror,139,Circuit Run,2000,67,6192,3.64
9,2,Horror,163,Legacy Diaries 163,2021,58,5859,3.69
9,3,Horror,23,Frontier Protocol,2019,51,5585,3.76
9,4,Horror,15,Empire Run,2004,56,5566,3.61
9,5,Horror,14,Kingdom City,2008,51,5242,3.73
10,1,Action,294,Frontier Run 294,2011,65,6237,3.55
10,2,Action,270,Circuit Files 270,2025,57,6034,3.84
10,3,Action,2,Signal Road,2001,55,5899,3.75
10,4,Action,324,Circuit Road 324,1992,58,5867,3.45
10,5,Action,160,Voyage Run 160,1997,58,5748,3.67
11,1,Comedy,78,Midnight Files 78,2009,57,6133,3.6
11,2,Comedy,305,Frontier Dreams 305,2007,49,5190,3.57
11,3,Comedy,344,Empire Dreams 344,1993,45,5058,3.49
11,4,Comedy,186,Archive House,1995,52,5033,3.58
11,5,Comedy,217,Witness Run 217,1998,52,5018,3.63
12,1,Sci-Fi,169,Voyage House 169,2022,64,6660,3.55
12,2,Sci-Fi,83,Circuit Protocol 83,1995,62,5789,3.65
12,3,Sci-Fi,184,Pulse Dreams,2014,54,5177,3.5
12,4,Sci-Fi,91,Empire Files,2008,56,5168,3.38
12,5,Sci-Fi,298,Archive Files 298,2006,50,5108,3.58
13,1,Crime,291,Signal Dreams 291,2001,59,5547,3.42
13,2,Crime,205,Horizon Files,2018,49,5247,3.78
13,3,Crime,304,Horizon Protocol 304,1990,51,5140,3.9
13,4,Crime,296,Voyage City 296,1998,48,5031,3.44
13,5,Crime,212,Signal Run 212,1994,48,4987,3.69
14,1,Action,101,Empire Dreams 101,2023,66,6436,3.17
14,2,Action,13,Frontier Stories 13,1993,61,6280,3.62
14,3,Action,294,Frontier Run 294,2011,65,6237,3.55
14,4,Action,336,Midnight Dreams 336,1991,62,6132,3.6
14,5,Action,122,Voyage House 122,2013,61,6103,3.39
15,1,Documentary,325,Pulse Protocol 325,2024,59,6282,3.44
15,2,Documentary,117,Horizon Run 117,2010,58,5853,3.59
15,3,Documentary,273,Voyage Protocol 273,2006,55,5687,3.73
15,4,Documentary,338,Horizon Run 338,1993,57,5644,3.35
15,5,Documentary,224,Legacy House 224,1999,55,5111,3.58
16,1,Action,101,Empire Dreams 101,2023,66,6436,3.17
16,2,Action,13,Frontier Stories 13,1993,61,6280,3.62
16,3,Action,294,Frontier Run 294,2011,65,6237,3.55
16,4,Action,336,Midnight Dreams 336,1991,62,6132,3.6
16,5,Action,122,Voyage House 122,2013,61,6103,3.39
17,1,Comedy,305,Frontier Dreams 305,2007,49,5190,3.57
17,2,Comedy,344,Empire Dreams 344,1993,45,5058,3.49
17,3,Comedy,217,Witness Run 217,1998,52,5018,3.63
17,4,Comedy,350,Empire Road 350,1999,49,4700,3.53
17,5,Comedy,263,Kingdom City 263,2004,42,4426,3.9
18,1,Romance,61,Frontier City 61,2017,64,6568,3.19
18,2,Romance,108,Signal City,2018,60,6327,3.4
18,3,Romance,9,Circuit Season,2009,60,5957,3.3
18,4,Romance,97,Archive Run 97,2015,50,5249,3.52
18,5,Romance,243,Pulse House 243,2005,49,5160,3.61
19,1,Documentary,224,Legacy House 224,1999,55,5111,3.58
19,2,Documentary,165,Kingdom Road 165,2008,53,5088,3.66
19,3,Documentary,111,Horizon City 111,2007,50,5083,3.66
19,4,Documentary,16,Witness Road,1998,49,4965,3.49
19,5,Documentary,300,Frontier Run 300,2002,52,4955,3.29
20,1,Animation,213,Frontier Dreams 213,2020,70,7622,3.49
20,2,Animation,227,Legacy Stories,2006,78,6931,3.37
20,3,Animation,196,Archive Dreams 196,1992,69,6770,3.33
20,4,Animation,134,Empire Road,1999,71,6580,3.56
20,5,Animation,39,Horizon City,2013,63,6425,3.38
21,1,Action,336,Midnight Dreams 336,1991,62,6132,3.6
21,2,Action,122,Voyage House 122,2013,61,6103,3.39
21,3,Action,270,Circuit Files 270,2025,57,6034,3.84
21,4,Action,2,Signal Road,2001,55,5899,3.75
21,5,Action,324,Circuit Road 324,1992,58,5867,3.45
22,1,Action,13,Frontier Stories 13,1993,61,6280,3.62
22,2,Action,294,Frontier Run 294,2011,65,6237,3.55
22,3,Action,122,Voyage House 122,2013,61,6103,3.39
22,4,Action,270,Circuit Files 270,2025,57,6034,3.84
22,5,Action,2,Signal Road,2001,55,5899,3.75
23,1,Documentary,325,Pulse Protocol 325,2024,59,6282,3.44
23,2,Documentary,273,Voyage Protocol 273,2006,55,5687,3.73
23,3,Documentary,222,Frontier Road 222,2025,52,5283,3.42
23,4,Documentary,224,Legacy House 224,1999,55,5111,3.58
23,5,Documentary,165,Kingdom Road 165,2008,53,5088,3.66
24,1,Romance,61,Frontier City 61,2017,64,6568,3.19
24,2,Romance,108,Signal City,2018,60,6327,3.4
24,3,Romance,9,Circuit Season,2009,60,5957,3.3
24,4,Romance,57,Witness Diaries 57,2018,52,5380,3.58
24,5,Romance,97,Archive Run 97,2015,50,5249,3.52
25,1,Action,13,Frontier Stories 13,1993,61,6280,3.62
25,2,Action,336,Midnight Dreams 336,1991,62,6132,3.6
25,3,Action,122,Voyage House 122,2013,61,6103,3.39
25,4,Action,270,Circuit Files 270,2025,57,6034,3.84
25,5,Action,2,Signal Road,2001,55,5899,3.75
26,1,Horror,139,Circuit Run,2000,67,6192,3.64
26,2,Horror,318,Signal Protocol 318,2018,53,5978,3.47
26,3,Horror,135,Legacy Season 135,1996,59,5939,3.66
26,4,Horror,163,Legacy Diaries 163,2021,58,5859,3.69
26,5,Horror,23,Frontier Protocol,2019,51,5585,3.76
27,1,Thriller,302,Pulse House 302,2015,53,5684,3.28
27,2,Thriller,130,Frontier House 130,2011,49,5284,3.57
27,3,Thriller,133,Signal Road 133,2021,48,5039,3.52
27,4,Thriller,254,Kingdom House 254,1992,50,4823,3.44
27,5,Thriller,199,Voyage Protocol 199,2007,46,4517,3.63
28,1,Thriller,302,Pulse House 302,2015,53,5684,3.28
28,2,Thriller,130,Frontier House 130,2011,49,5284,3.57
28,3,Thriller,133,Signal Road 133,2021,48,5039,3.52
28,4,Thriller,328,Witness Dreams 328,2014,50,4606,3.7
28,5,Thriller,199,Voyage Protocol 199,2007,46,4517,3.63
29,1,Drama,246,Frontier House 246,1996,42,4743,3.57
29,2,Drama,283,Voyage Season 283,2005,37,3842,3.49
29,3,Drama,27,Frontier House 27,2013,33,3304,3.7
29,4,Drama,48,Frontier Files 48,1991,35,3255,3.74
29,5,Drama,67,Witness City 67,1995,32,3248,3.88
30,1,Crime,179,Midnight Road 179,2010,58,5842,3.31
30,2,Crime,304,Horizon Protocol 304,1990,51,5140,3.9
30,3,Crime,152,Horizon Protocol 152,2016,52,5129,3.1
30,4,Crime,296,Voyage City 296,1998,48,5031,3.44
30,5,Crime,212,Signal Run 212,1994,48,4987,3.69
31,1,Drama,246,Frontier House 246,1996,42,4743,3.57
31,2,Drama,283,Voyage Season 283,2005,37,3842,3.49
31,3,Drama,27,Frontier House 27,2013,33,3304,3.7
31,4,Drama,67,Witness City 67,1995,32,3248,3.88
31,5,Drama,330,Signal Protocol 330,2024,29,3203,3.59
32,1,Thriller,302,Pulse House 302,2015,53,5684,3.28
32,2,Thriller,130,Frontier House 130,2011,49,5284,3.57
32,3,Thriller,133,Signal Road 133,2021,48,5039,3.52
32,4,Thriller,328,Witness Dreams 328,2014,50,4606,3.7
32,5,Thriller,66,Witness Season 66,1999,45,4510,3.36
33,1,Thriller,302,Pulse House 302,2015,53,5684,3.28
33,2,Thriller,130,Frontier House 130,2011,49,5284,3.57
33,3,Thriller,232,Signal City 232,2019,49,4626,3.63
33,4,Thriller,328,Witness Dreams 328,2014,50,4606,3.7
33,5,Thriller,199,Voyage Protocol 199,2007,46,4517,3.63
34,1,Crime,205,Horizon Files,2018,49,5247,3.78
34,2,Crime,304,Horizon Protocol 304,1990,51,5140,3.9
34,3,Crime,152,Horizon Protocol 152,2016,52,5129,3.1
34,4,Crime,212,Signal Run 212,1994,48,4987,3.69
34,5,Crime,220,Signal Protocol 220,2004,46,4986,3.33
35,1,Drama,246,Frontier House 246,1996,42,4743,3.57
35,2,Drama,283,Voyage Season 283,2005,37,3842,3.49
35,3,Drama,80,Kingdom Dreams,1991,34,3379,3.59
35,4,Drama,27,Frontier House 27,2013,33,3304,3.7
35,5,Drama,48,Frontier Files 48,1991,35,3255,3.74
36,1,Animation,209,Empire Diaries 209,1998,78,7841,3.45
36,2,Animation,213,Frontier Dreams 213,2020,70,7622,3.49
36,3,Animation,176,Witness City 176,2020,67,6803,3.6
36,4,Animation,196,Archive Dreams 196,1992,69,6770,3.33
36,5,Animation,134,Empire Road,1999,71,6580,3.56
37,1,Drama,246,Frontier House 246,1996,42,4743,3.57
37,2,Drama,283,Voyage Season 283,2005,37,3842,3.49
37,3,Drama,80,Kingdom Dreams,1991,34,3379,3.59
37,4,Drama,27,Frontier House 27,2013,33,3304,3.7
37,5,Drama,67,Witness City 67,1995,32,3248,3.88
38,1,Crime,179,Midnight Road 179,2010,58,5842,3.31
38,2,Crime,291,Signal Dreams 291,2001,59,5547,3.42
38,3,Crime,205,Horizon Files,2018,49,5247,3.78
38,4,Crime,304,Horizon Protocol 304,1990,51,5140,3.9
38,5,Crime,152,Horizon Protocol 152,2016,52,5129,3.1
39,1,Sci-Fi,253,Voyage Protocol 253,2002,65,6502,3.26
39,2,Sci-Fi,265,Voyage Run 265,2014,57,5967,3.86
39,3,Sci-Fi,36,Pulse Run,1999,61,5807,3.54
39,4,Sci-Fi,83,Circuit Protocol 83,1995,62,5789,3.65
39,5,Sci-Fi,202,Legacy Season 202,2018,56,5424,3.2
40,1,Comedy,344,Empire Dreams 344,1993,45,5058,3.49
40,2,Comedy,217,Witness Run 217,1998,52,5018,3.63
40,3,Comedy,45,Empire Run 45,2004,46,4702,3.67
40,4,Comedy,350,Empire Road 350,1999,49,4700,3.53
40,5,Comedy,263,Kingdom City 263,2004,42,4426,3.9
41,1,Romance,108,Signal City,2018,60,6327,3.4
41,2,Romance,9,Circuit Season,2009,60,5957,3.3
41,3,Romance,97,Archive Run 97,2015,50,5249,3.52
41,4,Romance,243,Pulse House 243,2005,49,5160,3.61
41,5,Romance,153,Midnight Dreams 153,2005,49,5008,3.41
42,1,Sci-Fi,169,Voyage House 169,2022,64,6660,3.55
42,2,Sci-Fi,253,Voyage Protocol 253,2002,65,6502,3.26
42,3,Sci-Fi,265,Voyage Run 265,2014,57,5967,3.86
42,4,Sci-Fi,83,Circuit Protocol 83,1995,62,5789,3.65
42,5,Sci-Fi,202,Legacy Season 202,2018,56,5424,3.2
43,1,Sci-Fi,253,Voyage Protocol 253,2002,65,6502,3.26
43,2,Sci-Fi,265,Voyage Run 265,2014,57,5967,3.86
43,3,Sci-Fi,36,Pulse Run,1999,61,5807,3.54
43,4,Sci-Fi,83,Circuit Protocol 83,1995,62,5789,3.65
43,5,Sci-Fi,202,Legacy Season 202,2018,56,5424,3.2
44,1,Horror,56,Midnight City,2017,68,6902,3.37
44,2,Horror,139,Circuit Run,2000,67,6192,3.64
44,3,Horror,318,Signal Protocol 318,2018,53,5978,3.47
44,4,Horror,135,Legacy Season 135,1996,59,5939,3.66
44,5,Horror,163,Legacy Diaries 163,2021,58,5859,3.69
45,1,Comedy,78,Midnight Files 78,2009,57,6133,3.6
45,2,Comedy,344,Empire Dreams 344,1993,45,5058,3.49
45,3,Comedy,186,Archive House,1995,52,5033,3.58
45,4,Comedy,217,Witness Run 217,1998,52,5018,3.63
45,5,Comedy,45,Empire Run 45,2004,46,4702,3.67
46,1,Sci-Fi,169,Voyage House 169,2022,64,6660,3.55
46,2,Sci-Fi,253,Voyage Protocol 253,2002,65,6502,3.26
46,3,Sci-Fi,36,Pulse Run,1999,61,5807,3.54
46,4,Sci-Fi,83,Circuit Protocol 83,1995,62,5789,3.65
46,5,Sci-Fi,202,Legacy Season 202,2018,56,5424,3.2
47,1,Sci-Fi,253,Voyage Protocol 253,2002,65,6502,3.26
47,2,Sci-Fi,265,Voyage Run 265,2014,57,5967,3.86
47,3,Sci-Fi,83,Circuit Protocol 83,1995,62,5789,3.65
47,4,Sci-Fi,202,Legacy Season 202,2018,56,5424,3.2
47,5,Sci-Fi,184,Pulse Dreams,2014,54,5177,3.5
48,1,Drama,283,Voyage Season 283,2005,37,3842,3.49
48,2,Drama,48,Frontier Files 48,1991,35,3255,3.74
48,3,Drama,67,Witness City 67,1995,32,3248,3.88
48,4,Drama,330,Signal Protocol 330,2024,29,3203,3.59
48,5,Drama,178,Circuit City 178,2002,32,3091,3.41
49,1,Sci-Fi,169,Voyage House 169,2022,64,6660,3.55
49,2,Sci-Fi,253,Voyage Protocol 253,2002,65,6502,3.26
49,3,Sci-Fi,83,Circuit Protocol 83,1995,62,5789,3.65
49,4,Sci-Fi,202,Legacy Season 202,2018,56,5424,3.2
49,5,Sci-Fi,184,Pulse Dreams,2014,54,5177,3.5
50,1,Drama,283,Voyage Season 283,2005,37,3842,3.49
50,2,Drama,80,Kingdom Dreams,1991,34,3379,3.59
50,3,Drama,48,Frontier Files 48,1991,35,3255,3.74
50,4,Drama,67,Witness City 67,1995,32,3248,3.88
50,5,Drama,330,Signal Protocol 330,2024,29,3203,3.59
51,1,Animation,209,Empire Diaries 209,1998,78,7841,3.45
51,2,Animation,213,Frontier Dreams 213,2020,70,7622,3.49
51,3,Animation,176,Witness City 176,2020,67,6803,3.6
51,4,Animation,76,Pulse House,2025,74,6545,3.62
51,5,Animation,171,Midnight Dreams 171,2006,64,6417,3.41
52,1,Action,101,Empire Dreams 101,2023,66,6436,3.17
52,2,Action,13,Frontier Stories 13,1993,61,6280,3.62
52,3,Action,336,Midnight Dreams 336,1991,62,6132,3.6
52,4,Action,122,Voyage House 122,2013,61,6103,3.39
52,5,Action,270,Circuit Files 270,2025,57,6034,3.84
53,1,Action,101,Empire Dreams 101,2023,66,6436,3.17
53,2,Action,336,Midnight Dreams 336,1991,62,6132,3.6
53,3,Action,122,Voyage House 122,2013,61,6103,3.39
53,4,Action,2,Signal Road,2001,55,5899,3.75
53,5,Action,324,Circuit Road 324,1992,58,5867,3.45
54,1,Thriller,130,Frontier House 130,2011,49,5284,3.57
54,2,Thriller,133,Signal Road 133,2021,48,5039,3.52
54,3,Thriller,254,Kingdom House 254,1992,50,4823,3.44
54,4,Thriller,232,Signal City 232,2019,49,4626,3.63
54,5,Thriller,328,Witness Dreams 328,2014,50,4606,3.7
55,1,Thriller,302,Pulse House 302,2015,53,5684,3.28
55,2,Thriller,130,Frontier House 130,2011,49,5284,3.57
55,3,Thriller,133,Signal Road 133,2021,48,5039,3.52
55,4,Thriller,232,Signal City 232,2019,49,4626,3.63
55,5,Thriller,328,Witness Dreams 328,2014,50,4606,3.7
56,1,Action,101,Empire Dreams 101,2023,66,6436,3.17
56,2,Action,13,Frontier Stories 13,1993,61,6280,3.62
56,3,Action,336,Midnight Dreams 336,1991,62,6132,3.6
56,4,Action,122,Voyage House 122,2013,61,6103,3.39
56,5,Action,270,Circuit Files 270,2025,57,6034,3.84
57,1,Animation,176,Witness City 176,2020,67,6803,3.6
57,2,Animation,76,Pulse House,2025,74,6545,3.62
57,3,Animation,39,Horizon City,2013,63,6425,3.38
57,4,Animation,295,Frontier City 295,2024,62,6099,3.73
57,5,Animation,341,Signal House 341,2004,61,5848,3.49
58,1,Documentary,325,Pulse Protocol 325,2024,59,6282,3.44
58,2,Documentary,273,Voyage Protocol 273,2006,55,5687,3.73
58,3,Documentary,338,Horizon Run 338,1993,57,5644,3.35
58,4,Documentary,222,Frontier Road 222,2025,52,5283,3.42
58,5,Documentary,224,Legacy House 224,1999,55,5111,3.58
59,1,Thriller,130,Frontier House 130,2011,49,5284,3.57
59,2,Thriller,133,Signal Road 133,2021,48,5039,3.52
59,3,Thriller,254,Kingdom House 254,1992,50,4823,3.44
59,4,Thriller,328,Witness Dreams 328,2014,50,4606,3.7
59,5,Thriller,199,Voyage Protocol 199,2007,46,4517,3.63
60,1,Drama,246,Frontier House 246,1996,42,4743,3.57
60,2,Drama,80,Kingdom Dreams,1991,34,3379,3.59
60,3,Drama,27,Frontier House 27,2013,33,3304,3.7
60,4,Drama,48,Frontier Files 48,1991,35,3255,3.74
60,5,Drama,67,Witness City 67,1995,32,3248,3.88
61,1,Comedy,78,Midnight Files 78,2009,57,6133,3.6
61,2,Comedy,344,Empire Dreams 344,1993,45,5058,3.49
61,3,Comedy,217,Witness Run 217,1998,52,5018,3.63
61,4,Comedy,45,Empire Run 45,2004,46,4702,3.67
61,5,Comedy,350,Empire Road 350,1999,49,4700,3.53
62,1,Animation,213,Frontier Dreams 213,2020,70,7622,3.49
62,2,Animation,227,Legacy Stories,2006,78,6931,3.37
62,3,Animation,171,Midnight Dreams 171,2006,64,6417,3.41
62,4,Animation,295,Frontier City 295,2024,62,6099,3.73
62,5,Animation,258,Signal Dreams,2009,60,6020,3.52
63,1,Drama,283,Voyage Season 283,2005,37,3842,3.49
63,2,Drama,80,Kingdom Dreams,1991,34,3379,3.59
63,3,Drama,27,Frontier House 27,2013,33,3304,3.7
63,4,Drama,48,Frontier Files 48,1991,35,3255,3.74
63,5,Drama,67,Witness City 67,1995,32,3248,3.88
64,1,Romance,61,Frontier City 61,2017,64,6568,3.19
64,2,Romance,108,Signal City,2018,60,6327,3.4
64,3,Romance,57,Witness Diaries 57,2018,52,5380,3.58
64,4,Romance,97,Archive Run 97,2015,50,5249,3.52
64,5,Romance,243,Pulse House 243,2005,49,5160,3.61
65,1,Crime,179,Midnight Road 179,2010,58,5842,3.31
65,2,Crime,291,Signal Dreams 291,2001,59,5547,3.42
65,3,Crime,205,Horizon Files,2018,49,5247,3.78
65,4,Crime,304,Horizon Protocol 304,1990,51,5140,3.9
65,5,Crime,152,Horizon Protocol 152,2016,52,5129,3.1
66,1,Thriller,302,Pulse House 302,2015,53,5684,3.28
66,2,Thriller,130,Frontier House 130,2011,49,5284,3.57
66,3,Thriller,328,Witness Dreams 328,2014,50,4606,3.7
66,4,Thriller,66,Witness Season 66,1999,45,4510,3.36
66,5,Thriller,323,Circuit Stories 323,1990,46,4490,3.63
67,1,Action,101,Empire Dreams 101,2023,66,6436,3.17
67,2,Action,13,Frontier Stories 13,1993,61,6280,3.62
67,3,Action,336,Midnight Dreams 336,1991,62,6132,3.6
67,4,Action,122,Voyage House 122,2013,61,6103,3.39
67,5,Action,270,Circuit Files 270,2025,57,6034,3.84
68,1,Comedy,78,Midnight Files 78,2009,57,6133,3.6
68,2,Comedy,305,Frontier Dreams 305,2007,49,5190,3.57
68,3,Comedy,217,Witness Run 217,1998,52,5018,3.63
68,4,Comedy,45,Empire Run 45,2004,46,4702,3.67
68,5,Comedy,350,Empire Road 350,1999,49,4700,3.53
69,1,Thriller,302,Pulse House 302,2015,53,5684,3.28
69,2,Thriller,130,Frontier House 130,2011,49,5284,3.57
69,3,Thriller,254,Kingdom House 254,1992,50,4823,3.44
69,4,Thriller,232,Signal City 232,2019,49,4626,3.63
69,5,Thriller,328,Witness Dreams 328,2014,50,4606,3.7
70,1,Sci-Fi,169,Voyage House 169,2022,64,6660,3.55
70,2,Sci-Fi,36,Pulse Run,1999,61,5807,3.54
70,3,Sci-Fi,83,Circuit Protocol 83,1995,62,5789,3.65
70,4,Sci-Fi,202,Legacy Season 202,2018,56,5424,3.2
70,5,Sci-Fi,184,Pulse Dreams,2014,54,5177,3.5
71,1,Comedy,305,Frontier Dreams 305,2007,49,5190,3.57
71,2,Comedy,186,Archive House,1995,52,5033,3.58
71,3,Comedy,217,Witness Run 217,1998,52,5018,3.63
71,4,Comedy,45,Empire Run 45,2004,46,4702,3.67
71,5,Comedy,350,Empire Road 350,1999,49,4700,3.53
72,1,Action,294,Frontier Run 294,2011,65,6237,3.55
72,2,Action,336,Midnight Dreams 336,1991,62,6132,3.6
72,3,Action,122,Voyage House 122,2013,61,6103,3.39
72,4,Action,270,Circuit Files 270,2025,57,6034,3.84
72,5,Action,2,Signal Road,2001,55,5899,3.75
73,1,Action,101,Empire Dreams 101,2023,66,6436,3.17
73,2,Action,13,Frontier Stories 13,1993,61,6280,3.62
73,3,Action,122,Voyage House 122,2013,61,6103,3.39
73,4,Action,270,Circuit Files 270,2025,57,6034,3.84
73,5,Action,2,Signal Road,2001,55,5899,3.75
74,1,Thriller,254,Kingdom House 254,1992,50,4823,3.44
74,2,Thriller,232,Signal City 232,2019,49,4626,3.63
74,3,Thriller,328,Witness Dreams 328,2014,50,4606,3.7
74,4,Thriller,199,Voyage Protocol 199,2007,46,4517,3.63
74,5,Thriller,66,Witness Season 66,1999,45,4510,3.36
75,1,Sci-Fi,169,Voyage House 169,2022,64,6660,3.55
75,2,Sci-Fi,253,Voyage Protocol 253,2002,65,6502,3.26
75,3,Sci-Fi,265,Voyage Run 265,2014,57,5967,3.86
75,4,Sci-Fi,36,Pulse Run,1999,61,5807,3.54
75,5,Sci-Fi,228,Witness Road 228,2016,46,5054,3.33
76,1,Comedy,78,Midnight Files 78,2009,57,6133,3.6
76,2,Comedy,344,Empire Dreams 344,1993,45,5058,3.49
76,3,Comedy,186,Archive House,1995,52,5033,3.58
76,4,Comedy,217,Witness Run 217,1998,52,5018,3.63
76,5,Comedy,45,Empire Run 45,2004,46,4702,3.67
77,1,Documentary,117,Horizon Run 117,2010,58,5853,3.59
77,2,Documentary,273,Voyage Protocol 273,2006,55,5687,3.73
77,3,Documentary,338,Horizon Run 338,1993,57,5644,3.35
77,4,Documentary,224,Legacy House 224,1999,55,5111,3.58
77,5,Documentary,165,Kingdom Road 165,2008,53,5088,3.66
78,1,Documentary,325,Pulse Protocol 325,2024,59,6282,3.44
78,2,Documentary,273,Voyage Protocol 273,2006,55,5687,3.73
78,3,Documentary,338,Horizon Run 338,1993,57,5644,3.35
78,4,Documentary,222,Frontier Road 222,2025,52,5283,3.42
78,5,Documentary,224,Legacy House 224,1999,55,5111,3.58
79,1,Drama,246,Frontier House 246,1996,42,4743,3.57
79,2,Drama,283,Voyage Season 283,2005,37,3842,3.49
79,3,Drama,80,Kingdom Dreams,1991,34,3379,3.59
79,4,Drama,27,Frontier House 27,2013,33,3304,3.7
79,5,Drama,330,Signal Protocol 330,2024,29,3203,3.59
80,1,Sci-Fi,169,Voyage House 169,2022,64,6660,3.55
80,2,Sci-Fi,253,Voyage Protocol 253,2002,65,6502,3.26
80,3,Sci-Fi,265,Voyage Run 265,2014,57,5967,3.86
80,4,Sci-Fi,36,Pulse Run,1999,61,5807,3.54
80,5,Sci-Fi,202,Legacy Season 202,2018,56,5424,3.2
81,1,Animation,213,Frontier Dreams 213,2020,70,7622,3.49
81,2,Animation,176,Witness City 176,2020,67,6803,3.6
81,3,Animation,196,Archive Dreams 196,1992,69,6770,3.33
81,4,Animation,134,Empire Road,1999,71,6580,3.56
81,5,Animation,39,Horizon City,2013,63,6425,3.38
82,1,Sci-Fi,169,Voyage House 169,2022,64,6660,3.55
82,2,Sci-Fi,253,Voyage Protocol 253,2002,65,6502,3.26
82,3,Sci-Fi,265,Voyage Run 265,2014,57,5967,3.86
82,4,Sci-Fi,202,Legacy Season 202,2018,56,5424,3.2
82,5,Sci-Fi,184,Pulse Dreams,2014,54,5177,3.5
83,1,Action,13,Frontier Stories 13,1993,61,6280,3.62
83,2,Action,294,Frontier Run 294,2011,65,6237,3.55
83,3,Action,336,Midnight Dreams 336,1991,62,6132,3.6
83,4,Action,122,Voyage House 122,2013,61,6103,3.39
83,5,Action,270,Circuit Files 270,2025,57,6034,3.84
84,1,Thriller,133,Signal Road 133,2021,48,5039,3.52
84,2,Thriller,254,Kingdom House 254,1992,50,4823,3.44
84,3,Thriller,232,Signal City 232,2019,49,4626,3.63
84,4,Thriller,328,Witness Dreams 328,2014,50,4606,3.7
84,5,Thriller,323,Circuit Stories 323,1990,46,4490,3.63
85,1,Thriller,130,Frontier House 130,2011,49,5284,3.57
85,2,Thriller,133,Signal Road 133,2021,48,5039,3.52
85,3,Thriller,232,Signal City 232,2019,49,4626,3.63
85,4,Thriller,328,Witness Dreams 328,2014,50,4606,3.7
85,5,Thriller,199,Voyage Protocol 199,2007,46,4517,3.63
86,1,Horror,139,Circuit Run,2000,67,6192,3.64
86,2,Horror,318,Signal Protocol 318,2018,53,5978,3.47
86,3,Horror,135,Legacy Season 135,1996,59,5939,3.66
86,4,Horror,163,Legacy Diaries 163,2021,58,5859,3.69
86,5,Horror,23,Frontier Protocol,2019,51,5585,3.76
87,1,Documentary,325,Pulse Protocol 325,2024,59,6282,3.44
87,2,Documentary,117,Horizon Run 117,2010,58,5853,3.59
87,3,Documentary,273,Voyage Protocol 273,2006,55,5687,3.73
87,4,Documentary,338,Horizon Run 338,1993,57,5644,3.35
87,5,Documentary,222,Frontier Road 222,2025,52,5283,3.42
88,1,Horror,139,Circuit Run,2000,67,6192,3.64
88,2,Horror,318,Signal Protocol 318,2018,53,5978,3.47
88,3,Horror,135,Legacy Season 135,1996,59,5939,3.66
88,4,Horror,163,Legacy Diaries 163,2021,58,5859,3.69
88,5,Horror,23,Frontier Protocol,2019,51,5585,3.76
89,1,Horror,56,Midnight City,2017,68,6902,3.37
89,2,Horror,318,Signal Protocol 318,2018,53,5978,3.47
89,3,Horror,135,Legacy Season 135,1996,59,5939,3.66
89,4,Horror,163,Legacy Diaries 163,2021,58,5859,3.69
89,5,Horror,23,Frontier Protocol,2019,51,5585,3.76
90,1,Action,270,Circuit Files 270,2025,57,6034,3.84
90,2,Action,104,Voyage Diaries,2002,57,5280,3.05
90,3,Action,271,Archive City 271,2010,57,5276,3.42
90,4,Action,264,Circuit Stories 264,2000,49,5275,3.65
90,5,Action,40,Legacy Protocol,2012,47,4992,3.47
91,1,Documentary,117,Horizon Run 117,2010,58,5853,3.59
91,2,Documentary,273,Voyage Protocol 273,2006,55,5687,3.73
91,3,Documentary,224,Legacy House 224,1999,55,5111,3.58
91,4,Documentary,111,Horizon City 111,2007,50,5083,3.66
91,5,Documentary,16,Witness Road,1998,49,4965,3.49
92,1,Horror,139,Circuit Run,2000,67,6192,3.64
92,2,Horror,135,Legacy Season 135,1996,59,5939,3.66
92,3,Horror,15,Empire Run,2004,56,5566,3.61
92,4,Horror,10,Empire Dreams,1996,51,5303,3.76
92,5,Horror,251,Voyage Season 251,1997,51,5121,3.49
93,1,Animation,213,Frontier Dreams 213,2020,70,7622,3.49
93,2,Animation,176,Witness City 176,2020,67,6803,3.6
93,3,Animation,134,Empire Road,1999,71,6580,3.56
93,4,Animation,39,Horizon City,2013,63,6425,3.38
93,5,Animation,171,Midnight Dreams 171,2006,64,6417,3.41
94,1,Documentary,273,Voyage Protocol 273,2006,55,5687,3.73
94,2,Documentary,222,Frontier Road 222,2025,52,5283,3.42
94,3,Documentary,111,Horizon City 111,2007,50,5083,3.66
94,4,Documentary,268,Signal Dreams 268,2016,59,5019,3.54
94,5,Documentary,300,Frontier Run 300,2002,52,4955,3.29
95,1,Documentary,325,Pulse Protocol 325,2024,59,6282,3.44
95,2,Documentary,117,Horizon Run 117,2010,58,5853,3.59
95,3,Documentary,273,Voyage Protocol 273,2006,55,5687,3.73
95,4,Documentary,338,Horizon Run 338,1993,57,5644,3.35
95,5,Documentary,224,Legacy House 224,1999,55,5111,3.58
96,1,Documentary,338,Horizon Run 338,1993,57,5644,3.35
96,2,Documentary,222,Frontier Road 222,2025,52,5283,3.42
96,3,Documentary,224,Legacy House 224,1999,55,5111,3.58
96,4,Documentary,165,Kingdom Road 165,2008,53,5088,3.66
96,5,Documentary,111,Horizon City 111,2007,50,5083,3.66
97,1,Thriller,302,Pulse House 302,2015,53,5684,3.28
97,2,Thriller,130,Frontier House 130,2011,49,5284,3.57
97,3,Thriller,133,Signal Road 133,2021,48,5039,3.52
97,4,Thriller,254,Kingdom House 254,1992,50,4823,3.44
97,5,Thriller,232,Signal City 232,2019,49,4626,3.63
98,1,Sci-Fi,169,Voyage House 169,2022,64,6660,3.55
98,2,Sci-Fi,265,Voyage Run 265,2014,57,5967,3.86
98,3,Sci-Fi,36,Pulse Run,1999,61,5807,3.54
98,4,Sci-Fi,83,Circuit Protocol 83,1995,62,5789,3.65
98,5,Sci-Fi,202,Legacy Season 202,2018,56,5424,3.2
99,1,Documentary,273,Voyage Protocol 273,2006,55,5687,3.73
99,2,Documentary,338,Horizon Run 338,1993,57,5644,3.35
99,3,Documentary,222,Frontier Road 222,2025,52,5283,3.42
99,4,Documentary,165,Kingdom Road 165,2008,53,5088,3.66
99,5,Documentary,111,Horizon City 111,2007,50,5083,3.66
100,1,Animation,227,Legacy Stories,2006,78,6931,3.37
100,2,Animation,176,Witness City 176,2020,67,6803,3.6
100,3,Animation,196,Archive Dreams 196,1992,69,6770,3.33
100,4,Animation,134,Empire Road,1999,71,6580,3.56
100,5,Animation,39,Horizon City,2013,63,6425,3.38
101,1,Crime,179,Midnight Road 179,2010,58,5842,3.31
101,2,Crime,291,Signal Dreams 291,2001,59,5547,3.42
101,3,Crime,205,Horizon Files,2018,49,5247,3.78
101,4,Crime,152,Horizon Protocol 152,2016,52,5129,3.1
101,5,Crime,296,Voyage City 296,1998,48,5031,3.44
102,1,Romance,9,Circuit Season,2009,60,5957,3.3
102,2,Romance,57,Witness Diaries 57,2018,52,5380,3.58
102,3,Romance,97,Archive Run 97,2015,50,5249,3.52
102,4,Romance,153,Midnight Dreams 153,2005,49,5008,3.41
102,5,Romance,145,Frontier Dreams,2016,49,4738,3.45
103,1,Comedy,78,Midnight Files 78,2009,57,6133,3.6
103,2,Comedy,186,Archive House,1995,52,5033,3.58
103,3,Comedy,217,Witness Run 217,1998,52,5018,3.63
103,4,Comedy,45,Empire Run 45,2004,46,4702,3.67
103,5,Comedy,350,Empire Road 350,1999,49,4700,3.53
104,1,Thriller,302,Pulse House 302,2015,53,5684,3.28
104,2,Thriller,130,Frontier House 130,2011,49,5284,3.57
104,3,Thriller,133,Signal Road 133,2021,48,5039,3.52
104,4,Thriller,254,Kingdom House 254,1992,50,4823,3.44
104,5,Thriller,232,Signal City 232,2019,49,4626,3.63
105,1,Thriller,302,Pulse House 302,2015,53,5684,3.28
105,2,Thriller,130,Frontier House 130,2011,49,5284,3.57
105,3,Thriller,133,Signal Road 133,2021,48,5039,3.52
105,4,Thriller,254,Kingdom House 254,1992,50,4823,3.44
105,5,Thriller,232,Signal City 232,2019,49,4626,3.63
106,1,Sci-Fi,265,Voyage Run 265,2014,57,5967,3.86
106,2,Sci-Fi,36,Pulse Run,1999,61,5807,3.54
106,3,Sci-Fi,202,Legacy Season 202,2018,56,5424,3.2
106,4,Sci-Fi,184,Pulse Dreams,2014,54,5177,3.5
106,5,Sci-Fi,298,Archive Files 298,2006,50,5108,3.58
107,1,Horror,56,Midnight City,2017,68,6902,3.37
107,2,Horror,318,Signal Protocol 318,2018,53,5978,3.47
107,3,Horror,135,Legacy Season 135,1996,59,5939,3.66
107,4,Horror,163,Legacy Diaries 163,2021,58,5859,3.69
107,5,Horror,10,Empire Dreams,1996,51,5303,3.76
108,1,Crime,179,Midnight Road 179,2010,58,5842,3.31
108,2,Crime,296,Voyage City 296,1998,48,5031,3.44
108,3,Crime,212,Signal Run 212,1994,48,4987,3.69
108,4,Crime,220,Signal Protocol 220,2004,46,4986,3.33
108,5,Crime,17,Witness Diaries,1992,49,4890,3.47
109,1,Documentary,325,Pulse Protocol 325,2024,59,6282,3.44
109,2,Documentary,273,Voyage Protocol 273,2006,55,5687,3.73
109,3,Documentary,338,Horizon Run 338,1993,57,5644,3.35
109,4,Documentary,222,Frontier Road 222,2025,52,5283,3.42
109,5,Documentary,224,Legacy House 224,1999,55,5111,3.58
110,1,Crime,179,Midnight Road 179,2010,58,5842,3.31
110,2,Crime,291,Signal Dreams 291,2001,59,5547,3.42
110,3,Crime,304,Horizon Protocol 304,1990,51,5140,3.9
110,4,Crime,152,Horizon Protocol 152,2016,52,5129,3.1
110,5,Crime,296,Voyage City 296,1998,48,5031,3.44
111,1,Romance,61,Frontier City 61,2017,64,6568,3.19
111,2,Romance,57,Witness Diaries 57,2018,52,5380,3.58
111,3,Romance,97,Archive Run 97,2015,50,5249,3.52
111,4,Romance,145,Frontier Dreams,2016,49,4738,3.45
111,5,Romance,308,Witness Diaries 308,2000,44,4693,3.73
112,1,Animation,227,Legacy Stories,2006,78,6931,3.37
112,2,Animation,176,Witness City 176,2020,67,6803,3.6
112,3,Animation,196,Archive Dreams 196,1992,69,6770,3.33
112,4,Animation,134,Empire Road,1999,71,6580,3.56
112,5,Animation,76,Pulse House,2025,74,6545,3.62
113,1,Sci-Fi,169,Voyage House 169,2022,64,6660,3.55
113,2,Sci-Fi,253,Voyage Protocol 253,2002,65,6502,3.26
113,3,Sci-Fi,36,Pulse Run,1999,61,5807,3.54
113,4,Sci-Fi,83,Circuit Protocol 83,1995,62,5789,3.65
113,5,Sci-Fi,184,Pulse Dreams,2014,54,5177,3.5
114,1,Comedy,78,Midnight Files 78,2009,57,6133,3.6
114,2,Comedy,344,Empire Dreams 344,1993,45,5058,3.49
114,3,Comedy,186,Archive House,1995,52,5033,3.58
114,4,Comedy,217,Witness Run 217,1998,52,5018,3.63
114,5,Comedy,45,Empire Run 45,2004,46,4702,3.67
115,1,Romance,9,Circuit Season,2009,60,5957,3.3
115,2,Romance,97,Archive Run 97,2015,50,5249,3.52
115,3,Romance,243,Pulse House 243,2005,49,5160,3.61
115,4,Romance,153,Midnight Dreams 153,2005,49,5008,3.41
115,5,Romance,115,Kingdom Run,2019,40,4437,3.48
116,1,Documentary,325,Pulse Protocol 325,2024,59,6282,3.44
116,2,Documentary,117,Horizon Run 117,2010,58,5853,3.59
116,3,Documentary,273,Voyage Protocol 273,2006,55,5687,3.73
116,4,Documentary,165,Kingdom Road 165,2008,53,5088,3.66
116,5,Documentary,111,Horizon City 111,2007,50,5083,3.66
117,1,Horror,56,Midnight City,2017,68,6902,3.37
117,2,Horror,139,Circuit Run,2000,67,6192,3.64
117,3,Horror,15,Empire Run,2004,56,5566,3.61
117,4,Horror,119,Horizon Diaries 119,2011,48,5117,3.75
117,5,Horror,177,Witness Files,1994,55,5018,3.51
118,1,Documentary,325,Pulse Protocol 325,2024,59,6282,3.44
118,2,Documentary,338,Horizon Run 338,1993,57,5644,3.35
118,3,Documentary,222,Frontier Road 222,2025,52,5283,3.42
118,4,Documentary,165,Kingdom Road 165,2008,53,5088,3.66
118,5,Documentary,268,Signal Dreams 268,2016,59,5019,3.54
119,1,Comedy,78,Midnight Files 78,2009,57,6133,3.6
119,2,Comedy,305,Frontier Dreams 305,2007,49,5190,3.57
119,3,Comedy,186,Archive House,1995,52,5033,3.58
119,4,Comedy,217,Witness Run 217,1998,52,5018,3.63
119,5,Comedy,45,Empire Run 45,2004,46,4702,3.67
120,1,Comedy,78,Midnight Files 78,2009,57,6133,3.6
120,2,Comedy,305,Frontier Dreams 305,2007,49,5190,3.57
120,3,Comedy,344,Empire Dreams 344,1993,45,5058,3.49
120,4,Comedy,186,Archive House,1995,52,5033,3.58
120,5,Comedy,217,Witness Run 217,1998,52,5018,3.63
121,1,Documentary,117,Horizon Run 117,2010,58,5853,3.59
121,2,Documentary,273,Voyage Protocol 273,2006,55,5687,3.73
121,3,Documentary,338,Horizon Run 338,1993,57,5644,3.35
121,4,Documentary,222,Frontier Road 222,2025,52,5283,3.42
121,5,Documentary,224,Legacy House 224,1999,55,5111,3.58
122,1,Horror,135,Legacy Season 135,1996,59,5939,3.66
122,2,Horror,163,Legacy Diaries 163,2021,58,5859,3.69
122,3,Horror,23,Frontier Protocol,2019,51,5585,3.76
122,4,Horror,15,Empire Run,2004,56,5566,3.61
122,5,Horror,10,Empire Dreams,1996,51,5303,3.76
123,1,Documentary,325,Pulse Protocol 325,2024,59,6282,3.44
123,2,Documentary,117,Horizon Run 117,2010,58,5853,3.59
123,3,Documentary,273,Voyage Protocol 273,2006,55,5687,3.73
123,4,Documentary,338,Horizon Run 338,1993,57,5644,3.35
123,5,Documentary,165,Kingdom Road 165,2008,53,5088,3.66
124,1,Horror,139,Circuit Run,2000,67,6192,3.64
124,2,Horror,10,Empire Dreams,1996,51,5303,3.76
124,3,Horror,119,Horizon Diaries 119,2011,48,5117,3.75
124,4,Horror,64,Pulse Protocol,2015,52,4922,3.42
124,5,Horror,226,Kingdom Stories 226,1991,51,4788,3.61
125,1,Action,13,Frontier Stories 13,1993,61,6280,3.62
125,2,Action,294,Frontier Run 294,2011,65,6237,3.55
125,3,Action,336,Midnight Dreams 336,1991,62,6132,3.6
125,4,Action,122,Voyage House 122,2013,61,6103,3.39
125,5,Action,270,Circuit Files 270,2025,57,6034,3.84
126,1,Comedy,78,Midnight Files 78,2009,57,6133,3.6
126,2,Comedy,305,Frontier Dreams 305,2007,49,5190,3.57
126,3,Comedy,344,Empire Dreams 344,1993,45,5058,3.49
126,4,Comedy,186,Archive House,1995,52,5033,3.58
126,5,Comedy,350,Empire Road 350,1999,49,4700,3.53
127,1,Comedy,305,Frontier Dreams 305,2007,49,5190,3.57
127,2,Comedy,344,Empire Dreams 344,1993,45,5058,3.49
127,3,Comedy,186,Archive House,1995,52,5033,3.58
127,4,Comedy,217,Witness Run 217,1998,52,5018,3.63
127,5,Comedy,45,Empire Run 45,2004,46,4702,3.67
128,1,Crime,179,Midnight Road 179,2010,58,5842,3.31
128,2,Crime,291,Signal Dreams 291,2001,59,5547,3.42
128,3,Crime,304,Horizon Protocol 304,1990,51,5140,3.9
128,4,Crime,152,Horizon Protocol 152,2016,52,5129,3.1
128,5,Crime,296,Voyage City 296,1998,48,5031,3.44
129,1,Documentary,325,Pulse Protocol 325,2024,59,6282,3.44
129,2,Documentary,117,Horizon Run 117,2010,58,5853,3.59
129,3,Documentary,273,Voyage Protocol 273,2006,55,5687,3.73
129,4,Documentary,338,Horizon Run 338,1993,57,5644,3.35
129,5,Documentary,222,Frontier Road 222,2025,52,5283,3.42
130,1,Horror,139,Circuit Run,2000,67,6192,3.64
130,2,Horror,318,Signal Protocol 318,2018,53,5978,3.47
130,3,Horror,163,Legacy Diaries 163,2021,58,5859,3.69
130,4,Horror,15,Empire Run,2004,56,5566,3.61
130,5,Horror,10,Empire Dreams,1996,51,5303,3.76
131,1,Thriller,302,Pulse House 302,2015,53,5684,3.28
131,2,Thriller,130,Frontier House 130,2011,49,5284,3.57
131,3,Thriller,133,Signal Road 133,2021,48,5039,3.52
131,4,Thriller,254,Kingdom House 254,1992,50,4823,3.44
131,5,Thriller,232,Signal City 232,2019,49,4626,3.63
132,1,Drama,246,Frontier House 246,1996,42,4743,3.57
132,2,Drama,283,Voyage Season 283,2005,37,3842,3.49
132,3,Drama,27,Frontier House 27,2013,33,3304,3.7
132,4,Drama,48,Frontier Files 48,1991,35,3255,3.74
132,5,Drama,330,Signal Protocol 330,2024,29,3203,3.59
133,1,Sci-Fi,36,Pulse Run,1999,61,5807,3.54
133,2,Sci-Fi,83,Circuit Protocol 83,1995,62,5789,3.65
133,3,Sci-Fi,202,Legacy Season 202,2018,56,5424,3.2
133,4,Sci-Fi,91,Empire Files,2008,56,5168,3.38
133,5,Sci-Fi,298,Archive Files 298,2006,50,5108,3.58
134,1,Crime,179,Midnight Road 179,2010,58,5842,3.31
134,2,Crime,291,Signal Dreams 291,2001,59,5547,3.42
134,3,Crime,205,Horizon Files,2018,49,5247,3.78
134,4,Crime,304,Horizon Protocol 304,1990,51,5140,3.9
134,5,Crime,152,Horizon Protocol 152,2016,52,5129,3.1
135,1,Action,101,Empire Dreams 101,2023,66,6436,3.17
135,2,Action,13,Frontier Stories 13,1993,61,6280,3.62
135,3,Action,294,Frontier Run 294,2011,65,6237,3.55
135,4,Action,2,Signal Road,2001,55,5899,3.75
135,5,Action,160,Voyage Run 160,1997,58,5748,3.67
136,1,Crime,179,Midnight Road 179,2010,58,5842,3.31
136,2,Crime,291,Signal Dreams 291,2001,59,5547,3.42
136,3,Crime,205,Horizon Files,2018,49,5247,3.78
136,4,Crime,304,Horizon Protocol 304,1990,51,5140,3.9
136,5,Crime,152,Horizon Protocol 152,2016,52,5129,3.1
137,1,Documentary,338,Horizon Run 338,1993,57,5644,3.35
137,2,Documentary,222,Frontier Road 222,2025,52,5283,3.42
137,3,Documentary,224,Legacy House 224,1999,55,5111,3.58
137,4,Documentary,268,Signal Dreams 268,2016,59,5019,3.54
137,5,Documentary,121,Midnight Road,2018,55,4929,3.24
138,1,Comedy,344,Empire Dreams 344,1993,45,5058,3.49
138,2,Comedy,186,Archive House,1995,52,5033,3.58
138,3,Comedy,45,Empire Run 45,2004,46,4702,3.67
138,4,Comedy,263,Kingdom City 263,2004,42,4426,3.9
138,5,Comedy,249,Kingdom House 249,2025,45,4240,3.47
139,1,Crime,205,Horizon Files,2018,49,5247,3.78
139,2,Crime,304,Horizon Protocol 304,1990,51,5140,3.9
139,3,Crime,296,Voyage City 296,1998,48,5031,3.44
139,4,Crime,212,Signal Run 212,1994,48,4987,3.69
139,5,Crime,137,Midnight Protocol 137,1998,45,4798,3.56
140,1,Sci-Fi,169,Voyage House 169,2022,64,6660,3.55
140,2,Sci-Fi,253,Voyage Protocol 253,2002,65,6502,3.26
140,3,Sci-Fi,36,Pulse Run,1999,61,5807,3.54
140,4,Sci-Fi,83,Circuit Protocol 83,1995,62,5789,3.65
140,5,Sci-Fi,184,Pulse Dreams,2014,54,5177,3.5
141,1,Documentary,325,Pulse Protocol 325,2024,59,6282,3.44
141,2,Documentary,117,Horizon Run 117,2010,58,5853,3.59
141,3,Documentary,273,Voyage Protocol 273,2006,55,5687,3.73
141,4,Documentary,338,Horizon Run 338,1993,57,5644,3.35
141,5,Documentary,224,Legacy House 224,1999,55,5111,3.58
142,1,Animation,213,Frontier Dreams 213,2020,70,7622,3.49
142,2,Animation,227,Legacy Stories,2006,78,6931,3.37
142,3,Animation,176,Witness City 176,2020,67,6803,3.6
142,4,Animation,76,Pulse House,2025,74,6545,3.62
142,5,Animation,171,Midnight Dreams 171,2006,64,6417,3.41
143,1,Animation,209,Empire Diaries 209,1998,78,7841,3.45
143,2,Animation,213,Frontier Dreams 213,2020,70,7622,3.49
143,3,Animation,227,Legacy Stories,2006,78,6931,3.37
143,4,Animation,196,Archive Dreams 196,1992,69,6770,3.33
143,5,Animation,171,Midnight Dreams 171,2006,64,6417,3.41
144,1,Documentary,325,Pulse Protocol 325,2024,59,6282,3.44
144,2,Documentary,338,Horizon Run 338,1993,57,5644,3.35
144,3,Documentary,222,Frontier Road 222,2025,52,5283,3.42
144,4,Documentary,121,Midnight Road,2018,55,4929,3.24
144,5,Documentary,260,Voyage City,2009,47,4884,3.7
145,1,Action,13,Frontier Stories 13,1993,61,6280,3.62
145,2,Action,294,Frontier Run 294,2011,65,6237,3.55
145,3,Action,336,Midnight Dreams 336,1991,62,6132,3.6
145,4,Action,270,Circuit Files 270,2025,57,6034,3.84
145,5,Action,324,Circuit Road 324,1992,58,5867,3.45
146,1,Documentary,273,Voyage Protocol 273,2006,55,5687,3.73
146,2,Documentary,338,Horizon Run 338,1993,57,5644,3.35
146,3,Documentary,224,Legacy House 224,1999,55,5111,3.58
146,4,Documentary,111,Horizon City 111,2007,50,5083,3.66
146,5,Documentary,16,Witness Road,1998,49,4965,3.49
147,1,Sci-Fi,169,Voyage House 169,2022,64,6660,3.55
147,2,Sci-Fi,253,Voyage Protocol 253,2002,65,6502,3.26
147,3,Sci-Fi,265,Voyage Run 265,2014,57,5967,3.86
147,4,Sci-Fi,36,Pulse Run,1999,61,5807,3.54
147,5,Sci-Fi,202,Legacy Season 202,2018,56,5424,3.2
148,1,Sci-Fi,169,Voyage House 169,2022,64,6660,3.55
148,2,Sci-Fi,253,Voyage Protocol 253,2002,65,6502,3.26
148,3,Sci-Fi,265,Voyage Run 265,2014,57,5967,3.86
148,4,Sci-Fi,36,Pulse Run,1999,61,5807,3.54
148,5,Sci-Fi,83,Circuit Protocol 83,1995,62,5789,3.65
149,1,Crime,179,Midnight Road 179,2010,58,5842,3.31
149,2,Crime,291,Signal Dreams 291,2001,59,5547,3.42
149,3,Crime,205,Horizon Files,2018,49,5247,3.78
149,4,Crime,304,Horizon Protocol 304,1990,51,5140,3.9
149,5,Crime,152,Horizon Protocol 152,2016,52,5129,3.1
150,1,Horror,56,Midnight City,2017,68,6902,3.37
150,2,Horror,318,Signal Protocol 318,2018,53,5978,3.47
150,3,Horror,163,Legacy Diaries 163,2021,58,5859,3.69
150,4,Horror,23,Frontier Protocol,2019,51,5585,3.76
150,5,Horror,15,Empire Run,2004,56,5566,3.61
151,1,Thriller,302,Pulse House 302,2015,53,5684,3.28
151,2,Thriller,130,Frontier House 130,2011,49,5284,3.57
151,3,Thriller,133,Signal Road 133,2021,48,5039,3.52
151,4,Thriller,232,Signal City 232,2019,49,4626,3.63
151,5,Thriller,328,Witness Dreams 328,2014,50,4606,3.7
152,1,Drama,246,Frontier House 246,1996,42,4743,3.57
152,2,Drama,283,Voyage Season 283,2005,37,3842,3.49
152,3,Drama,80,Kingdom Dreams,1991,34,3379,3.59
152,4,Drama,27,Frontier House 27,2013,33,3304,3.7
152,5,Drama,48,Frontier Files 48,1991,35,3255,3.74
153,1,Drama,283,Voyage Season 283,2005,37,3842,3.49
153,2,Drama,80,Kingdom Dreams,1991,34,3379,3.59
153,3,Drama,27,Frontier House 27,2013,33,3304,3.7
153,4,Drama,48,Frontier Files 48,1991,35,3255,3.74
153,5,Drama,330,Signal Protocol 330,2024,29,3203,3.59
154,1,Romance,108,Signal City,2018,60,6327,3.4
154,2,Romance,9,Circuit Season,2009,60,5957,3.3
154,3,Romance,57,Witness Diaries 57,2018,52,5380,3.58
154,4,Romance,243,Pulse House 243,2005,49,5160,3.61
154,5,Romance,153,Midnight Dreams 153,2005,49,5008,3.41
155,1,Sci-Fi,169,Voyage House 169,2022,64,6660,3.55
155,2,Sci-Fi,265,Voyage Run 265,2014,57,5967,3.86
155,3,Sci-Fi,36,Pulse Run,1999,61,5807,3.54
155,4,Sci-Fi,83,Circuit Protocol 83,1995,62,5789,3.65
155,5,Sci-Fi,202,Legacy Season 202,2018,56,5424,3.2
156,1,Horror,56,Midnight City,2017,68,6902,3.37
156,2,Horror,318,Signal Protocol 318,2018,53,5978,3.47
156,3,Horror,135,Legacy Season 135,1996,59,5939,3.66
156,4,Horror,15,Empire Run,2004,56,5566,3.61
156,5,Horror,14,Kingdom City,2008,51,5242,3.73
157,1,Drama,246,Frontier House 246,1996,42,4743,3.57
157,2,Drama,283,Voyage Season 283,2005,37,3842,3.49
157,3,Drama,80,Kingdom Dreams,1991,34,3379,3.59
157,4,Drama,27,Frontier House 27,2013,33,3304,3.7
157,5,Drama,67,Witness City 67,1995,32,3248,3.88
158,1,Action,101,Empire Dreams 101,2023,66,6436,3.17
158,2,Action,13,Frontier Stories 13,1993,61,6280,3.62
158,3,Action,294,Frontier Run 294,2011,65,6237,3.55
158,4,Action,336,Midnight Dreams 336,1991,62,6132,3.6
158,5,Action,122,Voyage House 122,2013,61,6103,3.39
159,1,Romance,61,Frontier City 61,2017,64,6568,3.19
159,2,Romance,9,Circuit Season,2009,60,5957,3.3
159,3,Romance,97,Archive Run 97,2015,50,5249,3.52
159,4,Romance,243,Pulse House 243,2005,49,5160,3.61
159,5,Romance,308,Witness Diaries 308,2000,44,4693,3.73
160,1,Thriller,302,Pulse House 302,2015,53,5684,3.28
160,2,Thriller,130,Frontier House 130,2011,49,5284,3.57
160,3,Thriller,133,Signal Road 133,2021,48,5039,3.52
160,4,Thriller,232,Signal City 232,2019,49,4626,3.63
160,5,Thriller,328,Witness Dreams 328,2014,50,4606,3.7
161,1,Crime,179,Midnight Road 179,2010,58,5842,3.31
161,2,Crime,152,Horizon Protocol 152,2016,52,5129,3.1
161,3,Crime,296,Voyage City 296,1998,48,5031,3.44
161,4,Crime,212,Signal Run 212,1994,48,4987,3.69
161,5,Crime,220,Signal Protocol 220,2004,46,4986,3.33
162,1,Comedy,344,Empire Dreams 344,1993,45,5058,3.49
162,2,Comedy,217,Witness Run 217,1998,52,5018,3.63
162,3,Comedy,45,Empire Run 45,2004,46,4702,3.67
162,4,Comedy,350,Empire Road 350,1999,49,4700,3.53
162,5,Comedy,263,Kingdom City 263,2004,42,4426,3.9
163,1,Crime,179,Midnight Road 179,2010,58,5842,3.31
163,2,Crime,205,Horizon Files,2018,49,5247,3.78
163,3,Crime,304,Horizon Protocol 304,1990,51,5140,3.9
163,4,Crime,152,Horizon Protocol 152,2016,52,5129,3.1
163,5,Crime,296,Voyage City 296,1998,48,5031,3.44
164,1,Crime,179,Midnight Road 179,2010,58,5842,3.31
164,2,Crime,291,Signal Dreams 291,2001,59,5547,3.42
164,3,Crime,205,Horizon Files,2018,49,5247,3.78
164,4,Crime,304,Horizon Protocol 304,1990,51,5140,3.9
164,5,Crime,152,Horizon Protocol 152,2016,52,5129,3.1
165,1,Comedy,78,Midnight Files 78,2009,57,6133,3.6
165,2,Comedy,305,Frontier Dreams 305,2007,49,5190,3.57
165,3,Comedy,344,Empire Dreams 344,1993,45,5058,3.49
165,4,Comedy,217,Witness Run 217,1998,52,5018,3.63
165,5,Comedy,45,Empire Run 45,2004,46,4702,3.67
166,1,Action,101,Empire Dreams 101,2023,66,6436,3.17
166,2,Action,336,Midnight Dreams 336,1991,62,6132,3.6
166,3,Action,122,Voyage House 122,2013,61,6103,3.39
166,4,Action,270,Circuit Files 270,2025,57,6034,3.84
166,5,Action,2,Signal Road,2001,55,5899,3.75
167,1,Documentary,117,Horizon Run 117,2010,58,5853,3.59
167,2,Documentary,273,Voyage Protocol 273,2006,55,5687,3.73
167,3,Documentary,338,Horizon Run 338,1993,57,5644,3.35
167,4,Documentary,222,Frontier Road 222,2025,52,5283,3.42
167,5,Documentary,224,Legacy House 224,1999,55,5111,3.58
168,1,Horror,56,Midnight City,2017,68,6902,3.37
168,2,Horror,139,Circuit Run,2000,67,6192,3.64
168,3,Horror,318,Signal Protocol 318,2018,53,5978,3.47
168,4,Horror,135,Legacy Season 135,1996,59,5939,3.66
168,5,Horror,163,Legacy Diaries 163,2021,58,5859,3.69
169,1,Romance,9,Circuit Season,2009,60,5957,3.3
169,2,Romance,97,Archive Run 97,2015,50,5249,3.52
169,3,Romance,243,Pulse House 243,2005,49,5160,3.61
169,4,Romance,145,Frontier Dreams,2016,49,4738,3.45
169,5,Romance,308,Witness Diaries 308,2000,44,4693,3.73
170,1,Thriller,133,Signal Road 133,2021,48,5039,3.52
170,2,Thriller,199,Voyage Protocol 199,2007,46,4517,3.63
170,3,Thriller,66,Witness Season 66,1999,45,4510,3.36
170,4,Thriller,323,Circuit Stories 323,1990,46,4490,3.63
170,5,Thriller,65,Pulse Diaries 65,2010,44,4350,3.7
171,1,Romance,108,Signal City,2018,60,6327,3.4
171,2,Romance,9,Circuit Season,2009,60,5957,3.3
171,3,Romance,97,Archive Run 97,2015,50,5249,3.52
171,4,Romance,243,Pulse House 243,2005,49,5160,3.61
171,5,Romance,153,Midnight Dreams 153,2005,49,5008,3.41
172,1,Crime,179,Midnight Road 179,2010,58,5842,3.31
172,2,Crime,291,Signal Dreams 291,2001,59,5547,3.42
172,3,Crime,205,Horizon Files,2018,49,5247,3.78
172,4,Crime,152,Horizon Protocol 152,2016,52,5129,3.1
172,5,Crime,296,Voyage City 296,1998,48,5031,3.44
173,1,Action,101,Empire Dreams 101,2023,66,6436,3.17
173,2,Action,13,Frontier Stories 13,1993,61,6280,3.62
173,3,Action,122,Voyage House 122,2013,61,6103,3.39
173,4,Action,270,Circuit Files 270,2025,57,6034,3.84
173,5,Action,2,Signal Road,2001,55,5899,3.75
174,1,Animation,209,Empire Diaries 209,1998,78,7841,3.45
174,2,Animation,227,Legacy Stories,2006,78,6931,3.37
174,3,Animation,196,Archive Dreams 196,1992,69,6770,3.33
174,4,Animation,76,Pulse House,2025,74,6545,3.62
174,5,Animation,39,Horizon City,2013,63,6425,3.38
175,1,Thriller,302,Pulse House 302,2015,53,5684,3.28
175,2,Thriller,130,Frontier House 130,2011,49,5284,3.57
175,3,Thriller,133,Signal Road 133,2021,48,5039,3.52
175,4,Thriller,232,Signal City 232,2019,49,4626,3.63
175,5,Thriller,199,Voyage Protocol 199,2007,46,4517,3.63
176,1,Action,13,Frontier Stories 13,1993,61,6280,3.62
176,2,Action,294,Frontier Run 294,2011,65,6237,3.55
176,3,Action,122,Voyage House 122,2013,61,6103,3.39
176,4,Action,2,Signal Road,2001,55,5899,3.75
176,5,Action,278,Frontier Diaries 278,2024,62,5704,3.21
177,1,Documentary,325,Pulse Protocol 325,2024,59,6282,3.44
177,2,Documentary,117,Horizon Run 117,2010,58,5853,3.59
177,3,Documentary,273,Voyage Protocol 273,2006,55,5687,3.73
177,4,Documentary,338,Horizon Run 338,1993,57,5644,3.35
177,5,Documentary,222,Frontier Road 222,2025,52,5283,3.42
178,1,Sci-Fi,169,Voyage House 169,2022,64,6660,3.55
178,2,Sci-Fi,83,Circuit Protocol 83,1995,62,5789,3.65
178,3,Sci-Fi,184,Pulse Dreams,2014,54,5177,3.5
178,4,Sci-Fi,91,Empire Files,2008,56,5168,3.38
178,5,Sci-Fi,298,Archive Files 298,2006,50,5108,3.58
179,1,Thriller,130,Frontier House 130,2011,49,5284,3.57
179,2,Thriller,133,Signal Road 133,2021,48,5039,3.52
179,3,Thriller,232,Signal City 232,2019,49,4626,3.63
179,4,Thriller,328,Witness Dreams 328,2014,50,4606,3.7
179,5,Thriller,199,Voyage Protocol 199,2007,46,4517,3.63
180,1,Horror,56,Midnight City,2017,68,6902,3.37
180,2,Horror,139,Circuit Run,2000,67,6192,3.64
180,3,Horror,318,Signal Protocol 318,2018,53,5978,3.47
180,4,Horror,135,Legacy Season 135,1996,59,5939,3.66
180,5,Horror,163,Legacy Diaries 163,2021,58,5859,3.69
181,1,Sci-Fi,169,Voyage House 169,2022,64,6660,3.55
181,2,Sci-Fi,265,Voyage Run 265,2014,57,5967,3.86
181,3,Sci-Fi,36,Pulse Run,1999,61,5807,3.54
181,4,Sci-Fi,83,Circuit Protocol 83,1995,62,5789,3.65
181,5,Sci-Fi,184,Pulse Dreams,2014,54,5177,3.5
182,1,Documentary,325,Pulse Protocol 325,2024,59,6282,3.44
182,2,Documentary,222,Frontier Road 222,2025,52,5283,3.42
182,3,Documentary,111,Horizon City 111,2007,50,5083,3.66
182,4,Documentary,268,Signal Dreams 268,2016,59,5019,3.54
182,5,Documentary,16,Witness Road,1998,49,4965,3.49
183,1,Documentary,338,Horizon Run 338,1993,57,5644,3.35
183,2,Documentary,222,Frontier Road 222,2025,52,5283,3.42
183,3,Documentary,224,Legacy House 224,1999,55,5111,3.58
183,4,Documentary,300,Frontier Run 300,2002,52,4955,3.29
183,5,Documentary,121,Midnight Road,2018,55,4929,3.24
184,1,Horror,56,Midnight City,2017,68,6902,3.37
184,2,Horror,318,Signal Protocol 318,2018,53,5978,3.47
184,3,Horror,135,Legacy Season 135,1996,59,5939,3.66
184,4,Horror,163,Legacy Diaries 163,2021,58,5859,3.69
184,5,Horror,23,Frontier Protocol,2019,51,5585,3.76
185,1,Crime,179,Midnight Road 179,2010,58,5842,3.31
185,2,Crime,291,Signal Dreams 291,2001,59,5547,3.42
185,3,Crime,304,Horizon Protocol 304,1990,51,5140,3.9
185,4,Crime,212,Signal Run 212,1994,48,4987,3.69
185,5,Crime,220,Signal Protocol 220,2004,46,4986,3.33
186,1,Sci-Fi,169,Voyage House 169,2022,64,6660,3.55
186,2,Sci-Fi,253,Voyage Protocol 253,2002,65,6502,3.26
186,3,Sci-Fi,83,Circuit Protocol 83,1995,62,5789,3.65
186,4,Sci-Fi,202,Legacy Season 202,2018,56,5424,3.2
186,5,Sci-Fi,184,Pulse Dreams,2014,54,5177,3.5
187,1,Action,101,Empire Dreams 101,2023,66,6436,3.17
187,2,Action,13,Frontier Stories 13,1993,61,6280,3.62
187,3,Action,336,Midnight Dreams 336,1991,62,6132,3.6
187,4,Action,122,Voyage House 122,2013,61,6103,3.39
187,5,Action,160,Voyage Run 160,1997,58,5748,3.67
188,1,Documentary,117,Horizon Run 117,2010,58,5853,3.59
188,2,Documentary,273,Voyage Protocol 273,2006,55,5687,3.73
188,3,Documentary,338,Horizon Run 338,1993,57,5644,3.35
188,4,Documentary,111,Horizon City 111,2007,50,5083,3.66
188,5,Documentary,16,Witness Road,1998,49,4965,3.49
189,1,Animation,209,Empire Diaries 209,1998,78,7841,3.45
189,2,Animation,227,Legacy Stories,2006,78,6931,3.37
189,3,Animation,176,Witness City 176,2020,67,6803,3.6
189,4,Animation,76,Pulse House,2025,74,6545,3.62
189,5,Animation,39,Horizon City,2013,63,6425,3.38
190,1,Drama,246,Frontier House 246,1996,42,4743,3.57
190,2,Drama,283,Voyage Season 283,2005,37,3842,3.49
190,3,Drama,80,Kingdom Dreams,1991,34,3379,3.59
190,4,Drama,48,Frontier Files 48,1991,35,3255,3.74
190,5,Drama,67,Witness City 67,1995,32,3248,3.88
191,1,Drama,246,Frontier House 246,1996,42,4743,3.57
191,2,Drama,283,Voyage Season 283,2005,37,3842,3.49
191,3,Drama,80,Kingdom Dreams,1991,34,3379,3.59
191,4,Drama,27,Frontier House 27,2013,33,3304,3.7
191,5,Drama,48,Frontier Files 48,1991,35,3255,3.74
192,1,Thriller,302,Pulse House 302,2015,53,5684,3.28
192,2,Thriller,133,Signal Road 133,2021,48,5039,3.52
192,3,Thriller,254,Kingdom House 254,1992,50,4823,3.44
192,4,Thriller,232,Signal City 232,2019,49,4626,3.63
192,5,Thriller,328,Witness Dreams 328,2014,50,4606,3.7
193,1,Drama,246,Frontier House 246,1996,42,4743,3.57
193,2,Drama,283,Voyage Season 283,2005,37,3842,3.49
193,3,Drama,80,Kingdom Dreams,1991,34,3379,3.59
193,4,Drama,27,Frontier House 27,2013,33,3304,3.7
193,5,Drama,67,Witness City 67,1995,32,3248,3.88
194,1,Action,101,Empire Dreams 101,2023,66,6436,3.17
194,2,Action,13,Frontier Stories 13,1993,61,6280,3.62
194,3,Action,294,Frontier Run 294,2011,65,6237,3.55
194,4,Action,122,Voyage House 122,2013,61,6103,3.39
194,5,Action,270,Circuit Files 270,2025,57,6034,3.84
195,1,Action,13,Frontier Stories 13,1993,61,6280,3.62
195,2,Action,294,Frontier Run 294,2011,65,6237,3.55
195,3,Action,270,Circuit Files 270,2025,57,6034,3.84
195,4,Action,324,Circuit Road 324,1992,58,5867,3.45
195,5,Action,160,Voyage Run 160,1997,58,5748,3.67
196,1,Comedy,78,Midnight Files 78,2009,57,6133,3.6
196,2,Comedy,305,Frontier Dreams 305,2007,49,5190,3.57
196,3,Comedy,344,Empire Dreams 344,1993,45,5058,3.49
196,4,Comedy,217,Witness Run 217,1998,52,5018,3.63
196,5,Comedy,45,Empire Run 45,2004,46,4702,3.67
197,1,Sci-Fi,169,Voyage House 169,2022,64,6660,3.55
197,2,Sci-Fi,253,Voyage Protocol 253,2002,65,6502,3.26
197,3,Sci-Fi,265,Voyage Run 265,2014,57,5967,3.86
197,4,Sci-Fi,36,Pulse Run,1999,61,5807,3.54
197,5,Sci-Fi,83,Circuit Protocol 83,1995,62,5789,3.65
198,1,Action,101,Empire Dreams 101,2023,66,6436,3.17
198,2,Action,294,Frontier Run 294,2011,65,6237,3.55
198,3,Action,122,Voyage House 122,2013,61,6103,3.39
198,4,Action,270,Circuit Files 270,2025,57,6034,3.84
198,5,Action,2,Signal Road,2001,55,5899,3.75
199,1,Comedy,305,Frontier Dreams 305,2007,49,5190,3.57
199,2,Comedy,344,Empire Dreams 344,1993,45,5058,3.49
199,3,Comedy,186,Archive House,1995,52,5033,3.58
199,4,Comedy,217,Witness Run 217,1998,52,5018,3.63
199,5,Comedy,45,Empire Run 45,2004,46,4702,3.67
200,1,Romance,61,Frontier City 61,2017,64,6568,3.19
200,2,Romance,9,Circuit Season,2009,60,5957,3.3
200,3,Romance,57,Witness Diaries 57,2018,52,5380,3.58
200,4,Romance,97,Archive Run 97,2015,50,5249,3.52
200,5,Romance,243,Pulse House 243,2005,49,5160,3.61
201,1,Thriller,130,Frontier House 130,2011,49,5284,3.57
201,2,Thriller,232,Signal City 232,2019,49,4626,3.63
201,3,Thriller,328,Witness Dreams 328,2014,50,4606,3.7
201,4,Thriller,323,Circuit Stories 323,1990,46,4490,3.63
201,5,Thriller,65,Pulse Diaries 65,2010,44,4350,3.7
202,1,Drama,246,Frontier House 246,1996,42,4743,3.57
202,2,Drama,283,Voyage Season 283,2005,37,3842,3.49
202,3,Drama,80,Kingdom Dreams,1991,34,3379,3.59
202,4,Drama,48,Frontier Files 48,1991,35,3255,3.74
202,5,Drama,67,Witness City 67,1995,32,3248,3.88
203,1,Comedy,344,Empire Dreams 344,1993,45,5058,3.49
203,2,Comedy,186,Archive House,1995,52,5033,3.58
203,3,Comedy,217,Witness Run 217,1998,52,5018,3.63
203,4,Comedy,45,Empire Run 45,2004,46,4702,3.67
203,5,Comedy,350,Empire Road 350,1999,49,4700,3.53
204,1,Horror,56,Midnight City,2017,68,6902,3.37
204,2,Horror,163,Legacy Diaries 163,2021,58,5859,3.69
204,3,Horror,23,Frontier Protocol,2019,51,5585,3.76
204,4,Horror,14,Kingdom City,2008,51,5242,3.73
204,5,Horror,251,Voyage Season 251,1997,51,5121,3.49
205,1,Sci-Fi,253,Voyage Protocol 253,2002,65,6502,3.26
205,2,Sci-Fi,265,Voyage Run 265,2014,57,5967,3.86
205,3,Sci-Fi,36,Pulse Run,1999,61,5807,3.54
205,4,Sci-Fi,83,Circuit Protocol 83,1995,62,5789,3.65
205,5,Sci-Fi,202,Legacy Season 202,2018,56,5424,3.2
206,1,Comedy,78,Midnight Files 78,2009,57,6133,3.6
206,2,Comedy,344,Empire Dreams 344,1993,45,5058,3.49
206,3,Comedy,186,Archive House,1995,52,5033,3.58
206,4,Comedy,217,Witness Run 217,1998,52,5018,3.63
206,5,Comedy,350,Empire Road 350,1999,49,4700,3.53
207,1,Action,101,Empire Dreams 101,2023,66,6436,3.17
207,2,Action,13,Frontier Stories 13,1993,61,6280,3.62
207,3,Action,122,Voyage House 122,2013,61,6103,3.39
207,4,Action,270,Circuit Files 270,2025,57,6034,3.84
207,5,Action,324,Circuit Road 324,1992,58,5867,3.45
208,1,Thriller,302,Pulse House 302,2015,53,5684,3.28
208,2,Thriller,130,Frontier House 130,2011,49,5284,3.57
208,3,Thriller,328,Witness Dreams 328,2014,50,4606,3.7
208,4,Thriller,199,Voyage Protocol 199,2007,46,4517,3.63
208,5,Thriller,66,Witness Season 66,1999,45,4510,3.36
209,1,Crime,179,Midnight Road 179,2010,58,5842,3.31
209,2,Crime,291,Signal Dreams 291,2001,59,5547,3.42
209,3,Crime,152,Horizon Protocol 152,2016,52,5129,3.1
209,4,Crime,296,Voyage City 296,1998,48,5031,3.44
209,5,Crime,212,Signal Run 212,1994,48,4987,3.69
210,1,Documentary,325,Pulse Protocol 325,2024,59,6282,3.44
210,2,Documentary,117,Horizon Run 117,2010,58,5853,3.59
210,3,Documentary,338,Horizon Run 338,1993,57,5644,3.35
210,4,Documentary,222,Frontier Road 222,2025,52,5283,3.42
210,5,Documentary,224,Legacy House 224,1999,55,5111,3.58
211,1,Thriller,302,Pulse House 302,2015,53,5684,3.28
211,2,Thriller,130,Frontier House 130,2011,49,5284,3.57
211,3,Thriller,254,Kingdom House 254,1992,50,4823,3.44
211,4,Thriller,199,Voyage Protocol 199,2007,46,4517,3.63
211,5,Thriller,66,Witness Season 66,1999,45,4510,3.36
212,1,Romance,61,Frontier City 61,2017,64,6568,3.19
212,2,Romance,108,Signal City,2018,60,6327,3.4
212,3,Romance,97,Archive Run 97,2015,50,5249,3.52
212,4,Romance,153,Midnight Dreams 153,2005,49,5008,3.41
212,5,Romance,120,Circuit Diaries,2001,47,4627,3.4
213,1,Comedy,78,Midnight Files 78,2009,57,6133,3.6
213,2,Comedy,305,Frontier Dreams 305,2007,49,5190,3.57
213,3,Comedy,344,Empire Dreams 344,1993,45,5058,3.49
213,4,Comedy,186,Archive House,1995,52,5033,3.58
213,5,Comedy,217,Witness Run 217,1998,52,5018,3.63
214,1,Sci-Fi,169,Voyage House 169,2022,64,6660,3.55
214,2,Sci-Fi,253,Voyage Protocol 253,2002,65,6502,3.26
214,3,Sci-Fi,265,Voyage Run 265,2014,57,5967,3.86
214,4,Sci-Fi,36,Pulse Run,1999,61,5807,3.54
214,5,Sci-Fi,83,Circuit Protocol 83,1995,62,5789,3.65
215,1,Romance,108,Signal City,2018,60,6327,3.4
215,2,Romance,9,Circuit Season,2009,60,5957,3.3
215,3,Romance,57,Witness Diaries 57,2018,52,5380,3.58
215,4,Romance,97,Archive Run 97,2015,50,5249,3.52
215,5,Romance,243,Pulse House 243,2005,49,5160,3.61
216,1,Comedy,78,Midnight Files 78,2009,57,6133,3.6
216,2,Comedy,305,Frontier Dreams 305,2007,49,5190,3.57
216,3,Comedy,186,Archive House,1995,52,5033,3.58
216,4,Comedy,45,Empire Run 45,2004,46,4702,3.67
216,5,Comedy,350,Empire Road 350,1999,49,4700,3.53
217,1,Drama,246,Frontier House 246,1996,42,4743,3.57
217,2,Drama,283,Voyage Season 283,2005,37,3842,3.49
217,3,Drama,80,Kingdom Dreams,1991,34,3379,3.59
217,4,Drama,27,Frontier House 27,2013,33,3304,3.7
217,5,Drama,48,Frontier Files 48,1991,35,3255,3.74
218,1,Crime,291,Signal Dreams 291,2001,59,5547,3.42
218,2,Crime,205,Horizon Files,2018,49,5247,3.78
218,3,Crime,304,Horizon Protocol 304,1990,51,5140,3.9
218,4,Crime,212,Signal Run 212,1994,48,4987,3.69
218,5,Crime,17,Witness Diaries,1992,49,4890,3.47
219,1,Sci-Fi,169,Voyage House 169,2022,64,6660,3.55
219,2,Sci-Fi,265,Voyage Run 265,2014,57,5967,3.86
219,3,Sci-Fi,36,Pulse Run,1999,61,5807,3.54
219,4,Sci-Fi,202,Legacy Season 202,2018,56,5424,3.2
219,5,Sci-Fi,184,Pulse Dreams,2014,54,5177,3.5
220,1,Romance,61,Frontier City 61,2017,64,6568,3.19
220,2,Romance,108,Signal City,2018,60,6327,3.4
220,3,Romance,9,Circuit Season,2009,60,5957,3.3
220,4,Romance,153,Midnight Dreams 153,2005,49,5008,3.41
220,5,Romance,145,Frontier Dreams,2016,49,4738,3.45
221,1,Comedy,78,Midnight Files 78,2009,57,6133,3.6
221,2,Comedy,305,Frontier Dreams 305,2007,49,5190,3.57
221,3,Comedy,344,Empire Dreams 344,1993,45,5058,3.49
221,4,Comedy,45,Empire Run 45,2004,46,4702,3.67
221,5,Comedy,167,Kingdom Dreams 167,1995,43,4392,3.7
222,1,Comedy,305,Frontier Dreams 305,2007,49,5190,3.57
222,2,Comedy,186,Archive House,1995,52,5033,3.58
222,3,Comedy,217,Witness Run 217,1998,52,5018,3.63
222,4,Comedy,45,Empire Run 45,2004,46,4702,3.67
222,5,Comedy,350,Empire Road 350,1999,49,4700,3.53
223,1,Documentary,325,Pulse Protocol 325,2024,59,6282,3.44
223,2,Documentary,273,Voyage Protocol 273,2006,55,5687,3.73
223,3,Documentary,338,Horizon Run 338,1993,57,5644,3.35
223,4,Documentary,222,Frontier Road 222,2025,52,5283,3.42
223,5,Documentary,224,Legacy House 224,1999,55,5111,3.58
224,1,Animation,227,Legacy Stories,2006,78,6931,3.37
224,2,Animation,176,Witness City 176,2020,67,6803,3.6
224,3,Animation,134,Empire Road,1999,71,6580,3.56
224,4,Animation,76,Pulse House,2025,74,6545,3.62
224,5,Animation,171,Midnight Dreams 171,2006,64,6417,3.41
225,1,Crime,291,Signal Dreams 291,2001,59,5547,3.42
225,2,Crime,205,Horizon Files,2018,49,5247,3.78
225,3,Crime,296,Voyage City 296,1998,48,5031,3.44
225,4,Crime,220,Signal Protocol 220,2004,46,4986,3.33
225,5,Crime,17,Witness Diaries,1992,49,4890,3.47
226,1,Comedy,78,Midnight Files 78,2009,57,6133,3.6
226,2,Comedy,344,Empire Dreams 344,1993,45,5058,3.49
226,3,Comedy,186,Archive House,1995,52,5033,3.58
226,4,Comedy,217,Witness Run 217,1998,52,5018,3.63
226,5,Comedy,45,Empire Run 45,2004,46,4702,3.67
227,1,Drama,246,Frontier House 246,1996,42,4743,3.57
227,2,Drama,283,Voyage Season 283,2005,37,3842,3.49
227,3,Drama,80,Kingdom Dreams,1991,34,3379,3.59
227,4,Drama,27,Frontier House 27,2013,33,3304,3.7
227,5,Drama,48,Frontier Files 48,1991,35,3255,3.74
228,1,Drama,80,Kingdom Dreams,1991,34,3379,3.59
228,2,Drama,27,Frontier House 27,2013,33,3304,3.7
228,3,Drama,48,Frontier Files 48,1991,35,3255,3.74
228,4,Drama,67,Witness City 67,1995,32,3248,3.88
228,5,Drama,330,Signal Protocol 330,2024,29,3203,3.59
229,1,Action,101,Empire Dreams 101,2023,66,6436,3.17
229,2,Action,294,Frontier Run 294,2011,65,6237,3.55
229,3,Action,336,Midnight Dreams 336,1991,62,6132,3.6
229,4,Action,324,Circuit Road 324,1992,58,5867,3.45
229,5,Action,233,Empire Protocol 233,2010,54,5193,3.83
230,1,Comedy,78,Midnight Files 78,2009,57,6133,3.6
230,2,Comedy,305,Frontier Dreams 305,2007,49,5190,3.57
230,3,Comedy,344,Empire Dreams 344,1993,45,5058,3.49
230,4,Comedy,217,Witness Run 217,1998,52,5018,3.63
230,5,Comedy,350,Empire Road 350,1999,49,4700,3.53
231,1,Crime,304,Horizon Protocol 304,1990,51,5140,3.9
231,2,Crime,152,Horizon Protocol 152,2016,52,5129,3.1
231,3,Crime,296,Voyage City 296,1998,48,5031,3.44
231,4,Crime,212,Signal Run 212,1994,48,4987,3.69
231,5,Crime,220,Signal Protocol 220,2004,46,4986,3.33
232,1,Comedy,78,Midnight Files 78,2009,57,6133,3.6
232,2,Comedy,344,Empire Dreams 344,1993,45,5058,3.49
232,3,Comedy,186,Archive House,1995,52,5033,3.58
232,4,Comedy,217,Witness Run 217,1998,52,5018,3.63
232,5,Comedy,45,Empire Run 45,2004,46,4702,3.67
233,1,Crime,179,Midnight Road 179,2010,58,5842,3.31
233,2,Crime,291,Signal Dreams 291,2001,59,5547,3.42
233,3,Crime,205,Horizon Files,2018,49,5247,3.78
233,4,Crime,304,Horizon Protocol 304,1990,51,5140,3.9
233,5,Crime,212,Signal Run 212,1994,48,4987,3.69
234,1,Thriller,302,Pulse House 302,2015,53,5684,3.28
234,2,Thriller,130,Frontier House 130,2011,49,5284,3.57
234,3,Thriller,133,Signal Road 133,2021,48,5039,3.52
234,4,Thriller,254,Kingdom House 254,1992,50,4823,3.44
234,5,Thriller,232,Signal City 232,2019,49,4626,3.63
235,1,Comedy,78,Midnight Files 78,2009,57,6133,3.6
235,2,Comedy,305,Frontier Dreams 305,2007,49,5190,3.57
235,3,Comedy,217,Witness Run 217,1998,52,5018,3.63
235,4,Comedy,45,Empire Run 45,2004,46,4702,3.67
235,5,Comedy,350,Empire Road 350,1999,49,4700,3.53
236,1,Romance,61,Frontier City 61,2017,64,6568,3.19
236,2,Romance,108,Signal City,2018,60,6327,3.4
236,3,Romance,97,Archive Run 97,2015,50,5249,3.52
236,4,Romance,243,Pulse House 243,2005,49,5160,3.61
236,5,Romance,153,Midnight Dreams 153,2005,49,5008,3.41
237,1,Sci-Fi,169,Voyage House 169,2022,64,6660,3.55
237,2,Sci-Fi,36,Pulse Run,1999,61,5807,3.54
237,3,Sci-Fi,83,Circuit Protocol 83,1995,62,5789,3.65
237,4,Sci-Fi,202,Legacy Season 202,2018,56,5424,3.2
237,5,Sci-Fi,298,Archive Files 298,2006,50,5108,3.58
238,1,Comedy,78,Midnight Files 78,2009,57,6133,3.6
238,2,Comedy,305,Frontier Dreams 305,2007,49,5190,3.57
238,3,Comedy,344,Empire Dreams 344,1993,45,5058,3.49
238,4,Comedy,186,Archive House,1995,52,5033,3.58
238,5,Comedy,45,Empire Run 45,2004,46,4702,3.67
239,1,Action,101,Empire Dreams 101,2023,66,6436,3.17
239,2,Action,13,Frontier Stories 13,1993,61,6280,3.62
239,3,Action,122,Voyage House 122,2013,61,6103,3.39
239,4,Action,2,Signal Road,2001,55,5899,3.75
239,5,Action,324,Circuit Road 324,1992,58,5867,3.45
240,1,Thriller,302,Pulse House 302,2015,53,5684,3.28
240,2,Thriller,130,Frontier House 130,2011,49,5284,3.57
240,3,Thriller,133,Signal Road 133,2021,48,5039,3.52
240,4,Thriller,254,Kingdom House 254,1992,50,4823,3.44
240,5,Thriller,328,Witness Dreams 328,2014,50,4606,3.7
241,1,Horror,139,Circuit Run,2000,67,6192,3.64
241,2,Horror,318,Signal Protocol 318,2018,53,5978,3.47
241,3,Horror,135,Legacy Season 135,1996,59,5939,3.66
241,4,Horror,163,Legacy Diaries 163,2021,58,5859,3.69
241,5,Horror,23,Frontier Protocol,2019,51,5585,3.76
242,1,Crime,179,Midnight Road 179,2010,58,5842,3.31
242,2,Crime,205,Horizon Files,2018,49,5247,3.78
242,3,Crime,152,Horizon Protocol 152,2016,52,5129,3.1
242,4,Crime,296,Voyage City 296,1998,48,5031,3.44
242,5,Crime,212,Signal Run 212,1994,48,4987,3.69
243,1,Thriller,302,Pulse House 302,2015,53,5684,3.28
243,2,Thriller,130,Frontier House 130,2011,49,5284,3.57
243,3,Thriller,254,Kingdom House 254,1992,50,4823,3.44
243,4,Thriller,328,Witness Dreams 328,2014,50,4606,3.7
243,5,Thriller,199,Voyage Protocol 199,2007,46,4517,3.63
244,1,Action,101,Empire Dreams 101,2023,66,6436,3.17
244,2,Action,13,Frontier Stories 13,1993,61,6280,3.62
244,3,Action,294,Frontier Run 294,2011,65,6237,3.55
244,4,Action,122,Voyage House 122,2013,61,6103,3.39
244,5,Action,270,Circuit Files 270,2025,57,6034,3.84
245,1,Documentary,325,Pulse Protocol 325,2024,59,6282,3.44
245,2,Documentary,117,Horizon Run 117,2010,58,5853,3.59
245,3,Documentary,273,Voyage Protocol 273,2006,55,5687,3.73
245,4,Documentary,222,Frontier Road 222,2025,52,5283,3.42
245,5,Documentary,224,Legacy House 224,1999,55,5111,3.58
246,1,Crime,179,Midnight Road 179,2010,58,5842,3.31
246,2,Crime,304,Horizon Protocol 304,1990,51,5140,3.9
246,3,Crime,152,Horizon Protocol 152,2016,52,5129,3.1
246,4,Crime,296,Voyage City 296,1998,48,5031,3.44
246,5,Crime,212,Signal Run 212,1994,48,4987,3.69
247,1,Animation,213,Frontier Dreams 213,2020,70,7622,3.49
247,2,Animation,227,Legacy Stories,2006,78,6931,3.37
247,3,Animation,134,Empire Road,1999,71,6580,3.56
247,4,Animation,76,Pulse House,2025,74,6545,3.62
247,5,Animation,39,Horizon City,2013,63,6425,3.38
248,1,Horror,56,Midnight City,2017,68,6902,3.37
248,2,Horror,139,Circuit Run,2000,67,6192,3.64
248,3,Horror,318,Signal Protocol 318,2018,53,5978,3.47
248,4,Horror,135,Legacy Season 135,1996,59,5939,3.66
248,5,Horror,163,Legacy Diaries 163,2021,58,5859,3.69
249,1,Drama,246,Frontier House 246,1996,42,4743,3.57
249,2,Drama,80,Kingdom Dreams,1991,34,3379,3.59
249,3,Drama,27,Frontier House 27,2013,33,3304,3.7
249,4,Drama,48,Frontier Files 48,1991,35,3255,3.74
249,5,Drama,330,Signal Protocol 330,2024,29,3203,3.59
250,1,Documentary,325,Pulse Protocol 325,2024,59,6282,3.44
250,2,Documentary,338,Horizon Run 338,1993,57,5644,3.35
250,3,Documentary,222,Frontier Road 222,2025,52,5283,3.42
250,4,Documentary,224,Legacy House 224,1999,55,5111,3.58
250,5,Documentary,111,Horizon City 111,2007,50,5083,3.66
251,1,Comedy,78,Midnight Files 78,2009,57,6133,3.6
251,2,Comedy,305,Frontier Dreams 305,2007,49,5190,3.57
251,3,Comedy,217,Witness Run 217,1998,52,5018,3.63
251,4,Comedy,45,Empire Run 45,2004,46,4702,3.67
251,5,Comedy,350,Empire Road 350,1999,49,4700,3.53
252,1,Crime,179,Midnight Road 179,2010,58,5842,3.31
252,2,Crime,291,Signal Dreams 291,2001,59,5547,3.42
252,3,Crime,205,Horizon Files,2018,49,5247,3.78
252,4,Crime,304,Horizon Protocol 304,1990,51,5140,3.9
252,5,Crime,152,Horizon Protocol 152,2016,52,5129,3.1
253,1,Drama,246,Frontier House 246,1996,42,4743,3.57
253,2,Drama,283,Voyage Season 283,2005,37,3842,3.49
253,3,Drama,80,Kingdom Dreams,1991,34,3379,3.59
253,4,Drama,48,Frontier Files 48,1991,35,3255,3.74
253,5,Drama,67,Witness City 67,1995,32,3248,3.88
254,1,Horror,56,Midnight City,2017,68,6902,3.37
254,2,Horror,139,Circuit Run,2000,67,6192,3.64
254,3,Horror,163,Legacy Diaries 163,2021,58,5859,3.69
254,4,Horror,23,Frontier Protocol,2019,51,5585,3.76
254,5,Horror,10,Empire Dreams,1996,51,5303,3.76
255,1,Thriller,133,Signal Road 133,2021,48,5039,3.52
255,2,Thriller,232,Signal City 232,2019,49,4626,3.63
255,3,Thriller,328,Witness Dreams 328,2014,50,4606,3.7
255,4,Thriller,199,Voyage Protocol 199,2007,46,4517,3.63
255,5,Thriller,66,Witness Season 66,1999,45,4510,3.36
256,1,Crime,179,Midnight Road 179,2010,58,5842,3.31
256,2,Crime,291,Signal Dreams 291,2001,59,5547,3.42
256,3,Crime,304,Horizon Protocol 304,1990,51,5140,3.9
256,4,Crime,152,Horizon Protocol 152,2016,52,5129,3.1
256,5,Crime,296,Voyage City 296,1998,48,5031,3.44
257,1,Documentary,325,Pulse Protocol 325,2024,59,6282,3.44
257,2,Documentary,273,Voyage Protocol 273,2006,55,5687,3.73
257,3,Documentary,338,Horizon Run 338,1993,57,5644,3.35
257,4,Documentary,222,Frontier Road 222,2025,52,5283,3.42
257,5,Documentary,165,Kingdom Road 165,2008,53,5088,3.66
258,1,Documentary,325,Pulse Protocol 325,2024,59,6282,3.44
258,2,Documentary,117,Horizon Run 117,2010,58,5853,3.59
258,3,Documentary,222,Frontier Road 222,2025,52,5283,3.42
258,4,Documentary,224,Legacy House 224,1999,55,5111,3.58
258,5,Documentary,165,Kingdom Road 165,2008,53,5088,3.66
259,1,Comedy,78,Midnight Files 78,2009,57,6133,3.6
259,2,Comedy,305,Frontier Dreams 305,2007,49,5190,3.57
259,3,Comedy,344,Empire Dreams 344,1993,45,5058,3.49
259,4,Comedy,186,Archive House,1995,52,5033,3.58
259,5,Comedy,217,Witness Run 217,1998,52,5018,3.63
260,1,Thriller,302,Pulse House 302,2015,53,5684,3.28
260,2,Thriller,130,Frontier House 130,2011,49,5284,3.57
260,3,Thriller,133,Signal Road 133,2021,48,5039,3.52
260,4,Thriller,254,Kingdom House 254,1992,50,4823,3.44
260,5,Thriller,232,Signal City 232,2019,49,4626,3.63
261,1,Romance,57,Witness Diaries 57,2018,52,5380,3.58
261,2,Romance,97,Archive Run 97,2015,50,5249,3.52
261,3,Romance,243,Pulse House 243,2005,49,5160,3.61
261,4,Romance,153,Midnight Dreams 153,2005,49,5008,3.41
261,5,Romance,120,Circuit Diaries,2001,47,4627,3.4
262,1,Sci-Fi,169,Voyage House 169,2022,64,6660,3.55
262,2,Sci-Fi,253,Voyage Protocol 253,2002,65,6502,3.26
262,3,Sci-Fi,265,Voyage Run 265,2014,57,5967,3.86
262,4,Sci-Fi,83,Circuit Protocol 83,1995,62,5789,3.65
262,5,Sci-Fi,202,Legacy Season 202,2018,56,5424,3.2
263,1,Action,101,Empire Dreams 101,2023,66,6436,3.17
263,2,Action,336,Midnight Dreams 336,1991,62,6132,3.6
263,3,Action,122,Voyage House 122,2013,61,6103,3.39
263,4,Action,270,Circuit Files 270,2025,57,6034,3.84
263,5,Action,324,Circuit Road 324,1992,58,5867,3.45
264,1,Comedy,78,Midnight Files 78,2009,57,6133,3.6
264,2,Comedy,305,Frontier Dreams 305,2007,49,5190,3.57
264,3,Comedy,344,Empire Dreams 344,1993,45,5058,3.49
264,4,Comedy,186,Archive House,1995,52,5033,3.58
264,5,Comedy,217,Witness Run 217,1998,52,5018,3.63
265,1,Drama,80,Kingdom Dreams,1991,34,3379,3.59
265,2,Drama,27,Frontier House 27,2013,33,3304,3.7
265,3,Drama,48,Frontier Files 48,1991,35,3255,3.74
265,4,Drama,67,Witness City 67,1995,32,3248,3.88
265,5,Drama,178,Circuit City 178,2002,32,3091,3.41
266,1,Action,13,Frontier Stories 13,1993,61,6280,3.62
266,2,Action,294,Frontier Run 294,2011,65,6237,3.55
266,3,Action,336,Midnight Dreams 336,1991,62,6132,3.6
266,4,Action,122,Voyage House 122,2013,61,6103,3.39
266,5,Action,270,Circuit Files 270,2025,57,6034,3.84
267,1,Horror,56,Midnight City,2017,68,6902,3.37
267,2,Horror,139,Circuit Run,2000,67,6192,3.64
267,3,Horror,318,Signal Protocol 318,2018,53,5978,3.47
267,4,Horror,135,Legacy Season 135,1996,59,5939,3.66
267,5,Horror,163,Legacy Diaries 163,2021,58,5859,3.69
268,1,Animation,209,Empire Diaries 209,1998,78,7841,3.45
268,2,Animation,213,Frontier Dreams 213,2020,70,7622,3.49
268,3,Animation,196,Archive Dreams 196,1992,69,6770,3.33
268,4,Animation,76,Pulse House,2025,74,6545,3.62
268,5,Animation,39,Horizon City,2013,63,6425,3.38
269,1,Thriller,302,Pulse House 302,2015,53,5684,3.28
269,2,Thriller,130,Frontier House 130,2011,49,5284,3.57
269,3,Thriller,133,Signal Road 133,2021,48,5039,3.52
269,4,Thriller,232,Signal City 232,2019,49,4626,3.63
269,5,Thriller,328,Witness Dreams 328,2014,50,4606,3.7
270,1,Drama,246,Frontier House 246,1996,42,4743,3.57
270,2,Drama,283,Voyage Season 283,2005,37,3842,3.49
270,3,Drama,80,Kingdom Dreams,1991,34,3379,3.59
270,4,Drama,48,Frontier Files 48,1991,35,3255,3.74
270,5,Drama,67,Witness City 67,1995,32,3248,3.88
271,1,Drama,246,Frontier House 246,1996,42,4743,3.57
271,2,Drama,283,Voyage Season 283,2005,37,3842,3.49
271,3,Drama,80,Kingdom Dreams,1991,34,3379,3.59
271,4,Drama,27,Frontier House 27,2013,33,3304,3.7
271,5,Drama,67,Witness City 67,1995,32,3248,3.88
272,1,Action,101,Empire Dreams 101,2023,66,6436,3.17
272,2,Action,13,Frontier Stories 13,1993,61,6280,3.62
272,3,Action,294,Frontier Run 294,2011,65,6237,3.55
272,4,Action,336,Midnight Dreams 336,1991,62,6132,3.6
272,5,Action,122,Voyage House 122,2013,61,6103,3.39
273,1,Romance,61,Frontier City 61,2017,64,6568,3.19
273,2,Romance,57,Witness Diaries 57,2018,52,5380,3.58
273,3,Romance,243,Pulse House 243,2005,49,5160,3.61
273,4,Romance,153,Midnight Dreams 153,2005,49,5008,3.41
273,5,Romance,308,Witness Diaries 308,2000,44,4693,3.73
274,1,Sci-Fi,169,Voyage House 169,2022,64,6660,3.55
274,2,Sci-Fi,253,Voyage Protocol 253,2002,65,6502,3.26
274,3,Sci-Fi,265,Voyage Run 265,2014,57,5967,3.86
274,4,Sci-Fi,36,Pulse Run,1999,61,5807,3.54
274,5,Sci-Fi,83,Circuit Protocol 83,1995,62,5789,3.65
275,1,Thriller,302,Pulse House 302,2015,53,5684,3.28
275,2,Thriller,130,Frontier House 130,2011,49,5284,3.57
275,3,Thriller,133,Signal Road 133,2021,48,5039,3.52
275,4,Thriller,254,Kingdom House 254,1992,50,4823,3.44
275,5,Thriller,328,Witness Dreams 328,2014,50,4606,3.7
276,1,Drama,246,Frontier House 246,1996,42,4743,3.57
276,2,Drama,48,Frontier Files 48,1991,35,3255,3.74
276,3,Drama,67,Witness City 67,1995,32,3248,3.88
276,4,Drama,330,Signal Protocol 330,2024,29,3203,3.59
276,5,Drama,178,Circuit City 178,2002,32,3091,3.41
277,1,Horror,56,Midnight City,2017,68,6902,3.37
277,2,Horror,139,Circuit Run,2000,67,6192,3.64
277,3,Horror,318,Signal Protocol 318,2018,53,5978,3.47
277,4,Horror,135,Legacy Season 135,1996,59,5939,3.66
277,5,Horror,163,Legacy Diaries 163,2021,58,5859,3.69
278,1,Animation,209,Empire Diaries 209,1998,78,7841,3.45
278,2,Animation,227,Legacy Stories,2006,78,6931,3.37
278,3,Animation,134,Empire Road,1999,71,6580,3.56
278,4,Animation,76,Pulse House,2025,74,6545,3.62
278,5,Animation,171,Midnight Dreams 171,2006,64,6417,3.41
279,1,Sci-Fi,169,Voyage House 169,2022,64,6660,3.55
279,2,Sci-Fi,253,Voyage Protocol 253,2002,65,6502,3.26
279,3,Sci-Fi,265,Voyage Run 265,2014,57,5967,3.86
279,4,Sci-Fi,36,Pulse Run,1999,61,5807,3.54
279,5,Sci-Fi,202,Legacy Season 202,2018,56,5424,3.2
280,1,Thriller,130,Frontier House 130,2011,49,5284,3.57
280,2,Thriller,133,Signal Road 133,2021,48,5039,3.52
280,3,Thriller,254,Kingdom House 254,1992,50,4823,3.44
280,4,Thriller,232,Signal City 232,2019,49,4626,3.63
280,5,Thriller,328,Witness Dreams 328,2014,50,4606,3.7
281,1,Action,336,Midnight Dreams 336,1991,62,6132,3.6
281,2,Action,122,Voyage House 122,2013,61,6103,3.39
281,3,Action,2,Signal Road,2001,55,5899,3.75
281,4,Action,324,Circuit Road 324,1992,58,5867,3.45
281,5,Action,278,Frontier Diaries 278,2024,62,5704,3.21
282,1,Sci-Fi,169,Voyage House 169,2022,64,6660,3.55
282,2,Sci-Fi,253,Voyage Protocol 253,2002,65,6502,3.26
282,3,Sci-Fi,265,Voyage Run 265,2014,57,5967,3.86
282,4,Sci-Fi,83,Circuit Protocol 83,1995,62,5789,3.65
282,5,Sci-Fi,91,Empire Files,2008,56,5168,3.38
283,1,Horror,56,Midnight City,2017,68,6902,3.37
283,2,Horror,163,Legacy Diaries 163,2021,58,5859,3.69
283,3,Horror,23,Frontier Protocol,2019,51,5585,3.76
283,4,Horror,15,Empire Run,2004,56,5566,3.61
283,5,Horror,251,Voyage Season 251,1997,51,5121,3.49
284,1,Comedy,78,Midnight Files 78,2009,57,6133,3.6
284,2,Comedy,305,Frontier Dreams 305,2007,49,5190,3.57
284,3,Comedy,344,Empire Dreams 344,1993,45,5058,3.49
284,4,Comedy,45,Empire Run 45,2004,46,4702,3.67
284,5,Comedy,350,Empire Road 350,1999,49,4700,3.53
285,1,Comedy,305,Frontier Dreams 305,2007,49,5190,3.57
285,2,Comedy,344,Empire Dreams 344,1993,45,5058,3.49
285,3,Comedy,186,Archive House,1995,52,5033,3.58
285,4,Comedy,45,Empire Run 45,2004,46,4702,3.67
285,5,Comedy,350,Empire Road 350,1999,49,4700,3.53
286,1,Thriller,130,Frontier House 130,2011,49,5284,3.57
286,2,Thriller,254,Kingdom House 254,1992,50,4823,3.44
286,3,Thriller,328,Witness Dreams 328,2014,50,4606,3.7
286,4,Thriller,199,Voyage Protocol 199,2007,46,4517,3.63
286,5,Thriller,66,Witness Season 66,1999,45,4510,3.36
287,1,Documentary,325,Pulse Protocol 325,2024,59,6282,3.44
287,2,Documentary,117,Horizon Run 117,2010,58,5853,3.59
287,3,Documentary,273,Voyage Protocol 273,2006,55,5687,3.73
287,4,Documentary,338,Horizon Run 338,1993,57,5644,3.35
287,5,Documentary,222,Frontier Road 222,2025,52,5283,3.42
288,1,Crime,179,Midnight Road 179,2010,58,5842,3.31
288,2,Crime,291,Signal Dreams 291,2001,59,5547,3.42
288,3,Crime,205,Horizon Files,2018,49,5247,3.78
288,4,Crime,296,Voyage City 296,1998,48,5031,3.44
288,5,Crime,212,Signal Run 212,1994,48,4987,3.69
289,1,Romance,108,Signal City,2018,60,6327,3.4
289,2,Romance,57,Witness Diaries 57,2018,52,5380,3.58
289,3,Romance,97,Archive Run 97,2015,50,5249,3.52
289,4,Romance,243,Pulse House 243,2005,49,5160,3.61
289,5,Romance,153,Midnight Dreams 153,2005,49,5008,3.41
290,1,Horror,56,Midnight City,2017,68,6902,3.37
290,2,Horror,139,Circuit Run,2000,67,6192,3.64
290,3,Horror,318,Signal Protocol 318,2018,53,5978,3.47
290,4,Horror,15,Empire Run,2004,56,5566,3.61
290,5,Horror,10,Empire Dreams,1996,51,5303,3.76
291,1,Comedy,78,Midnight Files 78,2009,57,6133,3.6
291,2,Comedy,305,Frontier Dreams 305,2007,49,5190,3.57
291,3,Comedy,344,Empire Dreams 344,1993,45,5058,3.49
291,4,Comedy,186,Archive House,1995,52,5033,3.58
291,5,Comedy,217,Witness Run 217,1998,52,5018,3.63
292,1,Animation,213,Frontier Dreams 213,2020,70,7622,3.49
292,2,Animation,227,Legacy Stories,2006,78,6931,3.37
292,3,Animation,176,Witness City 176,2020,67,6803,3.6
292,4,Animation,196,Archive Dreams 196,1992,69,6770,3.33
292,5,Animation,134,Empire Road,1999,71,6580,3.56
293,1,Documentary,325,Pulse Protocol 325,2024,59,6282,3.44
293,2,Documentary,273,Voyage Protocol 273,2006,55,5687,3.73
293,3,Documentary,224,Legacy House 224,1999,55,5111,3.58
293,4,Documentary,165,Kingdom Road 165,2008,53,5088,3.66
293,5,Documentary,268,Signal Dreams 268,2016,59,5019,3.54
294,1,Documentary,325,Pulse Protocol 325,2024,59,6282,3.44
294,2,Documentary,273,Voyage Protocol 273,2006,55,5687,3.73
294,3,Documentary,338,Horizon Run 338,1993,57,5644,3.35
294,4,Documentary,222,Frontier Road 222,2025,52,5283,3.42
294,5,Documentary,224,Legacy House 224,1999,55,5111,3.58
295,1,Crime,179,Midnight Road 179,2010,58,5842,3.31
295,2,Crime,291,Signal Dreams 291,2001,59,5547,3.42
295,3,Crime,205,Horizon Files,2018,49,5247,3.78
295,4,Crime,304,Horizon Protocol 304,1990,51,5140,3.9
295,5,Crime,152,Horizon Protocol 152,2016,52,5129,3.1
296,1,Drama,283,Voyage Season 283,2005,37,3842,3.49
296,2,Drama,80,Kingdom Dreams,1991,34,3379,3.59
296,3,Drama,27,Frontier House 27,2013,33,3304,3.7
296,4,Drama,48,Frontier Files 48,1991,35,3255,3.74
296,5,Drama,67,Witness City 67,1995,32,3248,3.88
297,1,Sci-Fi,36,Pulse Run,1999,61,5807,3.54
297,2,Sci-Fi,202,Legacy Season 202,2018,56,5424,3.2
297,3,Sci-Fi,184,Pulse Dreams,2014,54,5177,3.5
297,4,Sci-Fi,91,Empire Files,2008,56,5168,3.38
297,5,Sci-Fi,298,Archive Files 298,2006,50,5108,3.58
298,1,Horror,56,Midnight City,2017,68,6902,3.37
298,2,Horror,139,Circuit Run,2000,67,6192,3.64
298,3,Horror,135,Legacy Season 135,1996,59,5939,3.66
298,4,Horror,163,Legacy Diaries 163,2021,58,5859,3.69
298,5,Horror,23,Frontier Protocol,2019,51,5585,3.76
299,1,Thriller,254,Kingdom House 254,1992,50,4823,3.44
299,2,Thriller,232,Signal City 232,2019,49,4626,3.63
299,3,Thriller,328,Witness Dreams 328,2014,50,4606,3.7
299,4,Thriller,199,Voyage Protocol 199,2007,46,4517,3.63
299,5,Thriller,66,Witness Season 66,1999,45,4510,3.36
300,1,Drama,283,Voyage Season 283,2005,37,3842,3.49
300,2,Drama,80,Kingdom Dreams,1991,34,3379,3.59
300,3,Drama,27,Frontier House 27,2013,33,3304,3.7
300,4,Drama,48,Frontier Files 48,1991,35,3255,3.74
300,5,Drama,67,Witness City 67,1995,32,3248,3.88
301,1,Sci-Fi,169,Voyage House 169,2022,64,6660,3.55
301,2,Sci-Fi,265,Voyage Run 265,2014,57,5967,3.86
301,3,Sci-Fi,83,Circuit Protocol 83,1995,62,5789,3.65
301,4,Sci-Fi,202,Legacy Season 202,2018,56,5424,3.2
301,5,Sci-Fi,91,Empire Files,2008,56,5168,3.38
302,1,Comedy,78,Midnight Files 78,2009,57,6133,3.6
302,2,Comedy,305,Frontier Dreams 305,2007,49,5190,3.57
302,3,Comedy,344,Empire Dreams 344,1993,45,5058,3.49
302,4,Comedy,217,Witness Run 217,1998,52,5018,3.63
302,5,Comedy,350,Empire Road 350,1999,49,4700,3.53
303,1,Drama,283,Voyage Season 283,2005,37,3842,3.49
303,2,Drama,80,Kingdom Dreams,1991,34,3379,3.59
303,3,Drama,27,Frontier House 27,2013,33,3304,3.7
303,4,Drama,48,Frontier Files 48,1991,35,3255,3.74
303,5,Drama,67,Witness City 67,1995,32,3248,3.88
304,1,Horror,318,Signal Protocol 318,2018,53,5978,3.47
304,2,Horror,135,Legacy Season 135,1996,59,5939,3.66
304,3,Horror,163,Legacy Diaries 163,2021,58,5859,3.69
304,4,Horror,15,Empire Run,2004,56,5566,3.61
304,5,Horror,10,Empire Dreams,1996,51,5303,3.76
305,1,Drama,246,Frontier House 246,1996,42,4743,3.57
305,2,Drama,283,Voyage Season 283,2005,37,3842,3.49
305,3,Drama,80,Kingdom Dreams,1991,34,3379,3.59
305,4,Drama,27,Frontier House 27,2013,33,3304,3.7
305,5,Drama,48,Frontier Files 48,1991,35,3255,3.74
306,1,Horror,56,Midnight City,2017,68,6902,3.37
306,2,Horror,139,Circuit Run,2000,67,6192,3.64
306,3,Horror,318,Signal Protocol 318,2018,53,5978,3.47
306,4,Horror,23,Frontier Protocol,2019,51,5585,3.76
306,5,Horror,15,Empire Run,2004,56,5566,3.61
307,1,Animation,213,Frontier Dreams 213,2020,70,7622,3.49
307,2,Animation,128,Archive Season 128,2015,67,6170,3.39
307,3,Animation,258,Signal Dreams,2009,60,6020,3.52
307,4,Animation,341,Signal House 341,2004,61,5848,3.49
307,5,Animation,141,Witness Road 141,2008,57,5770,3.39
308,1,Horror,135,Legacy Season 135,1996,59,5939,3.66
308,2,Horror,163,Legacy Diaries 163,2021,58,5859,3.69
308,3,Horror,23,Frontier Protocol,2019,51,5585,3.76
308,4,Horror,15,Empire Run,2004,56,5566,3.61
308,5,Horror,10,Empire Dreams,1996,51,5303,3.76
309,1,Sci-Fi,169,Voyage House 169,2022,64,6660,3.55
309,2,Sci-Fi,253,Voyage Protocol 253,2002,65,6502,3.26
309,3,Sci-Fi,36,Pulse Run,1999,61,5807,3.54
309,4,Sci-Fi,83,Circuit Protocol 83,1995,62,5789,3.65
309,5,Sci-Fi,202,Legacy Season 202,2018,56,5424,3.2
310,1,Thriller,302,Pulse House 302,2015,53,5684,3.28
310,2,Thriller,133,Signal Road 133,2021,48,5039,3.52
310,3,Thriller,254,Kingdom House 254,1992,50,4823,3.44
310,4,Thriller,199,Voyage Protocol 199,2007,46,4517,3.63
310,5,Thriller,323,Circuit Stories 323,1990,46,4490,3.63
311,1,Action,294,Frontier Run 294,2011,65,6237,3.55
311,2,Action,336,Midnight Dreams 336,1991,62,6132,3.6
311,3,Action,122,Voyage House 122,2013,61,6103,3.39
311,4,Action,324,Circuit Road 324,1992,58,5867,3.45
311,5,Action,160,Voyage Run 160,1997,58,5748,3.67
312,1,Drama,246,Frontier House 246,1996,42,4743,3.57
312,2,Drama,283,Voyage Season 283,2005,37,3842,3.49
312,3,Drama,80,Kingdom Dreams,1991,34,3379,3.59
312,4,Drama,27,Frontier House 27,2013,33,3304,3.7
312,5,Drama,67,Witness City 67,1995,32,3248,3.88
313,1,Animation,213,Frontier Dreams 213,2020,70,7622,3.49
313,2,Animation,227,Legacy Stories,2006,78,6931,3.37
313,3,Animation,176,Witness City 176,2020,67,6803,3.6
313,4,Animation,196,Archive Dreams 196,1992,69,6770,3.33
313,5,Animation,76,Pulse House,2025,74,6545,3.62
314,1,Drama,246,Frontier House 246,1996,42,4743,3.57
314,2,Drama,283,Voyage Season 283,2005,37,3842,3.49
314,3,Drama,80,Kingdom Dreams,1991,34,3379,3.59
314,4,Drama,27,Frontier House 27,2013,33,3304,3.7
314,5,Drama,48,Frontier Files 48,1991,35,3255,3.74
315,1,Animation,209,Empire Diaries 209,1998,78,7841,3.45
315,2,Animation,213,Frontier Dreams 213,2020,70,7622,3.49
315,3,Animation,227,Legacy Stories,2006,78,6931,3.37
315,4,Animation,134,Empire Road,1999,71,6580,3.56
315,5,Animation,76,Pulse House,2025,74,6545,3.62
316,1,Crime,179,Midnight Road 179,2010,58,5842,3.31
316,2,Crime,291,Signal Dreams 291,2001,59,5547,3.42
316,3,Crime,304,Horizon Protocol 304,1990,51,5140,3.9
316,4,Crime,152,Horizon Protocol 152,2016,52,5129,3.1
316,5,Crime,212,Signal Run 212,1994,48,4987,3.69
317,1,Crime,304,Horizon Protocol 304,1990,51,5140,3.9
317,2,Crime,152,Horizon Protocol 152,2016,52,5129,3.1
317,3,Crime,296,Voyage City 296,1998,48,5031,3.44
317,4,Crime,212,Signal Run 212,1994,48,4987,3.69
317,5,Crime,220,Signal Protocol 220,2004,46,4986,3.33
318,1,Crime,179,Midnight Road 179,2010,58,5842,3.31
318,2,Crime,205,Horizon Files,2018,49,5247,3.78
318,3,Crime,152,Horizon Protocol 152,2016,52,5129,3.1
318,4,Crime,296,Voyage City 296,1998,48,5031,3.44
318,5,Crime,220,Signal Protocol 220,2004,46,4986,3.33
319,1,Documentary,325,Pulse Protocol 325,2024,59,6282,3.44
319,2,Documentary,117,Horizon Run 117,2010,58,5853,3.59
319,3,Documentary,222,Frontier Road 222,2025,52,5283,3.42
319,4,Documentary,224,Legacy House 224,1999,55,5111,3.58
319,5,Documentary,111,Horizon City 111,2007,50,5083,3.66
320,1,Action,101,Empire Dreams 101,2023,66,6436,3.17
320,2,Action,294,Frontier Run 294,2011,65,6237,3.55
320,3,Action,336,Midnight Dreams 336,1991,62,6132,3.6
320,4,Action,122,Voyage House 122,2013,61,6103,3.39
320,5,Action,2,Signal Road,2001,55,5899,3.75
321,1,Drama,246,Frontier House 246,1996,42,4743,3.57
321,2,Drama,283,Voyage Season 283,2005,37,3842,3.49
321,3,Drama,80,Kingdom Dreams,1991,34,3379,3.59
321,4,Drama,27,Frontier House 27,2013,33,3304,3.7
321,5,Drama,48,Frontier Files 48,1991,35,3255,3.74
322,1,Drama,246,Frontier House 246,1996,42,4743,3.57
322,2,Drama,283,Voyage Season 283,2005,37,3842,3.49
322,3,Drama,80,Kingdom Dreams,1991,34,3379,3.59
322,4,Drama,27,Frontier House 27,2013,33,3304,3.7
322,5,Drama,48,Frontier Files 48,1991,35,3255,3.74
323,1,Horror,56,Midnight City,2017,68,6902,3.37
323,2,Horror,139,Circuit Run,2000,67,6192,3.64
323,3,Horror,163,Legacy Diaries 163,2021,58,5859,3.69
323,4,Horror,23,Frontier Protocol,2019,51,5585,3.76
323,5,Horror,15,Empire Run,2004,56,5566,3.61
324,1,Animation,213,Frontier Dreams 213,2020,70,7622,3.49
324,2,Animation,227,Legacy Stories,2006,78,6931,3.37
324,3,Animation,196,Archive Dreams 196,1992,69,6770,3.33
324,4,Animation,128,Archive Season 128,2015,67,6170,3.39
324,5,Animation,258,Signal Dreams,2009,60,6020,3.52
325,1,Comedy,78,Midnight Files 78,2009,57,6133,3.6
325,2,Comedy,305,Frontier Dreams 305,2007,49,5190,3.57
325,3,Comedy,344,Empire Dreams 344,1993,45,5058,3.49
325,4,Comedy,217,Witness Run 217,1998,52,5018,3.63
325,5,Comedy,45,Empire Run 45,2004,46,4702,3.67
326,1,Action,294,Frontier Run 294,2011,65,6237,3.55
326,2,Action,336,Midnight Dreams 336,1991,62,6132,3.6
326,3,Action,122,Voyage House 122,2013,61,6103,3.39
326,4,Action,270,Circuit Files 270,2025,57,6034,3.84
326,5,Action,324,Circuit Road 324,1992,58,5867,3.45
327,1,Romance,61,Frontier City 61,2017,64,6568,3.19
327,2,Romance,108,Signal City,2018,60,6327,3.4
327,3,Romance,9,Circuit Season,2009,60,5957,3.3
327,4,Romance,97,Archive Run 97,2015,50,5249,3.52
327,5,Romance,153,Midnight Dreams 153,2005,49,5008,3.41
328,1,Thriller,302,Pulse House 302,2015,53,5684,3.28
328,2,Thriller,133,Signal Road 133,2021,48,5039,3.52
328,3,Thriller,254,Kingdom House 254,1992,50,4823,3.44
328,4,Thriller,232,Signal City 232,2019,49,4626,3.63
328,5,Thriller,66,Witness Season 66,1999,45,4510,3.36
329,1,Documentary,117,Horizon Run 117,2010,58,5853,3.59
329,2,Documentary,273,Voyage Protocol 273,2006,55,5687,3.73
329,3,Documentary,224,Legacy House 224,1999,55,5111,3.58
329,4,Documentary,165,Kingdom Road 165,2008,53,5088,3.66
329,5,Documentary,268,Signal Dreams 268,2016,59,5019,3.54
330,1,Documentary,325,Pulse Protocol 325,2024,59,6282,3.44
330,2,Documentary,117,Horizon Run 117,2010,58,5853,3.59
330,3,Documentary,224,Legacy House 224,1999,55,5111,3.58
330,4,Documentary,111,Horizon City 111,2007,50,5083,3.66
330,5,Documentary,268,Signal Dreams 268,2016,59,5019,3.54
331,1,Animation,227,Legacy Stories,2006,78,6931,3.37
331,2,Animation,176,Witness City 176,2020,67,6803,3.6
331,3,Animation,196,Archive Dreams 196,1992,69,6770,3.33
331,4,Animation,76,Pulse House,2025,74,6545,3.62
331,5,Animation,39,Horizon City,2013,63,6425,3.38
332,1,Horror,56,Midnight City,2017,68,6902,3.37
332,2,Horror,139,Circuit Run,2000,67,6192,3.64
332,3,Horror,135,Legacy Season 135,1996,59,5939,3.66
332,4,Horror,163,Legacy Diaries 163,2021,58,5859,3.69
332,5,Horror,15,Empire Run,2004,56,5566,3.61
333,1,Horror,56,Midnight City,2017,68,6902,3.37
333,2,Horror,139,Circuit Run,2000,67,6192,3.64
333,3,Horror,318,Signal Protocol 318,2018,53,5978,3.47
333,4,Horror,135,Legacy Season 135,1996,59,5939,3.66
333,5,Horror,163,Legacy Diaries 163,2021,58,5859,3.69
334,1,Comedy,78,Midnight Files 78,2009,57,6133,3.6
334,2,Comedy,305,Frontier Dreams 305,2007,49,5190,3.57
334,3,Comedy,344,Empire Dreams 344,1993,45,5058,3.49
334,4,Comedy,186,Archive House,1995,52,5033,3.58
334,5,Comedy,217,Witness Run 217,1998,52,5018,3.63
335,1,Romance,108,Signal City,2018,60,6327,3.4
335,2,Romance,57,Witness Diaries 57,2018,52,5380,3.58
335,3,Romance,97,Archive Run 97,2015,50,5249,3.52
335,4,Romance,120,Circuit Diaries,2001,47,4627,3.4
335,5,Romance,256,Horizon House 256,2022,43,4452,3.67
336,1,Crime,179,Midnight Road 179,2010,58,5842,3.31
336,2,Crime,291,Signal Dreams 291,2001,59,5547,3.42
336,3,Crime,205,Horizon Files,2018,49,5247,3.78
336,4,Crime,304,Horizon Protocol 304,1990,51,5140,3.9
336,5,Crime,152,Horizon Protocol 152,2016,52,5129,3.1
337,1,Documentary,117,Horizon Run 117,2010,58,5853,3.59
337,2,Documentary,338,Horizon Run 338,1993,57,5644,3.35
337,3,Documentary,222,Frontier Road 222,2025,52,5283,3.42
337,4,Documentary,224,Legacy House 224,1999,55,5111,3.58
337,5,Documentary,165,Kingdom Road 165,2008,53,5088,3.66
338,1,Animation,209,Empire Diaries 209,1998,78,7841,3.45
338,2,Animation,176,Witness City 176,2020,67,6803,3.6
338,3,Animation,196,Archive Dreams 196,1992,69,6770,3.33
338,4,Animation,134,Empire Road,1999,71,6580,3.56
338,5,Animation,76,Pulse House,2025,74,6545,3.62
339,1,Drama,246,Frontier House 246,1996,42,4743,3.57
339,2,Drama,80,Kingdom Dreams,1991,34,3379,3.59
339,3,Drama,27,Frontier House 27,2013,33,3304,3.7
339,4,Drama,48,Frontier Files 48,1991,35,3255,3.74
339,5,Drama,67,Witness City 67,1995,32,3248,3.88
340,1,Animation,213,Frontier Dreams 213,2020,70,7622,3.49
340,2,Animation,39,Horizon City,2013,63,6425,3.38
340,3,Animation,171,Midnight Dreams 171,2006,64,6417,3.41
340,4,Animation,128,Archive Season 128,2015,67,6170,3.39
340,5,Animation,341,Signal House 341,2004,61,5848,3.49
341,1,Crime,205,Horizon Files,2018,49,5247,3.78
341,2,Crime,152,Horizon Protocol 152,2016,52,5129,3.1
341,3,Crime,296,Voyage City 296,1998,48,5031,3.44
341,4,Crime,212,Signal Run 212,1994,48,4987,3.69
341,5,Crime,220,Signal Protocol 220,2004,46,4986,3.33
342,1,Documentary,325,Pulse Protocol 325,2024,59,6282,3.44
342,2,Documentary,117,Horizon Run 117,2010,58,5853,3.59
342,3,Documentary,338,Horizon Run 338,1993,57,5644,3.35
342,4,Documentary,224,Legacy House 224,1999,55,5111,3.58
342,5,Documentary,165,Kingdom Road 165,2008,53,5088,3.66
343,1,Animation,227,Legacy Stories,2006,78,6931,3.37
343,2,Animation,196,Archive Dreams 196,1992,69,6770,3.33
343,3,Animation,134,Empire Road,1999,71,6580,3.56
343,4,Animation,76,Pulse House,2025,74,6545,3.62
343,5,Animation,171,Midnight Dreams 171,2006,64,6417,3.41
344,1,Thriller,302,Pulse House 302,2015,53,5684,3.28
344,2,Thriller,130,Frontier House 130,2011,49,5284,3.57
344,3,Thriller,133,Signal Road 133,2021,48,5039,3.52
344,4,Thriller,254,Kingdom House 254,1992,50,4823,3.44
344,5,Thriller,328,Witness Dreams 328,2014,50,4606,3.7
345,1,Horror,56,Midnight City,2017,68,6902,3.37
345,2,Horror,139,Circuit Run,2000,67,6192,3.64
345,3,Horror,318,Signal Protocol 318,2018,53,5978,3.47
345,4,Horror,135,Legacy Season 135,1996,59,5939,3.66
345,5,Horror,163,Legacy Diaries 163,2021,58,5859,3.69
346,1,Crime,291,Signal Dreams 291,2001,59,5547,3.42
346,2,Crime,205,Horizon Files,2018,49,5247,3.78
346,3,Crime,304,Horizon Protocol 304,1990,51,5140,3.9
346,4,Crime,152,Horizon Protocol 152,2016,52,5129,3.1
346,5,Crime,212,Signal Run 212,1994,48,4987,3.69
347,1,Animation,176,Witness City 176,2020,67,6803,3.6
347,2,Animation,171,Midnight Dreams 171,2006,64,6417,3.41
347,3,Animation,128,Archive Season 128,2015,67,6170,3.39
347,4,Animation,258,Signal Dreams,2009,60,6020,3.52
347,5,Animation,341,Signal House 341,2004,61,5848,3.49
348,1,Action,101,Empire Dreams 101,2023,66,6436,3.17
348,2,Action,294,Frontier Run 294,2011,65,6237,3.55
348,3,Action,270,Circuit Files 270,2025,57,6034,3.84
348,4,Action,2,Signal Road,2001,55,5899,3.75
348,5,Action,160,Voyage Run 160,1997,58,5748,3.67
349,1,Drama,246,Frontier House 246,1996,42,4743,3.57
349,2,Drama,283,Voyage Season 283,2005,37,3842,3.49
349,3,Drama,80,Kingdom Dreams,1991,34,3379,3.59
349,4,Drama,48,Frontier Files 48,1991,35,3255,3.74
349,5,Drama,67,Witness City 67,1995,32,3248,3.88
350,1,Animation,227,Legacy Stories,2006,78,6931,3.37
350,2,Animation,176,Witness City 176,2020,67,6803,3.6
350,3,Animation,171,Midnight Dreams 171,2006,64,6417,3.41
350,4,Animation,128,Archive Season 128,2015,67,6170,3.39
350,5,Animation,341,Signal House 341,2004,61,5848,3.49
351,1,Documentary,325,Pulse Protocol 325,2024,59,6282,3.44
351,2,Documentary,273,Voyage Protocol 273,2006,55,5687,3.73
351,3,Documentary,338,Horizon Run 338,1993,57,5644,3.35
351,4,Documentary,222,Frontier Road 222,2025,52,5283,3.42
351,5,Documentary,224,Legacy House 224,1999,55,5111,3.58
352,1,Animation,176,Witness City 176,2020,67,6803,3.6
352,2,Animation,196,Archive Dreams 196,1992,69,6770,3.33
352,3,Animation,134,Empire Road,1999,71,6580,3.56
352,4,Animation,171,Midnight Dreams 171,2006,64,6417,3.41
352,5,Animation,295,Frontier City 295,2024,62,6099,3.73
353,1,Thriller,302,Pulse House 302,2015,53,5684,3.28
353,2,Thriller,130,Frontier House 130,2011,49,5284,3.57
353,3,Thriller,254,Kingdom House 254,1992,50,4823,3.44
353,4,Thriller,232,Signal City 232,2019,49,4626,3.63
353,5,Thriller,199,Voyage Protocol 199,2007,46,4517,3.63
354,1,Romance,61,Frontier City 61,2017,64,6568,3.19
354,2,Romance,108,Signal City,2018,60,6327,3.4
354,3,Romance,9,Circuit Season,2009,60,5957,3.3
354,4,Romance,57,Witness Diaries 57,2018,52,5380,3.58
354,5,Romance,97,Archive Run 97,2015,50,5249,3.52
355,1,Comedy,305,Frontier Dreams 305,2007,49,5190,3.57
355,2,Comedy,186,Archive House,1995,52,5033,3.58
355,3,Comedy,217,Witness Run 217,1998,52,5018,3.63
355,4,Comedy,45,Empire Run 45,2004,46,4702,3.67
355,5,Comedy,350,Empire Road 350,1999,49,4700,3.53
356,1,Horror,135,Legacy Season 135,1996,59,5939,3.66
356,2,Horror,163,Legacy Diaries 163,2021,58,5859,3.69
356,3,Horror,23,Frontier Protocol,2019,51,5585,3.76
356,4,Horror,14,Kingdom City,2008,51,5242,3.73
356,5,Horror,251,Voyage Season 251,1997,51,5121,3.49
357,1,Romance,61,Frontier City 61,2017,64,6568,3.19
357,2,Romance,108,Signal City,2018,60,6327,3.4
357,3,Romance,57,Witness Diaries 57,2018,52,5380,3.58
357,4,Romance,97,Archive Run 97,2015,50,5249,3.52
357,5,Romance,243,Pulse House 243,2005,49,5160,3.61
358,1,Comedy,78,Midnight Files 78,2009,57,6133,3.6
358,2,Comedy,186,Archive House,1995,52,5033,3.58
358,3,Comedy,217,Witness Run 217,1998,52,5018,3.63
358,4,Comedy,45,Empire Run 45,2004,46,4702,3.67
358,5,Comedy,350,Empire Road 350,1999,49,4700,3.53
359,1,Animation,209,Empire Diaries 209,1998,78,7841,3.45
359,2,Animation,213,Frontier Dreams 213,2020,70,7622,3.49
359,3,Animation,227,Legacy Stories,2006,78,6931,3.37
359,4,Animation,176,Witness City 176,2020,67,6803,3.6
359,5,Animation,76,Pulse House,2025,74,6545,3.62
360,1,Horror,56,Midnight City,2017,68,6902,3.37
360,2,Horror,139,Circuit Run,2000,67,6192,3.64
360,3,Horror,318,Signal Protocol 318,2018,53,5978,3.47
360,4,Horror,15,Empire Run,2004,56,5566,3.61
360,5,Horror,10,Empire Dreams,1996,51,5303,3.76
361,1,Sci-Fi,253,Voyage Protocol 253,2002,65,6502,3.26
361,2,Sci-Fi,265,Voyage Run 265,2014,57,5967,3.86
361,3,Sci-Fi,36,Pulse Run,1999,61,5807,3.54
361,4,Sci-Fi,184,Pulse Dreams,2014,54,5177,3.5
361,5,Sci-Fi,91,Empire Files,2008,56,5168,3.38
362,1,Documentary,273,Voyage Protocol 273,2006,55,5687,3.73
362,2,Documentary,222,Frontier Road 222,2025,52,5283,3.42
362,3,Documentary,165,Kingdom Road 165,2008,53,5088,3.66
362,4,Documentary,111,Horizon City 111,2007,50,5083,3.66
362,5,Documentary,16,Witness Road,1998,49,4965,3.49
363,1,Horror,56,Midnight City,2017,68,6902,3.37
363,2,Horror,135,Legacy Season 135,1996,59,5939,3.66
363,3,Horror,15,Empire Run,2004,56,5566,3.61
363,4,Horror,10,Empire Dreams,1996,51,5303,3.76
363,5,Horror,14,Kingdom City,2008,51,5242,3.73
364,1,Thriller,254,Kingdom House 254,1992,50,4823,3.44
364,2,Thriller,199,Voyage Protocol 199,2007,46,4517,3.63
364,3,Thriller,323,Circuit Stories 323,1990,46,4490,3.63
364,4,Thriller,190,Signal City 190,1992,45,4286,3.73
364,5,Thriller,154,Pulse Diaries 154,1991,48,4283,3.27
365,1,Drama,283,Voyage Season 283,2005,37,3842,3.49
365,2,Drama,80,Kingdom Dreams,1991,34,3379,3.59
365,3,Drama,27,Frontier House 27,2013,33,3304,3.7
365,4,Drama,48,Frontier Files 48,1991,35,3255,3.74
365,5,Drama,67,Witness City 67,1995,32,3248,3.88
366,1,Documentary,273,Voyage Protocol 273,2006,55,5687,3.73
366,2,Documentary,338,Horizon Run 338,1993,57,5644,3.35
366,3,Documentary,222,Frontier Road 222,2025,52,5283,3.42
366,4,Documentary,224,Legacy House 224,1999,55,5111,3.58
366,5,Documentary,268,Signal Dreams 268,2016,59,5019,3.54
367,1,Documentary,325,Pulse Protocol 325,2024,59,6282,3.44
367,2,Documentary,117,Horizon Run 117,2010,58,5853,3.59
367,3,Documentary,273,Voyage Protocol 273,2006,55,5687,3.73
367,4,Documentary,224,Legacy House 224,1999,55,5111,3.58
367,5,Documentary,165,Kingdom Road 165,2008,53,5088,3.66
368,1,Thriller,302,Pulse House 302,2015,53,5684,3.28
368,2,Thriller,130,Frontier House 130,2011,49,5284,3.57
368,3,Thriller,133,Signal Road 133,2021,48,5039,3.52
368,4,Thriller,232,Signal City 232,2019,49,4626,3.63
368,5,Thriller,199,Voyage Protocol 199,2007,46,4517,3.63
369,1,Crime,179,Midnight Road 179,2010,58,5842,3.31
369,2,Crime,205,Horizon Files,2018,49,5247,3.78
369,3,Crime,152,Horizon Protocol 152,2016,52,5129,3.1
369,4,Crime,212,Signal Run 212,1994,48,4987,3.69
369,5,Crime,220,Signal Protocol 220,2004,46,4986,3.33
370,1,Drama,246,Frontier House 246,1996,42,4743,3.57
370,2,Drama,283,Voyage Season 283,2005,37,3842,3.49
370,3,Drama,80,Kingdom Dreams,1991,34,3379,3.59
370,4,Drama,27,Frontier House 27,2013,33,3304,3.7
370,5,Drama,48,Frontier Files 48,1991,35,3255,3.74
371,1,Thriller,302,Pulse House 302,2015,53,5684,3.28
371,2,Thriller,130,Frontier House 130,2011,49,5284,3.57
371,3,Thriller,133,Signal Road 133,2021,48,5039,3.52
371,4,Thriller,254,Kingdom House 254,1992,50,4823,3.44
371,5,Thriller,232,Signal City 232,2019,49,4626,3.63
372,1,Drama,246,Frontier House 246,1996,42,4743,3.57
372,2,Drama,283,Voyage Season 283,2005,37,3842,3.49
372,3,Drama,27,Frontier House 27,2013,33,3304,3.7
372,4,Drama,48,Frontier Files 48,1991,35,3255,3.74
372,5,Drama,67,Witness City 67,1995,32,3248,3.88
373,1,Documentary,325,Pulse Protocol 325,2024,59,6282,3.44
373,2,Documentary,117,Horizon Run 117,2010,58,5853,3.59
373,3,Documentary,224,Legacy House 224,1999,55,5111,3.58
373,4,Documentary,165,Kingdom Road 165,2008,53,5088,3.66
373,5,Documentary,268,Signal Dreams 268,2016,59,5019,3.54
374,1,Sci-Fi,169,Voyage House 169,2022,64,6660,3.55
374,2,Sci-Fi,265,Voyage Run 265,2014,57,5967,3.86
374,3,Sci-Fi,36,Pulse Run,1999,61,5807,3.54
374,4,Sci-Fi,83,Circuit Protocol 83,1995,62,5789,3.65
374,5,Sci-Fi,202,Legacy Season 202,2018,56,5424,3.2
375,1,Action,101,Empire Dreams 101,2023,66,6436,3.17
375,2,Action,13,Frontier Stories 13,1993,61,6280,3.62
375,3,Action,270,Circuit Files 270,2025,57,6034,3.84
375,4,Action,324,Circuit Road 324,1992,58,5867,3.45
375,5,Action,160,Voyage Run 160,1997,58,5748,3.67
376,1,Comedy,305,Frontier Dreams 305,2007,49,5190,3.57
376,2,Comedy,344,Empire Dreams 344,1993,45,5058,3.49
376,3,Comedy,186,Archive House,1995,52,5033,3.58
376,4,Comedy,45,Empire Run 45,2004,46,4702,3.67
376,5,Comedy,350,Empire Road 350,1999,49,4700,3.53
377,1,Crime,179,Midnight Road 179,2010,58,5842,3.31
377,2,Crime,304,Horizon Protocol 304,1990,51,5140,3.9
377,3,Crime,152,Horizon Protocol 152,2016,52,5129,3.1
377,4,Crime,296,Voyage City 296,1998,48,5031,3.44
377,5,Crime,212,Signal Run 212,1994,48,4987,3.69
378,1,Drama,283,Voyage Season 283,2005,37,3842,3.49
378,2,Drama,80,Kingdom Dreams,1991,34,3379,3.59
378,3,Drama,27,Frontier House 27,2013,33,3304,3.7
378,4,Drama,48,Frontier Files 48,1991,35,3255,3.74
378,5,Drama,330,Signal Protocol 330,2024,29,3203,3.59
379,1,Sci-Fi,169,Voyage House 169,2022,64,6660,3.55
379,2,Sci-Fi,253,Voyage Protocol 253,2002,65,6502,3.26
379,3,Sci-Fi,36,Pulse Run,1999,61,5807,3.54
379,4,Sci-Fi,83,Circuit Protocol 83,1995,62,5789,3.65
379,5,Sci-Fi,202,Legacy Season 202,2018,56,5424,3.2
380,1,Action,101,Empire Dreams 101,2023,66,6436,3.17
380,2,Action,13,Frontier Stories 13,1993,61,6280,3.62
380,3,Action,294,Frontier Run 294,2011,65,6237,3.55
380,4,Action,122,Voyage House 122,2013,61,6103,3.39
380,5,Action,270,Circuit Files 270,2025,57,6034,3.84
381,1,Comedy,78,Midnight Files 78,2009,57,6133,3.6
381,2,Comedy,344,Empire Dreams 344,1993,45,5058,3.49
381,3,Comedy,186,Archive House,1995,52,5033,3.58
381,4,Comedy,217,Witness Run 217,1998,52,5018,3.63
381,5,Comedy,45,Empire Run 45,2004,46,4702,3.67
382,1,Thriller,302,Pulse House 302,2015,53,5684,3.28
382,2,Thriller,133,Signal Road 133,2021,48,5039,3.52
382,3,Thriller,254,Kingdom House 254,1992,50,4823,3.44
382,4,Thriller,328,Witness Dreams 328,2014,50,4606,3.7
382,5,Thriller,199,Voyage Protocol 199,2007,46,4517,3.63
383,1,Horror,139,Circuit Run,2000,67,6192,3.64
383,2,Horror,318,Signal Protocol 318,2018,53,5978,3.47
383,3,Horror,135,Legacy Season 135,1996,59,5939,3.66
383,4,Horror,23,Frontier Protocol,2019,51,5585,3.76
383,5,Horror,15,Empire Run,2004,56,5566,3.61
384,1,Crime,291,Signal Dreams 291,2001,59,5547,3.42
384,2,Crime,205,Horizon Files,2018,49,5247,3.78
384,3,Crime,304,Horizon Protocol 304,1990,51,5140,3.9
384,4,Crime,152,Horizon Protocol 152,2016,52,5129,3.1
384,5,Crime,296,Voyage City 296,1998,48,5031,3.44
385,1,Comedy,78,Midnight Files 78,2009,57,6133,3.6
385,2,Comedy,305,Frontier Dreams 305,2007,49,5190,3.57
385,3,Comedy,344,Empire Dreams 344,1993,45,5058,3.49
385,4,Comedy,186,Archive House,1995,52,5033,3.58
385,5,Comedy,217,Witness Run 217,1998,52,5018,3.63
386,1,Sci-Fi,169,Voyage House 169,2022,64,6660,3.55
386,2,Sci-Fi,253,Voyage Protocol 253,2002,65,6502,3.26
386,3,Sci-Fi,265,Voyage Run 265,2014,57,5967,3.86
386,4,Sci-Fi,36,Pulse Run,1999,61,5807,3.54
386,5,Sci-Fi,83,Circuit Protocol 83,1995,62,5789,3.65
387,1,Documentary,117,Horizon Run 117,2010,58,5853,3.59
387,2,Documentary,222,Frontier Road 222,2025,52,5283,3.42
387,3,Documentary,165,Kingdom Road 165,2008,53,5088,3.66
387,4,Documentary,268,Signal Dreams 268,2016,59,5019,3.54
387,5,Documentary,16,Witness Road,1998,49,4965,3.49
388,1,Drama,246,Frontier House 246,1996,42,4743,3.57
388,2,Drama,283,Voyage Season 283,2005,37,3842,3.49
388,3,Drama,80,Kingdom Dreams,1991,34,3379,3.59
388,4,Drama,27,Frontier House 27,2013,33,3304,3.7
388,5,Drama,48,Frontier Files 48,1991,35,3255,3.74
389,1,Horror,56,Midnight City,2017,68,6902,3.37
389,2,Horror,139,Circuit Run,2000,67,6192,3.64
389,3,Horror,318,Signal Protocol 318,2018,53,5978,3.47
389,4,Horror,135,Legacy Season 135,1996,59,5939,3.66
389,5,Horror,163,Legacy Diaries 163,2021,58,5859,3.69
390,1,Drama,283,Voyage Season 283,2005,37,3842,3.49
390,2,Drama,80,Kingdom Dreams,1991,34,3379,3.59
390,3,Drama,48,Frontier Files 48,1991,35,3255,3.74
390,4,Drama,67,Witness City 67,1995,32,3248,3.88
390,5,Drama,330,Signal Protocol 330,2024,29,3203,3.59
391,1,Comedy,78,Midnight Files 78,2009,57,6133,3.6
391,2,Comedy,305,Frontier Dreams 305,2007,49,5190,3.57
391,3,Comedy,186,Archive House,1995,52,5033,3.58
391,4,Comedy,217,Witness Run 217,1998,52,5018,3.63
391,5,Comedy,45,Empire Run 45,2004,46,4702,3.67
392,1,Crime,179,Midnight Road 179,2010,58,5842,3.31
392,2,Crime,304,Horizon Protocol 304,1990,51,5140,3.9
392,3,Crime,152,Horizon Protocol 152,2016,52,5129,3.1
392,4,Crime,296,Voyage City 296,1998,48,5031,3.44
392,5,Crime,212,Signal Run 212,1994,48,4987,3.69
393,1,Drama,246,Frontier House 246,1996,42,4743,3.57
393,2,Drama,283,Voyage Season 283,2005,37,3842,3.49
393,3,Drama,80,Kingdom Dreams,1991,34,3379,3.59
393,4,Drama,27,Frontier House 27,2013,33,3304,3.7
393,5,Drama,48,Frontier Files 48,1991,35,3255,3.74
394,1,Crime,179,Midnight Road 179,2010,58,5842,3.31
394,2,Crime,304,Horizon Protocol 304,1990,51,5140,3.9
394,3,Crime,296,Voyage City 296,1998,48,5031,3.44
394,4,Crime,220,Signal Protocol 220,2004,46,4986,3.33
394,5,Crime,17,Witness Diaries,1992,49,4890,3.47
395,1,Romance,61,Frontier City 61,2017,64,6568,3.19
395,2,Romance,57,Witness Diaries 57,2018,52,5380,3.58
395,3,Romance,97,Archive Run 97,2015,50,5249,3.52
395,4,Romance,153,Midnight Dreams 153,2005,49,5008,3.41
395,5,Romance,145,Frontier Dreams,2016,49,4738,3.45
396,1,Action,101,Empire Dreams 101,2023,66,6436,3.17
396,2,Action,13,Frontier Stories 13,1993,61,6280,3.62
396,3,Action,294,Frontier Run 294,2011,65,6237,3.55
396,4,Action,336,Midnight Dreams 336,1991,62,6132,3.6
396,5,Action,122,Voyage House 122,2013,61,6103,3.39
397,1,Drama,246,Frontier House 246,1996,42,4743,3.57
397,2,Drama,283,Voyage Season 283,2005,37,3842,3.49
397,3,Drama,80,Kingdom Dreams,1991,34,3379,3.59
397,4,Drama,48,Frontier Files 48,1991,35,3255,3.74
397,5,Drama,67,Witness City 67,1995,32,3248,3.88
398,1,Horror,56,Midnight City,2017,68,6902,3.37
398,2,Horror,139,Circuit Run,2000,67,6192,3.64
398,3,Horror,135,Legacy Season 135,1996,59,5939,3.66
398,4,Horror,163,Legacy Diaries 163,2021,58,5859,3.69
398,5,Horror,23,Frontier Protocol,2019,51,5585,3.76
399,1,Crime,179,Midnight Road 179,2010,58,5842,3.31
399,2,Crime,205,Horizon Files,2018,49,5247,3.78
399,3,Crime,304,Horizon Protocol 304,1990,51,5140,3.9
399,4,Crime,152,Horizon Protocol 152,2016,52,5129,3.1
399,5,Crime,296,Voyage City 296,1998,48,5031,3.44
400,1,Thriller,302,Pulse House 302,2015,53,5684,3.28
400,2,Thriller,130,Frontier House 130,2011,49,5284,3.57
400,3,Thriller,133,Signal Road 133,2021,48,5039,3.52
400,4,Thriller,254,Kingdom House 254,1992,50,4823,3.44
400,5,Thriller,232,Signal City 232,2019,49,4626,3.63
401,1,Comedy,305,Frontier Dreams 305,2007,49,5190,3.57
401,2,Comedy,344,Empire Dreams 344,1993,45,5058,3.49
401,3,Comedy,186,Archive House,1995,52,5033,3.58
401,4,Comedy,45,Empire Run 45,2004,46,4702,3.67
401,5,Comedy,167,Kingdom Dreams 167,1995,43,4392,3.7
402,1,Thriller,133,Signal Road 133,2021,48,5039,3.52
402,2,Thriller,254,Kingdom House 254,1992,50,4823,3.44
402,3,Thriller,232,Signal City 232,2019,49,4626,3.63
402,4,Thriller,328,Witness Dreams 328,2014,50,4606,3.7
402,5,Thriller,199,Voyage Protocol 199,2007,46,4517,3.63
403,1,Comedy,78,Midnight Files 78,2009,57,6133,3.6
403,2,Comedy,344,Empire Dreams 344,1993,45,5058,3.49
403,3,Comedy,217,Witness Run 217,1998,52,5018,3.63
403,4,Comedy,263,Kingdom City 263,2004,42,4426,3.9
403,5,Comedy,59,Legacy Files 59,2025,44,4400,3.64
404,1,Documentary,325,Pulse Protocol 325,2024,59,6282,3.44
404,2,Documentary,117,Horizon Run 117,2010,58,5853,3.59
404,3,Documentary,273,Voyage Protocol 273,2006,55,5687,3.73
404,4,Documentary,338,Horizon Run 338,1993,57,5644,3.35
404,5,Documentary,222,Frontier Road 222,2025,52,5283,3.42
405,1,Action,101,Empire Dreams 101,2023,66,6436,3.17
405,2,Action,336,Midnight Dreams 336,1991,62,6132,3.6
405,3,Action,122,Voyage House 122,2013,61,6103,3.39
405,4,Action,270,Circuit Files 270,2025,57,6034,3.84
405,5,Action,2,Signal Road,2001,55,5899,3.75
406,1,Drama,246,Frontier House 246,1996,42,4743,3.57
406,2,Drama,283,Voyage Season 283,2005,37,3842,3.49
406,3,Drama,80,Kingdom Dreams,1991,34,3379,3.59
406,4,Drama,27,Frontier House 27,2013,33,3304,3.7
406,5,Drama,67,Witness City 67,1995,32,3248,3.88
407,1,Comedy,78,Midnight Files 78,2009,57,6133,3.6
407,2,Comedy,344,Empire Dreams 344,1993,45,5058,3.49
407,3,Comedy,186,Archive House,1995,52,5033,3.58
407,4,Comedy,217,Witness Run 217,1998,52,5018,3.63
407,5,Comedy,45,Empire Run 45,2004,46,4702,3.67
408,1,Thriller,302,Pulse House 302,2015,53,5684,3.28
408,2,Thriller,133,Signal Road 133,2021,48,5039,3.52
408,3,Thriller,328,Witness Dreams 328,2014,50,4606,3.7
408,4,Thriller,199,Voyage Protocol 199,2007,46,4517,3.63
408,5,Thriller,74,Empire Diaries,2025,46,4469,3.48
409,1,Animation,213,Frontier Dreams 213,2020,70,7622,3.49
409,2,Animation,227,Legacy Stories,2006,78,6931,3.37
409,3,Animation,134,Empire Road,1999,71,6580,3.56
409,4,Animation,39,Horizon City,2013,63,6425,3.38
409,5,Animation,171,Midnight Dreams 171,2006,64,6417,3.41
410,1,Sci-Fi,169,Voyage House 169,2022,64,6660,3.55
410,2,Sci-Fi,265,Voyage Run 265,2014,57,5967,3.86
410,3,Sci-Fi,36,Pulse Run,1999,61,5807,3.54
410,4,Sci-Fi,202,Legacy Season 202,2018,56,5424,3.2
410,5,Sci-Fi,184,Pulse Dreams,2014,54,5177,3.5
411,1,Action,13,Frontier Stories 13,1993,61,6280,3.62
411,2,Action,336,Midnight Dreams 336,1991,62,6132,3.6
411,3,Action,122,Voyage House 122,2013,61,6103,3.39
411,4,Action,2,Signal Road,2001,55,5899,3.75
411,5,Action,160,Voyage Run 160,1997,58,5748,3.67
412,1,Animation,213,Frontier Dreams 213,2020,70,7622,3.49
412,2,Animation,196,Archive Dreams 196,1992,69,6770,3.33
412,3,Animation,134,Empire Road,1999,71,6580,3.56
412,4,Animation,39,Horizon City,2013,63,6425,3.38
412,5,Animation,128,Archive Season 128,2015,67,6170,3.39
413,1,Thriller,130,Frontier House 130,2011,49,5284,3.57
413,2,Thriller,254,Kingdom House 254,1992,50,4823,3.44
413,3,Thriller,232,Signal City 232,2019,49,4626,3.63
413,4,Thriller,328,Witness Dreams 328,2014,50,4606,3.7
413,5,Thriller,199,Voyage Protocol 199,2007,46,4517,3.63
414,1,Sci-Fi,253,Voyage Protocol 253,2002,65,6502,3.26
414,2,Sci-Fi,265,Voyage Run 265,2014,57,5967,3.86
414,3,Sci-Fi,202,Legacy Season 202,2018,56,5424,3.2
414,4,Sci-Fi,228,Witness Road 228,2016,46,5054,3.33
414,5,Sci-Fi,103,Empire Protocol,1994,48,4940,3.29
415,1,Documentary,325,Pulse Protocol 325,2024,59,6282,3.44
415,2,Documentary,273,Voyage Protocol 273,2006,55,5687,3.73
415,3,Documentary,338,Horizon Run 338,1993,57,5644,3.35
415,4,Documentary,222,Frontier Road 222,2025,52,5283,3.42
415,5,Documentary,224,Legacy House 224,1999,55,5111,3.58
416,1,Drama,246,Frontier House 246,1996,42,4743,3.57
416,2,Drama,283,Voyage Season 283,2005,37,3842,3.49
416,3,Drama,80,Kingdom Dreams,1991,34,3379,3.59
416,4,Drama,27,Frontier House 27,2013,33,3304,3.7
416,5,Drama,67,Witness City 67,1995,32,3248,3.88
417,1,Drama,246,Frontier House 246,1996,42,4743,3.57
417,2,Drama,80,Kingdom Dreams,1991,34,3379,3.59
417,3,Drama,27,Frontier House 27,2013,33,3304,3.7
417,4,Drama,48,Frontier Files 48,1991,35,3255,3.74
417,5,Drama,330,Signal Protocol 330,2024,29,3203,3.59
418,1,Action,101,Empire Dreams 101,2023,66,6436,3.17
418,2,Action,13,Frontier Stories 13,1993,61,6280,3.62
418,3,Action,336,Midnight Dreams 336,1991,62,6132,3.6
418,4,Action,122,Voyage House 122,2013,61,6103,3.39
418,5,Action,270,Circuit Files 270,2025,57,6034,3.84
419,1,Romance,108,Signal City,2018,60,6327,3.4
419,2,Romance,9,Circuit Season,2009,60,5957,3.3
419,3,Romance,97,Archive Run 97,2015,50,5249,3.52
419,4,Romance,243,Pulse House 243,2005,49,5160,3.61
419,5,Romance,153,Midnight Dreams 153,2005,49,5008,3.41
420,1,Thriller,302,Pulse House 302,2015,53,5684,3.28
420,2,Thriller,130,Frontier House 130,2011,49,5284,3.57
420,3,Thriller,133,Signal Road 133,2021,48,5039,3.52
420,4,Thriller,254,Kingdom House 254,1992,50,4823,3.44
420,5,Thriller,232,Signal City 232,2019,49,4626,3.63
421,1,Documentary,325,Pulse Protocol 325,2024,59,6282,3.44
421,2,Documentary,117,Horizon Run 117,2010,58,5853,3.59
421,3,Documentary,273,Voyage Protocol 273,2006,55,5687,3.73
421,4,Documentary,338,Horizon Run 338,1993,57,5644,3.35
421,5,Documentary,165,Kingdom Road 165,2008,53,5088,3.66
422,1,Animation,209,Empire Diaries 209,1998,78,7841,3.45
422,2,Animation,227,Legacy Stories,2006,78,6931,3.37
422,3,Animation,176,Witness City 176,2020,67,6803,3.6
422,4,Animation,196,Archive Dreams 196,1992,69,6770,3.33
422,5,Animation,134,Empire Road,1999,71,6580,3.56
423,1,Romance,61,Frontier City 61,2017,64,6568,3.19
423,2,Romance,9,Circuit Season,2009,60,5957,3.3
423,3,Romance,97,Archive Run 97,2015,50,5249,3.52
423,4,Romance,243,Pulse House 243,2005,49,5160,3.61
423,5,Romance,308,Witness Diaries 308,2000,44,4693,3.73
424,1,Horror,56,Midnight City,2017,68,6902,3.37
424,2,Horror,139,Circuit Run,2000,67,6192,3.64
424,3,Horror,318,Signal Protocol 318,2018,53,5978,3.47
424,4,Horror,135,Legacy Season 135,1996,59,5939,3.66
424,5,Horror,163,Legacy Diaries 163,2021,58,5859,3.69
425,1,Thriller,302,Pulse House 302,2015,53,5684,3.28
425,2,Thriller,130,Frontier House 130,2011,49,5284,3.57
425,3,Thriller,133,Signal Road 133,2021,48,5039,3.52
425,4,Thriller,232,Signal City 232,2019,49,4626,3.63
425,5,Thriller,328,Witness Dreams 328,2014,50,4606,3.7
426,1,Comedy,78,Midnight Files 78,2009,57,6133,3.6
426,2,Comedy,305,Frontier Dreams 305,2007,49,5190,3.57
426,3,Comedy,344,Empire Dreams 344,1993,45,5058,3.49
426,4,Comedy,186,Archive House,1995,52,5033,3.58
426,5,Comedy,350,Empire Road 350,1999,49,4700,3.53
427,1,Thriller,302,Pulse House 302,2015,53,5684,3.28
427,2,Thriller,254,Kingdom House 254,1992,50,4823,3.44
427,3,Thriller,199,Voyage Protocol 199,2007,46,4517,3.63
427,4,Thriller,66,Witness Season 66,1999,45,4510,3.36
427,5,Thriller,323,Circuit Stories 323,1990,46,4490,3.63
428,1,Thriller,302,Pulse House 302,2015,53,5684,3.28
428,2,Thriller,130,Frontier House 130,2011,49,5284,3.57
428,3,Thriller,133,Signal Road 133,2021,48,5039,3.52
428,4,Thriller,254,Kingdom House 254,1992,50,4823,3.44
428,5,Thriller,232,Signal City 232,2019,49,4626,3.63
429,1,Drama,246,Frontier House 246,1996,42,4743,3.57
429,2,Drama,283,Voyage Season 283,2005,37,3842,3.49
429,3,Drama,80,Kingdom Dreams,1991,34,3379,3.59
429,4,Drama,27,Frontier House 27,2013,33,3304,3.7
429,5,Drama,67,Witness City 67,1995,32,3248,3.88
430,1,Horror,56,Midnight City,2017,68,6902,3.37
430,2,Horror,139,Circuit Run,2000,67,6192,3.64
430,3,Horror,318,Signal Protocol 318,2018,53,5978,3.47
430,4,Horror,163,Legacy Diaries 163,2021,58,5859,3.69
430,5,Horror,15,Empire Run,2004,56,5566,3.61
431,1,Action,101,Empire Dreams 101,2023,66,6436,3.17
431,2,Action,294,Frontier Run 294,2011,65,6237,3.55
431,3,Action,336,Midnight Dreams 336,1991,62,6132,3.6
431,4,Action,122,Voyage House 122,2013,61,6103,3.39
431,5,Action,270,Circuit Files 270,2025,57,6034,3.84
432,1,Horror,56,Midnight City,2017,68,6902,3.37
432,2,Horror,139,Circuit Run,2000,67,6192,3.64
432,3,Horror,318,Signal Protocol 318,2018,53,5978,3.47
432,4,Horror,135,Legacy Season 135,1996,59,5939,3.66
432,5,Horror,163,Legacy Diaries 163,2021,58,5859,3.69
433,1,Comedy,305,Frontier Dreams 305,2007,49,5190,3.57
433,2,Comedy,344,Empire Dreams 344,1993,45,5058,3.49
433,3,Comedy,186,Archive House,1995,52,5033,3.58
433,4,Comedy,217,Witness Run 217,1998,52,5018,3.63
433,5,Comedy,45,Empire Run 45,2004,46,4702,3.67
434,1,Horror,56,Midnight City,2017,68,6902,3.37
434,2,Horror,318,Signal Protocol 318,2018,53,5978,3.47
434,3,Horror,135,Legacy Season 135,1996,59,5939,3.66
434,4,Horror,23,Frontier Protocol,2019,51,5585,3.76
434,5,Horror,10,Empire Dreams,1996,51,5303,3.76
435,1,Horror,56,Midnight City,2017,68,6902,3.37
435,2,Horror,139,Circuit Run,2000,67,6192,3.64
435,3,Horror,318,Signal Protocol 318,2018,53,5978,3.47
435,4,Horror,135,Legacy Season 135,1996,59,5939,3.66
435,5,Horror,163,Legacy Diaries 163,2021,58,5859,3.69
436,1,Documentary,325,Pulse Protocol 325,2024,59,6282,3.44
436,2,Documentary,117,Horizon Run 117,2010,58,5853,3.59
436,3,Documentary,273,Voyage Protocol 273,2006,55,5687,3.73
436,4,Documentary,222,Frontier Road 222,2025,52,5283,3.42
436,5,Documentary,224,Legacy House 224,1999,55,5111,3.58
437,1,Action,101,Empire Dreams 101,2023,66,6436,3.17
437,2,Action,13,Frontier Stories 13,1993,61,6280,3.62
437,3,Action,294,Frontier Run 294,2011,65,6237,3.55
437,4,Action,336,Midnight Dreams 336,1991,62,6132,3.6
437,5,Action,122,Voyage House 122,2013,61,6103,3.39
438,1,Sci-Fi,253,Voyage Protocol 253,2002,65,6502,3.26
438,2,Sci-Fi,265,Voyage Run 265,2014,57,5967,3.86
438,3,Sci-Fi,36,Pulse Run,1999,61,5807,3.54
438,4,Sci-Fi,202,Legacy Season 202,2018,56,5424,3.2
438,5,Sci-Fi,91,Empire Files,2008,56,5168,3.38
439,1,Animation,176,Witness City 176,2020,67,6803,3.6
439,2,Animation,76,Pulse House,2025,74,6545,3.62
439,3,Animation,295,Frontier City 295,2024,62,6099,3.73
439,4,Animation,258,Signal Dreams,2009,60,6020,3.52
439,5,Animation,341,Signal House 341,2004,61,5848,3.49
440,1,Action,101,Empire Dreams 101,2023,66,6436,3.17
440,2,Action,294,Frontier Run 294,2011,65,6237,3.55
440,3,Action,336,Midnight Dreams 336,1991,62,6132,3.6
440,4,Action,2,Signal Road,2001,55,5899,3.75
440,5,Action,324,Circuit Road 324,1992,58,5867,3.45
441,1,Sci-Fi,169,Voyage House 169,2022,64,6660,3.55
441,2,Sci-Fi,253,Voyage Protocol 253,2002,65,6502,3.26
441,3,Sci-Fi,36,Pulse Run,1999,61,5807,3.54
441,4,Sci-Fi,184,Pulse Dreams,2014,54,5177,3.5
441,5,Sci-Fi,298,Archive Files 298,2006,50,5108,3.58
442,1,Drama,283,Voyage Season 283,2005,37,3842,3.49
442,2,Drama,80,Kingdom Dreams,1991,34,3379,3.59
442,3,Drama,27,Frontier House 27,2013,33,3304,3.7
442,4,Drama,67,Witness City 67,1995,32,3248,3.88
442,5,Drama,330,Signal Protocol 330,2024,29,3203,3.59
443,1,Thriller,302,Pulse House 302,2015,53,5684,3.28
443,2,Thriller,130,Frontier House 130,2011,49,5284,3.57
443,3,Thriller,133,Signal Road 133,2021,48,5039,3.52
443,4,Thriller,232,Signal City 232,2019,49,4626,3.63
443,5,Thriller,328,Witness Dreams 328,2014,50,4606,3.7
444,1,Action,294,Frontier Run 294,2011,65,6237,3.55
444,2,Action,336,Midnight Dreams 336,1991,62,6132,3.6
444,3,Action,160,Voyage Run 160,1997,58,5748,3.67
444,4,Action,278,Frontier Diaries 278,2024,62,5704,3.21
444,5,Action,271,Archive City 271,2010,57,5276,3.42
445,1,Sci-Fi,253,Voyage Protocol 253,2002,65,6502,3.26
445,2,Sci-Fi,36,Pulse Run,1999,61,5807,3.54
445,3,Sci-Fi,184,Pulse Dreams,2014,54,5177,3.5
445,4,Sci-Fi,91,Empire Files,2008,56,5168,3.38
445,5,Sci-Fi,24,Legacy Files,2004,49,4921,3.45
446,1,Horror,56,Midnight City,2017,68,6902,3.37
446,2,Horror,318,Signal Protocol 318,2018,53,5978,3.47
446,3,Horror,135,Legacy Season 135,1996,59,5939,3.66
446,4,Horror,163,Legacy Diaries 163,2021,58,5859,3.69
446,5,Horror,23,Frontier Protocol,2019,51,5585,3.76
447,1,Horror,56,Midnight City,2017,68,6902,3.37
447,2,Horror,139,Circuit Run,2000,67,6192,3.64
447,3,Horror,318,Signal Protocol 318,2018,53,5978,3.47
447,4,Horror,135,Legacy Season 135,1996,59,5939,3.66
447,5,Horror,15,Empire Run,2004,56,5566,3.61
448,1,Animation,213,Frontier Dreams 213,2020,70,7622,3.49
448,2,Animation,227,Legacy Stories,2006,78,6931,3.37
448,3,Animation,176,Witness City 176,2020,67,6803,3.6
448,4,Animation,76,Pulse House,2025,74,6545,3.62
448,5,Animation,39,Horizon City,2013,63,6425,3.38
449,1,Documentary,325,Pulse Protocol 325,2024,59,6282,3.44
449,2,Documentary,117,Horizon Run 117,2010,58,5853,3.59
449,3,Documentary,273,Voyage Protocol 273,2006,55,5687,3.73
449,4,Documentary,338,Horizon Run 338,1993,57,5644,3.35
449,5,Documentary,222,Frontier Road 222,2025,52,5283,3.42
450,1,Action,294,Frontier Run 294,2011,65,6237,3.55
450,2,Action,336,Midnight Dreams 336,1991,62,6132,3.6
450,3,Action,122,Voyage House 122,2013,61,6103,3.39
450,4,Action,270,Circuit Files 270,2025,57,6034,3.84
450,5,Action,324,Circuit Road 324,1992,58,5867,3.45
451,1,Comedy,78,Midnight Files 78,2009,57,6133,3.6
451,2,Comedy,305,Frontier Dreams 305,2007,49,5190,3.57
451,3,Comedy,344,Empire Dreams 344,1993,45,5058,3.49
451,4,Comedy,186,Archive House,1995,52,5033,3.58
451,5,Comedy,45,Empire Run 45,2004,46,4702,3.67
452,1,Action,101,Empire Dreams 101,2023,66,6436,3.17
452,2,Action,13,Frontier Stories 13,1993,61,6280,3.62
452,3,Action,294,Frontier Run 294,2011,65,6237,3.55
452,4,Action,122,Voyage House 122,2013,61,6103,3.39
452,5,Action,270,Circuit Files 270,2025,57,6034,3.84
453,1,Action,101,Empire Dreams 101,2023,66,6436,3.17
453,2,Action,13,Frontier Stories 13,1993,61,6280,3.62
453,3,Action,294,Frontier Run 294,2011,65,6237,3.55
453,4,Action,336,Midnight Dreams 336,1991,62,6132,3.6
453,5,Action,122,Voyage House 122,2013,61,6103,3.39
454,1,Crime,179,Midnight Road 179,2010,58,5842,3.31
454,2,Crime,205,Horizon Files,2018,49,5247,3.78
454,3,Crime,304,Horizon Protocol 304,1990,51,5140,3.9
454,4,Crime,152,Horizon Protocol 152,2016,52,5129,3.1
454,5,Crime,212,Signal Run 212,1994,48,4987,3.69
455,1,Sci-Fi,169,Voyage House 169,2022,64,6660,3.55
455,2,Sci-Fi,265,Voyage Run 265,2014,57,5967,3.86
455,3,Sci-Fi,36,Pulse Run,1999,61,5807,3.54
455,4,Sci-Fi,83,Circuit Protocol 83,1995,62,5789,3.65
455,5,Sci-Fi,202,Legacy Season 202,2018,56,5424,3.2
456,1,Horror,56,Midnight City,2017,68,6902,3.37
456,2,Horror,139,Circuit Run,2000,67,6192,3.64
456,3,Horror,318,Signal Protocol 318,2018,53,5978,3.47
456,4,Horror,135,Legacy Season 135,1996,59,5939,3.66
456,5,Horror,163,Legacy Diaries 163,2021,58,5859,3.69
457,1,Animation,209,Empire Diaries 209,1998,78,7841,3.45
457,2,Animation,213,Frontier Dreams 213,2020,70,7622,3.49
457,3,Animation,227,Legacy Stories,2006,78,6931,3.37
457,4,Animation,196,Archive Dreams 196,1992,69,6770,3.33
457,5,Animation,134,Empire Road,1999,71,6580,3.56
458,1,Sci-Fi,169,Voyage House 169,2022,64,6660,3.55
458,2,Sci-Fi,253,Voyage Protocol 253,2002,65,6502,3.26
458,3,Sci-Fi,265,Voyage Run 265,2014,57,5967,3.86
458,4,Sci-Fi,83,Circuit Protocol 83,1995,62,5789,3.65
458,5,Sci-Fi,91,Empire Files,2008,56,5168,3.38
459,1,Animation,213,Frontier Dreams 213,2020,70,7622,3.49
459,2,Animation,227,Legacy Stories,2006,78,6931,3.37
459,3,Animation,176,Witness City 176,2020,67,6803,3.6
459,4,Animation,196,Archive Dreams 196,1992,69,6770,3.33
459,5,Animation,134,Empire Road,1999,71,6580,3.56
460,1,Romance,61,Frontier City 61,2017,64,6568,3.19
460,2,Romance,108,Signal City,2018,60,6327,3.4
460,3,Romance,9,Circuit Season,2009,60,5957,3.3
460,4,Romance,243,Pulse House 243,2005,49,5160,3.61
460,5,Romance,153,Midnight Dreams 153,2005,49,5008,3.41
461,1,Documentary,325,Pulse Protocol 325,2024,59,6282,3.44
461,2,Documentary,117,Horizon Run 117,2010,58,5853,3.59
461,3,Documentary,273,Voyage Protocol 273,2006,55,5687,3.73
461,4,Documentary,338,Horizon Run 338,1993,57,5644,3.35
461,5,Documentary,222,Frontier Road 222,2025,52,5283,3.42
462,1,Thriller,302,Pulse House 302,2015,53,5684,3.28
462,2,Thriller,130,Frontier House 130,2011,49,5284,3.57
462,3,Thriller,133,Signal Road 133,2021,48,5039,3.52
462,4,Thriller,254,Kingdom House 254,1992,50,4823,3.44
462,5,Thriller,328,Witness Dreams 328,2014,50,4606,3.7
463,1,Action,101,Empire Dreams 101,2023,66,6436,3.17
463,2,Action,294,Frontier Run 294,2011,65,6237,3.55
463,3,Action,336,Midnight Dreams 336,1991,62,6132,3.6
463,4,Action,324,Circuit Road 324,1992,58,5867,3.45
463,5,Action,271,Archive City 271,2010,57,5276,3.42
464,1,Action,101,Empire Dreams 101,2023,66,6436,3.17
464,2,Action,294,Frontier Run 294,2011,65,6237,3.55
464,3,Action,270,Circuit Files 270,2025,57,6034,3.84
464,4,Action,278,Frontier Diaries 278,2024,62,5704,3.21
464,5,Action,104,Voyage Diaries,2002,57,5280,3.05
465,1,Documentary,117,Horizon Run 117,2010,58,5853,3.59
465,2,Documentary,273,Voyage Protocol 273,2006,55,5687,3.73
465,3,Documentary,338,Horizon Run 338,1993,57,5644,3.35
465,4,Documentary,222,Frontier Road 222,2025,52,5283,3.42
465,5,Documentary,224,Legacy House 224,1999,55,5111,3.58
466,1,Romance,61,Frontier City 61,2017,64,6568,3.19
466,2,Romance,108,Signal City,2018,60,6327,3.4
466,3,Romance,57,Witness Diaries 57,2018,52,5380,3.58
466,4,Romance,97,Archive Run 97,2015,50,5249,3.52
466,5,Romance,243,Pulse House 243,2005,49,5160,3.61
467,1,Sci-Fi,253,Voyage Protocol 253,2002,65,6502,3.26
467,2,Sci-Fi,265,Voyage Run 265,2014,57,5967,3.86
467,3,Sci-Fi,36,Pulse Run,1999,61,5807,3.54
467,4,Sci-Fi,83,Circuit Protocol 83,1995,62,5789,3.65
467,5,Sci-Fi,91,Empire Files,2008,56,5168,3.38
468,1,Action,101,Empire Dreams 101,2023,66,6436,3.17
468,2,Action,13,Frontier Stories 13,1993,61,6280,3.62
468,3,Action,160,Voyage Run 160,1997,58,5748,3.67
468,4,Action,271,Archive City 271,2010,57,5276,3.42
468,5,Action,264,Circuit Stories 264,2000,49,5275,3.65
469,1,Comedy,78,Midnight Files 78,2009,57,6133,3.6
469,2,Comedy,344,Empire Dreams 344,1993,45,5058,3.49
469,3,Comedy,217,Witness Run 217,1998,52,5018,3.63
469,4,Comedy,263,Kingdom City 263,2004,42,4426,3.9
469,5,Comedy,59,Legacy Files 59,2025,44,4400,3.64
470,1,Animation,213,Frontier Dreams 213,2020,70,7622,3.49
470,2,Animation,227,Legacy Stories,2006,78,6931,3.37
470,3,Animation,176,Witness City 176,2020,67,6803,3.6
470,4,Animation,134,Empire Road,1999,71,6580,3.56
470,5,Animation,39,Horizon City,2013,63,6425,3.38
471,1,Crime,291,Signal Dreams 291,2001,59,5547,3.42
471,2,Crime,205,Horizon Files,2018,49,5247,3.78
471,3,Crime,304,Horizon Protocol 304,1990,51,5140,3.9
471,4,Crime,152,Horizon Protocol 152,2016,52,5129,3.1
471,5,Crime,296,Voyage City 296,1998,48,5031,3.44
472,1,Sci-Fi,169,Voyage House 169,2022,64,6660,3.55
472,2,Sci-Fi,265,Voyage Run 265,2014,57,5967,3.86
472,3,Sci-Fi,83,Circuit Protocol 83,1995,62,5789,3.65
472,4,Sci-Fi,202,Legacy Season 202,2018,56,5424,3.2
472,5,Sci-Fi,91,Empire Files,2008,56,5168,3.38
473,1,Sci-Fi,253,Voyage Protocol 253,2002,65,6502,3.26
473,2,Sci-Fi,184,Pulse Dreams,2014,54,5177,3.5
473,3,Sci-Fi,298,Archive Files 298,2006,50,5108,3.58
473,4,Sci-Fi,228,Witness Road 228,2016,46,5054,3.33
473,5,Sci-Fi,103,Empire Protocol,1994,48,4940,3.29
474,1,Thriller,302,Pulse House 302,2015,53,5684,3.28
474,2,Thriller,130,Frontier House 130,2011,49,5284,3.57
474,3,Thriller,133,Signal Road 133,2021,48,5039,3.52
474,4,Thriller,232,Signal City 232,2019,49,4626,3.63
474,5,Thriller,328,Witness Dreams 328,2014,50,4606,3.7
475,1,Sci-Fi,253,Voyage Protocol 253,2002,65,6502,3.26
475,2,Sci-Fi,265,Voyage Run 265,2014,57,5967,3.86
475,3,Sci-Fi,36,Pulse Run,1999,61,5807,3.54
475,4,Sci-Fi,83,Circuit Protocol 83,1995,62,5789,3.65
475,5,Sci-Fi,202,Legacy Season 202,2018,56,5424,3.2
476,1,Documentary,325,Pulse Protocol 325,2024,59,6282,3.44
476,2,Documentary,117,Horizon Run 117,2010,58,5853,3.59
476,3,Documentary,273,Voyage Protocol 273,2006,55,5687,3.73
476,4,Documentary,16,Witness Road,1998,49,4965,3.49
476,5,Documentary,121,Midnight Road,2018,55,4929,3.24
477,1,Documentary,325,Pulse Protocol 325,2024,59,6282,3.44
477,2,Documentary,117,Horizon Run 117,2010,58,5853,3.59
477,3,Documentary,273,Voyage Protocol 273,2006,55,5687,3.73
477,4,Documentary,222,Frontier Road 222,2025,52,5283,3.42
477,5,Documentary,165,Kingdom Road 165,2008,53,5088,3.66
478,1,Documentary,325,Pulse Protocol 325,2024,59,6282,3.44
478,2,Documentary,273,Voyage Protocol 273,2006,55,5687,3.73
478,3,Documentary,338,Horizon Run 338,1993,57,5644,3.35
478,4,Documentary,222,Frontier Road 222,2025,52,5283,3.42
478,5,Documentary,224,Legacy House 224,1999,55,5111,3.58
479,1,Horror,56,Midnight City,2017,68,6902,3.37
479,2,Horror,139,Circuit Run,2000,67,6192,3.64
479,3,Horror,318,Signal Protocol 318,2018,53,5978,3.47
479,4,Horror,135,Legacy Season 135,1996,59,5939,3.66
479,5,Horror,163,Legacy Diaries 163,2021,58,5859,3.69
480,1,Animation,209,Empire Diaries 209,1998,78,7841,3.45
480,2,Animation,213,Frontier Dreams 213,2020,70,7622,3.49
480,3,Animation,176,Witness City 176,2020,67,6803,3.6
480,4,Animation,76,Pulse House,2025,74,6545,3.62
480,5,Animation,39,Horizon City,2013,63,6425,3.38
481,1,Comedy,78,Midnight Files 78,2009,57,6133,3.6
481,2,Comedy,344,Empire Dreams 344,1993,45,5058,3.49
481,3,Comedy,217,Witness Run 217,1998,52,5018,3.63
481,4,Comedy,249,Kingdom House 249,2025,45,4240,3.47
481,5,Comedy,20,Archive Dreams,1998,45,4170,3.2
482,1,Sci-Fi,169,Voyage House 169,2022,64,6660,3.55
482,2,Sci-Fi,36,Pulse Run,1999,61,5807,3.54
482,3,Sci-Fi,83,Circuit Protocol 83,1995,62,5789,3.65
482,4,Sci-Fi,202,Legacy Season 202,2018,56,5424,3.2
482,5,Sci-Fi,184,Pulse Dreams,2014,54,5177,3.5
483,1,Sci-Fi,169,Voyage House 169,2022,64,6660,3.55
483,2,Sci-Fi,265,Voyage Run 265,2014,57,5967,3.86
483,3,Sci-Fi,36,Pulse Run,1999,61,5807,3.54
483,4,Sci-Fi,83,Circuit Protocol 83,1995,62,5789,3.65
483,5,Sci-Fi,202,Legacy Season 202,2018,56,5424,3.2
484,1,Drama,246,Frontier House 246,1996,42,4743,3.57
484,2,Drama,283,Voyage Season 283,2005,37,3842,3.49
484,3,Drama,80,Kingdom Dreams,1991,34,3379,3.59
484,4,Drama,27,Frontier House 27,2013,33,3304,3.7
484,5,Drama,48,Frontier Files 48,1991,35,3255,3.74
485,1,Documentary,325,Pulse Protocol 325,2024,59,6282,3.44
485,2,Documentary,273,Voyage Protocol 273,2006,55,5687,3.73
485,3,Documentary,224,Legacy House 224,1999,55,5111,3.58
485,4,Documentary,111,Horizon City 111,2007,50,5083,3.66
485,5,Documentary,16,Witness Road,1998,49,4965,3.49
486,1,Romance,61,Frontier City 61,2017,64,6568,3.19
486,2,Romance,108,Signal City,2018,60,6327,3.4
486,3,Romance,9,Circuit Season,2009,60,5957,3.3
486,4,Romance,57,Witness Diaries 57,2018,52,5380,3.58
486,5,Romance,97,Archive Run 97,2015,50,5249,3.52
487,1,Crime,179,Midnight Road 179,2010,58,5842,3.31
487,2,Crime,291,Signal Dreams 291,2001,59,5547,3.42
487,3,Crime,205,Horizon Files,2018,49,5247,3.78
487,4,Crime,220,Signal Protocol 220,2004,46,4986,3.33
487,5,Crime,17,Witness Diaries,1992,49,4890,3.47
488,1,Action,101,Empire Dreams 101,2023,66,6436,3.17
488,2,Action,13,Frontier Stories 13,1993,61,6280,3.62
488,3,Action,336,Midnight Dreams 336,1991,62,6132,3.6
488,4,Action,122,Voyage House 122,2013,61,6103,3.39
488,5,Action,270,Circuit Files 270,2025,57,6034,3.84
489,1,Comedy,305,Frontier Dreams 305,2007,49,5190,3.57
489,2,Comedy,344,Empire Dreams 344,1993,45,5058,3.49
489,3,Comedy,186,Archive House,1995,52,5033,3.58
489,4,Comedy,217,Witness Run 217,1998,52,5018,3.63
489,5,Comedy,45,Empire Run 45,2004,46,4702,3.67
490,1,Thriller,302,Pulse House 302,2015,53,5684,3.28
490,2,Thriller,130,Frontier House 130,2011,49,5284,3.57
490,3,Thriller,133,Signal Road 133,2021,48,5039,3.52
490,4,Thriller,254,Kingdom House 254,1992,50,4823,3.44
490,5,Thriller,232,Signal City 232,2019,49,4626,3.63
491,1,Animation,209,Empire Diaries 209,1998,78,7841,3.45
491,2,Animation,227,Legacy Stories,2006,78,6931,3.37
491,3,Animation,196,Archive Dreams 196,1992,69,6770,3.33
491,4,Animation,134,Empire Road,1999,71,6580,3.56
491,5,Animation,76,Pulse House,2025,74,6545,3.62
492,1,Animation,209,Empire Diaries 209,1998,78,7841,3.45
492,2,Animation,213,Frontier Dreams 213,2020,70,7622,3.49
492,3,Animation,227,Legacy Stories,2006,78,6931,3.37
492,4,Animation,134,Empire Road,1999,71,6580,3.56
492,5,Animation,76,Pulse House,2025,74,6545,3.62
493,1,Thriller,302,Pulse House 302,2015,53,5684,3.28
493,2,Thriller,130,Frontier House 130,2011,49,5284,3.57
493,3,Thriller,133,Signal Road 133,2021,48,5039,3.52
493,4,Thriller,254,Kingdom House 254,1992,50,4823,3.44
493,5,Thriller,328,Witness Dreams 328,2014,50,4606,3.7
494,1,Romance,61,Frontier City 61,2017,64,6568,3.19
494,2,Romance,9,Circuit Season,2009,60,5957,3.3
494,3,Romance,57,Witness Diaries 57,2018,52,5380,3.58
494,4,Romance,97,Archive Run 97,2015,50,5249,3.52
494,5,Romance,243,Pulse House 243,2005,49,5160,3.61
495,1,Thriller,302,Pulse House 302,2015,53,5684,3.28
495,2,Thriller,130,Frontier House 130,2011,49,5284,3.57
495,3,Thriller,232,Signal City 232,2019,49,4626,3.63
495,4,Thriller,328,Witness Dreams 328,2014,50,4606,3.7
495,5,Thriller,323,Circuit Stories 323,1990,46,4490,3.63
496,1,Romance,108,Signal City,2018,60,6327,3.4
496,2,Romance,9,Circuit Season,2009,60,5957,3.3
496,3,Romance,243,Pulse House 243,2005,49,5160,3.61
496,4,Romance,153,Midnight Dreams 153,2005,49,5008,3.41
496,5,Romance,145,Frontier Dreams,2016,49,4738,3.45
497,1,Romance,61,Frontier City 61,2017,64,6568,3.19
497,2,Romance,57,Witness Diaries 57,2018,52,5380,3.58
497,3,Romance,97,Archive Run 97,2015,50,5249,3.52
497,4,Romance,243,Pulse House 243,2005,49,5160,3.61
497,5,Romance,145,Frontier Dreams,2016,49,4738,3.45
498,1,Comedy,78,Midnight Files 78,2009,57,6133,3.6
498,2,Comedy,305,Frontier Dreams 305,2007,49,5190,3.57
498,3,Comedy,344,Empire Dreams 344,1993,45,5058,3.49
498,4,Comedy,186,Archive House,1995,52,5033,3.58
498,5,Comedy,217,Witness Run 217,1998,52,5018,3.63
499,1,Sci-Fi,169,Voyage House 169,2022,64,6660,3.55
499,2,Sci-Fi,265,Voyage Run 265,2014,57,5967,3.86
499,3,Sci-Fi,83,Circuit Protocol 83,1995,62,5789,3.65
499,4,Sci-Fi,298,Archive Files 298,2006,50,5108,3.58
499,5,Sci-Fi,228,Witness Road 228,2016,46,5054,3.33
500,1,Drama,246,Frontier House 246,1996,42,4743,3.57
500,2,Drama,283,Voyage Season 283,2005,37,3842,3.49
500,3,Drama,80,Kingdom Dreams,1991,34,3379,3.59
500,4,Drama,27,Frontier House 27,2013,33,3304,3.7
500,5,Drama,48,Frontier Files 48,1991,35,3255,3.74
501,1,Comedy,78,Midnight Files 78,2009,57,6133,3.6
501,2,Comedy,305,Frontier Dreams 305,2007,49,5190,3.57
501,3,Comedy,344,Empire Dreams 344,1993,45,5058,3.49
501,4,Comedy,186,Archive House,1995,52,5033,3.58
501,5,Comedy,217,Witness Run 217,1998,52,5018,3.63
502,1,Sci-Fi,169,Voyage House 169,2022,64,6660,3.55
502,2,Sci-Fi,253,Voyage Protocol 253,2002,65,6502,3.26
502,3,Sci-Fi,36,Pulse Run,1999,61,5807,3.54
502,4,Sci-Fi,83,Circuit Protocol 83,1995,62,5789,3.65
502,5,Sci-Fi,202,Legacy Season 202,2018,56,5424,3.2
503,1,Action,101,Empire Dreams 101,2023,66,6436,3.17
503,2,Action,13,Frontier Stories 13,1993,61,6280,3.62
503,3,Action,294,Frontier Run 294,2011,65,6237,3.55
503,4,Action,336,Midnight Dreams 336,1991,62,6132,3.6
503,5,Action,122,Voyage House 122,2013,61,6103,3.39
504,1,Horror,139,Circuit Run,2000,67,6192,3.64
504,2,Horror,318,Signal Protocol 318,2018,53,5978,3.47
504,3,Horror,135,Legacy Season 135,1996,59,5939,3.66
504,4,Horror,251,Voyage Season 251,1997,51,5121,3.49
504,5,Horror,119,Horizon Diaries 119,2011,48,5117,3.75
505,1,Drama,80,Kingdom Dreams,1991,34,3379,3.59
505,2,Drama,330,Signal Protocol 330,2024,29,3203,3.59
505,3,Drama,178,Circuit City 178,2002,32,3091,3.41
505,4,Drama,84,Midnight Files 84,1993,32,3060,3.44
505,5,Drama,164,Kingdom House 164,2022,33,3003,3.12
506,1,Crime,291,Signal Dreams 291,2001,59,5547,3.42
506,2,Crime,205,Horizon Files,2018,49,5247,3.78
506,3,Crime,304,Horizon Protocol 304,1990,51,5140,3.9
506,4,Crime,152,Horizon Protocol 152,2016,52,5129,3.1
506,5,Crime,296,Voyage City 296,1998,48,5031,3.44
507,1,Thriller,302,Pulse House 302,2015,53,5684,3.28
507,2,Thriller,130,Frontier House 130,2011,49,5284,3.57
507,3,Thriller,133,Signal Road 133,2021,48,5039,3.52
507,4,Thriller,232,Signal City 232,2019,49,4626,3.63
507,5,Thriller,199,Voyage Protocol 199,2007,46,4517,3.63
508,1,Comedy,78,Midnight Files 78,2009,57,6133,3.6
508,2,Comedy,305,Frontier Dreams 305,2007,49,5190,3.57
508,3,Comedy,344,Empire Dreams 344,1993,45,5058,3.49
508,4,Comedy,45,Empire Run 45,2004,46,4702,3.67
508,5,Comedy,350,Empire Road 350,1999,49,4700,3.53
509,1,Comedy,78,Midnight Files 78,2009,57,6133,3.6
509,2,Comedy,305,Frontier Dreams 305,2007,49,5190,3.57
509,3,Comedy,344,Empire Dreams 344,1993,45,5058,3.49
509,4,Comedy,186,Archive House,1995,52,5033,3.58
509,5,Comedy,217,Witness Run 217,1998,52,5018,3.63
510,1,Horror,56,Midnight City,2017,68,6902,3.37
510,2,Horror,318,Signal Protocol 318,2018,53,5978,3.47
510,3,Horror,135,Legacy Season 135,1996,59,5939,3.66
510,4,Horror,23,Frontier Protocol,2019,51,5585,3.76
510,5,Horror,10,Empire Dreams,1996,51,5303,3.76
511,1,Crime,304,Horizon Protocol 304,1990,51,5140,3.9
511,2,Crime,152,Horizon Protocol 152,2016,52,5129,3.1
511,3,Crime,296,Voyage City 296,1998,48,5031,3.44
511,4,Crime,212,Signal Run 212,1994,48,4987,3.69
511,5,Crime,220,Signal Protocol 220,2004,46,4986,3.33
512,1,Documentary,325,Pulse Protocol 325,2024,59,6282,3.44
512,2,Documentary,117,Horizon Run 117,2010,58,5853,3.59
512,3,Documentary,273,Voyage Protocol 273,2006,55,5687,3.73
512,4,Documentary,338,Horizon Run 338,1993,57,5644,3.35
512,5,Documentary,111,Horizon City 111,2007,50,5083,3.66
513,1,Thriller,302,Pulse House 302,2015,53,5684,3.28
513,2,Thriller,133,Signal Road 133,2021,48,5039,3.52
513,3,Thriller,232,Signal City 232,2019,49,4626,3.63
513,4,Thriller,328,Witness Dreams 328,2014,50,4606,3.7
513,5,Thriller,199,Voyage Protocol 199,2007,46,4517,3.63
514,1,Romance,57,Witness Diaries 57,2018,52,5380,3.58
514,2,Romance,243,Pulse House 243,2005,49,5160,3.61
514,3,Romance,120,Circuit Diaries,2001,47,4627,3.4
514,4,Romance,256,Horizon House 256,2022,43,4452,3.67
514,5,Romance,115,Kingdom Run,2019,40,4437,3.48
515,1,Romance,61,Frontier City 61,2017,64,6568,3.19
515,2,Romance,108,Signal City,2018,60,6327,3.4
515,3,Romance,9,Circuit Season,2009,60,5957,3.3
515,4,Romance,57,Witness Diaries 57,2018,52,5380,3.58
515,5,Romance,97,Archive Run 97,2015,50,5249,3.52
516,1,Comedy,305,Frontier Dreams 305,2007,49,5190,3.57
516,2,Comedy,186,Archive House,1995,52,5033,3.58
516,3,Comedy,217,Witness Run 217,1998,52,5018,3.63
516,4,Comedy,45,Empire Run 45,2004,46,4702,3.67
516,5,Comedy,59,Legacy Files 59,2025,44,4400,3.64
517,1,Thriller,302,Pulse House 302,2015,53,5684,3.28
517,2,Thriller,133,Signal Road 133,2021,48,5039,3.52
517,3,Thriller,254,Kingdom House 254,1992,50,4823,3.44
517,4,Thriller,232,Signal City 232,2019,49,4626,3.63
517,5,Thriller,328,Witness Dreams 328,2014,50,4606,3.7
518,1,Action,13,Frontier Stories 13,1993,61,6280,3.62
518,2,Action,294,Frontier Run 294,2011,65,6237,3.55
518,3,Action,122,Voyage House 122,2013,61,6103,3.39
518,4,Action,324,Circuit Road 324,1992,58,5867,3.45
518,5,Action,160,Voyage Run 160,1997,58,5748,3.67
519,1,Crime,179,Midnight Road 179,2010,58,5842,3.31
519,2,Crime,291,Signal Dreams 291,2001,59,5547,3.42
519,3,Crime,205,Horizon Files,2018,49,5247,3.78
519,4,Crime,152,Horizon Protocol 152,2016,52,5129,3.1
519,5,Crime,296,Voyage City 296,1998,48,5031,3.44
520,1,Horror,56,Midnight City,2017,68,6902,3.37
520,2,Horror,139,Circuit Run,2000,67,6192,3.64
520,3,Horror,135,Legacy Season 135,1996,59,5939,3.66
520,4,Horror,163,Legacy Diaries 163,2021,58,5859,3.69
520,5,Horror,14,Kingdom City,2008,51,5242,3.73
521,1,Thriller,133,Signal Road 133,2021,48,5039,3.52
521,2,Thriller,254,Kingdom House 254,1992,50,4823,3.44
521,3,Thriller,199,Voyage Protocol 199,2007,46,4517,3.63
521,4,Thriller,66,Witness Season 66,1999,45,4510,3.36
521,5,Thriller,74,Empire Diaries,2025,46,4469,3.48
522,1,Documentary,325,Pulse Protocol 325,2024,59,6282,3.44
522,2,Documentary,117,Horizon Run 117,2010,58,5853,3.59
522,3,Documentary,273,Voyage Protocol 273,2006,55,5687,3.73
522,4,Documentary,338,Horizon Run 338,1993,57,5644,3.35
522,5,Documentary,224,Legacy House 224,1999,55,5111,3.58
523,1,Comedy,305,Frontier Dreams 305,2007,49,5190,3.57
523,2,Comedy,344,Empire Dreams 344,1993,45,5058,3.49
523,3,Comedy,186,Archive House,1995,52,5033,3.58
523,4,Comedy,350,Empire Road 350,1999,49,4700,3.53
523,5,Comedy,59,Legacy Files 59,2025,44,4400,3.64
524,1,Drama,80,Kingdom Dreams,1991,34,3379,3.59
524,2,Drama,27,Frontier House 27,2013,33,3304,3.7
524,3,Drama,330,Signal Protocol 330,2024,29,3203,3.59
524,4,Drama,178,Circuit City 178,2002,32,3091,3.41
524,5,Drama,84,Midnight Files 84,1993,32,3060,3.44
525,1,Documentary,325,Pulse Protocol 325,2024,59,6282,3.44
525,2,Documentary,117,Horizon Run 117,2010,58,5853,3.59
525,3,Documentary,273,Voyage Protocol 273,2006,55,5687,3.73
525,4,Documentary,222,Frontier Road 222,2025,52,5283,3.42
525,5,Documentary,224,Legacy House 224,1999,55,5111,3.58
526,1,Action,13,Frontier Stories 13,1993,61,6280,3.62
526,2,Action,294,Frontier Run 294,2011,65,6237,3.55
526,3,Action,336,Midnight Dreams 336,1991,62,6132,3.6
526,4,Action,270,Circuit Files 270,2025,57,6034,3.84
526,5,Action,2,Signal Road,2001,55,5899,3.75
527,1,Thriller,302,Pulse House 302,2015,53,5684,3.28
527,2,Thriller,130,Frontier House 130,2011,49,5284,3.57
527,3,Thriller,254,Kingdom House 254,1992,50,4823,3.44
527,4,Thriller,232,Signal City 232,2019,49,4626,3.63
527,5,Thriller,328,Witness Dreams 328,2014,50,4606,3.7
528,1,Comedy,78,Midnight Files 78,2009,57,6133,3.6
528,2,Comedy,305,Frontier Dreams 305,2007,49,5190,3.57
528,3,Comedy,186,Archive House,1995,52,5033,3.58
528,4,Comedy,59,Legacy Files 59,2025,44,4400,3.64
528,5,Comedy,167,Kingdom Dreams 167,1995,43,4392,3.7
529,1,Horror,56,Midnight City,2017,68,6902,3.37
529,2,Horror,135,Legacy Season 135,1996,59,5939,3.66
529,3,Horror,163,Legacy Diaries 163,2021,58,5859,3.69
529,4,Horror,23,Frontier Protocol,2019,51,5585,3.76
529,5,Horror,14,Kingdom City,2008,51,5242,3.73
530,1,Horror,139,Circuit Run,2000,67,6192,3.64
530,2,Horror,135,Legacy Season 135,1996,59,5939,3.66
530,3,Horror,163,Legacy Diaries 163,2021,58,5859,3.69
530,4,Horror,23,Frontier Protocol,2019,51,5585,3.76
530,5,Horror,10,Empire Dreams,1996,51,5303,3.76
531,1,Thriller,130,Frontier House 130,2011,49,5284,3.57
531,2,Thriller,133,Signal Road 133,2021,48,5039,3.52
531,3,Thriller,232,Signal City 232,2019,49,4626,3.63
531,4,Thriller,328,Witness Dreams 328,2014,50,4606,3.7
531,5,Thriller,199,Voyage Protocol 199,2007,46,4517,3.63
532,1,Thriller,302,Pulse House 302,2015,53,5684,3.28
532,2,Thriller,130,Frontier House 130,2011,49,5284,3.57
532,3,Thriller,133,Signal Road 133,2021,48,5039,3.52
532,4,Thriller,254,Kingdom House 254,1992,50,4823,3.44
532,5,Thriller,199,Voyage Protocol 199,2007,46,4517,3.63
533,1,Horror,139,Circuit Run,2000,67,6192,3.64
533,2,Horror,318,Signal Protocol 318,2018,53,5978,3.47
533,3,Horror,135,Legacy Season 135,1996,59,5939,3.66
533,4,Horror,163,Legacy Diaries 163,2021,58,5859,3.69
533,5,Horror,10,Empire Dreams,1996,51,5303,3.76
534,1,Thriller,302,Pulse House 302,2015,53,5684,3.28
534,2,Thriller,130,Frontier House 130,2011,49,5284,3.57
534,3,Thriller,133,Signal Road 133,2021,48,5039,3.52
534,4,Thriller,232,Signal City 232,2019,49,4626,3.63
534,5,Thriller,199,Voyage Protocol 199,2007,46,4517,3.63
535,1,Animation,209,Empire Diaries 209,1998,78,7841,3.45
535,2,Animation,213,Frontier Dreams 213,2020,70,7622,3.49
535,3,Animation,227,Legacy Stories,2006,78,6931,3.37
535,4,Animation,176,Witness City 176,2020,67,6803,3.6
535,5,Animation,196,Archive Dreams 196,1992,69,6770,3.33
536,1,Horror,139,Circuit Run,2000,67,6192,3.64
536,2,Horror,135,Legacy Season 135,1996,59,5939,3.66
536,3,Horror,163,Legacy Diaries 163,2021,58,5859,3.69
536,4,Horror,23,Frontier Protocol,2019,51,5585,3.76
536,5,Horror,10,Empire Dreams,1996,51,5303,3.76
537,1,Sci-Fi,169,Voyage House 169,2022,64,6660,3.55
537,2,Sci-Fi,36,Pulse Run,1999,61,5807,3.54
537,3,Sci-Fi,184,Pulse Dreams,2014,54,5177,3.5
537,4,Sci-Fi,91,Empire Files,2008,56,5168,3.38
537,5,Sci-Fi,298,Archive Files 298,2006,50,5108,3.58
538,1,Comedy,78,Midnight Files 78,2009,57,6133,3.6
538,2,Comedy,305,Frontier Dreams 305,2007,49,5190,3.57
538,3,Comedy,344,Empire Dreams 344,1993,45,5058,3.49
538,4,Comedy,186,Archive House,1995,52,5033,3.58
538,5,Comedy,217,Witness Run 217,1998,52,5018,3.63
539,1,Drama,283,Voyage Season 283,2005,37,3842,3.49
539,2,Drama,80,Kingdom Dreams,1991,34,3379,3.59
539,3,Drama,27,Frontier House 27,2013,33,3304,3.7
539,4,Drama,67,Witness City 67,1995,32,3248,3.88
539,5,Drama,330,Signal Protocol 330,2024,29,3203,3.59
540,1,Crime,179,Midnight Road 179,2010,58,5842,3.31
540,2,Crime,291,Signal Dreams 291,2001,59,5547,3.42
540,3,Crime,205,Horizon Files,2018,49,5247,3.78
540,4,Crime,304,Horizon Protocol 304,1990,51,5140,3.9
540,5,Crime,152,Horizon Protocol 152,2016,52,5129,3.1
541,1,Horror,56,Midnight City,2017,68,6902,3.37
541,2,Horror,139,Circuit Run,2000,67,6192,3.64
541,3,Horror,318,Signal Protocol 318,2018,53,5978,3.47
541,4,Horror,135,Legacy Season 135,1996,59,5939,3.66
541,5,Horror,163,Legacy Diaries 163,2021,58,5859,3.69
542,1,Sci-Fi,169,Voyage House 169,2022,64,6660,3.55
542,2,Sci-Fi,265,Voyage Run 265,2014,57,5967,3.86
542,3,Sci-Fi,83,Circuit Protocol 83,1995,62,5789,3.65
542,4,Sci-Fi,298,Archive Files 298,2006,50,5108,3.58
542,5,Sci-Fi,228,Witness Road 228,2016,46,5054,3.33
543,1,Drama,246,Frontier House 246,1996,42,4743,3.57
543,2,Drama,283,Voyage Season 283,2005,37,3842,3.49
543,3,Drama,80,Kingdom Dreams,1991,34,3379,3.59
543,4,Drama,27,Frontier House 27,2013,33,3304,3.7
543,5,Drama,48,Frontier Files 48,1991,35,3255,3.74
544,1,Thriller,302,Pulse House 302,2015,53,5684,3.28
544,2,Thriller,130,Frontier House 130,2011,49,5284,3.57
544,3,Thriller,254,Kingdom House 254,1992,50,4823,3.44
544,4,Thriller,232,Signal City 232,2019,49,4626,3.63
544,5,Thriller,328,Witness Dreams 328,2014,50,4606,3.7
545,1,Horror,139,Circuit Run,2000,67,6192,3.64
545,2,Horror,318,Signal Protocol 318,2018,53,5978,3.47
545,3,Horror,135,Legacy Season 135,1996,59,5939,3.66
545,4,Horror,23,Frontier Protocol,2019,51,5585,3.76
545,5,Horror,15,Empire Run,2004,56,5566,3.61
546,1,Horror,56,Midnight City,2017,68,6902,3.37
546,2,Horror,318,Signal Protocol 318,2018,53,5978,3.47
546,3,Horror,163,Legacy Diaries 163,2021,58,5859,3.69
546,4,Horror,23,Frontier Protocol,2019,51,5585,3.76
546,5,Horror,15,Empire Run,2004,56,5566,3.61
547,1,Documentary,325,Pulse Protocol 325,2024,59,6282,3.44
547,2,Documentary,117,Horizon Run 117,2010,58,5853,3.59
547,3,Documentary,273,Voyage Protocol 273,2006,55,5687,3.73
547,4,Documentary,222,Frontier Road 222,2025,52,5283,3.42
547,5,Documentary,224,Legacy House 224,1999,55,5111,3.58
548,1,Crime,291,Signal Dreams 291,2001,59,5547,3.42
548,2,Crime,205,Horizon Files,2018,49,5247,3.78
548,3,Crime,304,Horizon Protocol 304,1990,51,5140,3.9
548,4,Crime,152,Horizon Protocol 152,2016,52,5129,3.1
548,5,Crime,296,Voyage City 296,1998,48,5031,3.44
549,1,Sci-Fi,253,Voyage Protocol 253,2002,65,6502,3.26
549,2,Sci-Fi,265,Voyage Run 265,2014,57,5967,3.86
549,3,Sci-Fi,36,Pulse Run,1999,61,5807,3.54
549,4,Sci-Fi,83,Circuit Protocol 83,1995,62,5789,3.65
549,5,Sci-Fi,184,Pulse Dreams,2014,54,5177,3.5
550,1,Animation,209,Empire Diaries 209,1998,78,7841,3.45
550,2,Animation,213,Frontier Dreams 213,2020,70,7622,3.49
550,3,Animation,227,Legacy Stories,2006,78,6931,3.37
550,4,Animation,196,Archive Dreams 196,1992,69,6770,3.33
550,5,Animation,134,Empire Road,1999,71,6580,3.56
